commence_time,match,strategy_snapshot,selected_score,actual_score,outcome_correct,exact_score_correct,selected_base_points,base_points,exact_bonus_points,realized_points,bookmaker_outcome_probability,bookmaker_exact_score_probability,bookmaker_conditional_bettor_share,bookmaker_nominal_bonus_label,bookmaker_nominal_bonus_points,bookmaker_expected_bonus_points,bookmaker_assessed_expected_points,original_compute_expected_points
2026-06-11T19:00:00Z,Mexico vs South Africa,data/mpg/strategy_snapshots/2026/06/mpg_optimal_strategy_20260614T215016Z.csv,1-0,2-0,True,False,49.0,49.0,0.0,49.0,0.6663531372499512,0.13821451983074048,0.10526315789473684,Tres rare,50.0,50.00000032702528,39.56202976198428,40.361599372493515
2026-06-12T02:00:00Z,South Korea vs Czech Republic,data/mpg/strategy_snapshots/2026/06/mpg_optimal_strategy_20260614T215016Z.csv,2-0,2-1,True,False,96.0,96.0,0.0,96.0,0.3587195240364589,0.06334893361354593,0.14285714285714285,Tres rare,50.0,49.999999889834235,37.60452098119847,38.14102721512523
2026-06-12T19:02:00Z,Canada vs Bosnia & Herzegovina,data/mpg/strategy_snapshots/2026/06/mpg_optimal_strategy_20260614T215016Z.csv,1-0,1-1,False,False,65.0,0.0,0.0,0.0,0.5217616322071589,0.11403279130087114,0.18867924528301888,Tres rare,50.0,47.423972939677505,39.322394102353734,38.04506121576355
2026-06-13T01:02:00Z,USA vs Paraguay,data/mpg/strategy_snapshots/2026/06/mpg_optimal_strategy_20260614T215016Z.csv,1-0,4-1,True,False,74.0,74.0,0.0,74.0,0.47878235736233665,0.11800267401513066,0.23529411764705882,Rare,30.0,30.00416484512312,38.970466128128216,39.519156804975964
2026-06-13T19:04:00Z,Qatar vs Switzerland,data/mpg/strategy_snapshots/2026/06/mpg_optimal_strategy_20260614T215016Z.csv,0-2,1-1,False,False,33.0,0.0,0.0,0.0,0.7708367126340224,0.13413131174508622,0.3595505617977528,Exact,20.0,20.000000012999124,28.120237753568055,31.18747769088261
2026-06-13T22:04:00Z,Brazil vs Morocco,data/mpg/strategy_snapshots/2026/06/mpg_optimal_strategy_20260614T215016Z.csv,1-0,1-1,False,False,55.0,0.0,0.0,0.0,0.5945300644479669,0.11654036185225629,0.14545454545454545,Tres rare,50.0,49.99999950901725,38.526171580031686,39.71284122168005
2026-06-14T01:00:00Z,Haiti vs Scotland,data/mpg/strategy_snapshots/2026/06/mpg_optimal_strategy_20260614T215016Z.csv,0-1,0-1,True,True,44.0,44.0,50.0,94.0,0.6594172972362322,0.11205562538230462,0.09090909090909091,Tres rare,50.0,50.000429685550515,34.61719049619253,34.578704747658506
2026-06-14T04:00:00Z,Australia vs Turkey,data/mpg/strategy_snapshots/2026/06/mpg_optimal_strategy_20260614T215016Z.csv,0-1,2-0,False,False,66.0,0.0,0.0,0.0,0.5327175499922367,0.10923769482158098,0.11428571428571428,Tres rare,50.0,50.00000000128809,40.621243040707384,40.798080925058386
2026-06-14T17:01:00Z,Germany vs Curaçao,data/mpg/strategy_snapshots/2026/06/mpg_optimal_strategy_20260614T215016Z.csv,4-1,7-1,True,False,15.0,15.0,0.0,15.0,0.9217320792114371,0.04963716929839148,0.06557377049180328,Tres rare,50.0,51.193809939661655,16.36709699917622,19.666836942300865
2026-06-14T20:00:00Z,Netherlands vs Japan,data/mpg/strategy_snapshots/2026/06/mpg_optimal_strategy_20260614T215016Z.csv,2-0,2-2,False,False,74.0,0.0,0.0,0.0,0.4791086682594649,0.07831953357160512,0.08108108108108109,Tres rare,50.0,50.01882891781189,39.37149280184134,40.26609489520858
2026-06-14T23:03:00Z,Ivory Coast vs Ecuador,data/mpg/strategy_snapshots/2026/06/mpg_optimal_strategy_20260614T221419Z.csv,0-1,1-0,False,False,85.0,0.0,0.0,0.0,0.4080305768707585,0.12218754142139791,0.26666666666666666,Rare,30.0,29.99570939692971,38.34770101841604,38.7318652693703
2026-06-15T02:00:00Z,Sweden vs Tunisia,data/mpg/strategy_snapshots/2026/06/mpg_optimal_strategy_20260614T221419Z.csv,1-0,5-1,True,False,72.0,72.0,0.0,72.0,0.4866455242012071,0.10946939939800628,0.27631578947368424,Rare,30.0,29.91067903743951,38.31278181230195,39.217656598480964
2026-06-15T16:01:00Z,Spain vs Cape Verde,data/mpg/strategy_snapshots/2026/06/mpg_optimal_strategy_20260614T221419Z.csv,2-0,0-0,False,False,16.0,0.0,0.0,0.0,0.8761844833042503,0.1234328826412814,0.15517241379310345,Tres rare,50.0,49.999926315740076,20.190586769871466,21.19682327950677
2026-06-15T19:00:00Z,Belgium vs Egypt,data/mpg/strategy_snapshots/2026/06/mpg_optimal_strategy_20260614T221419Z.csv,1-0,1-1,False,False,57.0,0.0,0.0,0.0,0.5750887185749816,0.11343228731232631,0.09210526315789473,Tres rare,50.0,50.00025477644269,38.45170022426491,38.761709802995085
2026-06-15T22:03:00Z,Saudi Arabia vs Uruguay,data/mpg/strategy_snapshots/2026/06/mpg_optimal_strategy_20260614T221419Z.csv,0-1,1-1,False,False,50.0,0.0,0.0,0.0,0.6443462703035279,0.12567331196541498,0.17307692307692307,Tres rare,50.0,49.92904055456469,38.49206140492406,37.835420152561056
2026-06-16T01:03:00Z,Iran vs New Zealand,data/mpg/strategy_snapshots/2026/06/mpg_optimal_strategy_20260614T221419Z.csv,1-0,2-2,False,False,63.0,0.0,0.0,0.0,0.5001350923538528,0.12569533679290856,0.3157894736842105,Exact,20.0,20.571740648711003,34.09428268754883,35.73445840338804
2026-06-16T19:02:00Z,France vs Senegal,data/mpg/strategy_snapshots/2026/06/mpg_optimal_strategy_20260616T094426Z.csv,1-0,3-1,True,False,46.0,46.0,0.0,46.0,0.6621982806461284,0.11640675476090612,0.05063291139240506,Tres rare,50.0,59.49542225166093,37.386789937167556,37.33260648788813
2026-06-16T22:00:00Z,Iraq vs Norway,data/mpg/strategy_snapshots/2026/06/mpg_optimal_strategy_20260616T094426Z.csv,0-2,1-4,True,False,30.0,30.0,0.0,30.0,0.7820830040097404,0.18177909514635182,0.24016461748548537,Rare,30.0,30.0,28.915862974682767,28.912589378308358
2026-06-17T01:02:00Z,Argentina vs Algeria,data/mpg/strategy_snapshots/2026/06/mpg_optimal_strategy_20260616T094426Z.csv,1-0,3-0,True,False,43.0,43.0,0.0,43.0,0.6770062098225214,0.11712085056808323,0.07692307692307693,Tres rare,50.0,50.07095944544486,34.975620381378924,36.35937982255008
2026-06-17T04:02:00Z,Austria vs Jordan,data/mpg/strategy_snapshots/2026/06/mpg_optimal_strategy_20260616T094426Z.csv,2-0,3-1,True,False,38.0,38.0,0.0,38.0,0.72048265083214,0.12107045338456732,0.3026315789473684,Exact,20.0,23.962144412022997,30.279448419651423,34.42628598492526
2026-06-17T17:01:00Z,Portugal vs DR Congo,data/mpg/strategy_snapshots/2026/06/mpg_optimal_strategy_20260616T094426Z.csv,2-0,1-1,False,False,34.0,0.0,0.0,0.0,0.7512056858146061,0.1258632517127679,0.2125,Rare,30.0,32.11299547333711,29.58283935020821,33.07766754211175
2026-06-17T20:00:00Z,England vs Croatia,data/mpg/strategy_snapshots/2026/06/mpg_optimal_strategy_20260616T094426Z.csv,1-0,4-2,True,False,58.99999999999999,58.99999999999999,0.0,58.99999999999999,0.5481178212211185,0.11109743257970636,0.09433962264150944,Tres rare,50.0,50.000092516826605,37.893833359413215,36.31553338540708
2026-06-17T23:00:00Z,Ghana vs Panama,data/mpg/strategy_snapshots/2026/06/mpg_optimal_strategy_20260616T094426Z.csv,2-0,1-0,True,False,73.0,73.0,0.0,73.0,0.47603602128472483,0.07938138942780212,0.23255813953488372,Rare,30.0,30.011306781332102,37.132968784631075,39.68454146600393
2026-06-18T02:00:00Z,Uzbekistan vs Colombia,data/mpg/strategy_snapshots/2026/06/mpg_optimal_strategy_20260616T094426Z.csv,0-1,1-3,True,False,44.0,44.0,0.0,44.0,0.6743744880241006,0.12437874858347013,0.09803921568627451,Tres rare,50.0,50.00001555877958,35.89141683741546,35.49883129652183
2026-06-18T16:00:00Z,Czech Republic vs South Africa,data/mpg/strategy_snapshots/2026/06/mpg_optimal_strategy_20260618T045027Z.csv,1-0,1-1,False,False,62.0,0.0,0.0,0.0,0.5283057172401022,0.10481098207055338,0.14705882352941177,Tres rare,50.0,49.99999880407573,37.99550344706801,36.739086204489276
2026-06-18T19:00:00Z,Switzerland vs Bosnia & Herzegovina,data/mpg/strategy_snapshots/2026/06/mpg_optimal_strategy_20260618T045027Z.csv,1-0,4-1,True,False,76.0,76.0,0.0,76.0,0.6141649998101066,0.1182198135235866,0.13725490196078433,Tres rare,50.0,49.999999996492626,52.58753066133279,53.86667274873494
2026-06-18T22:00:00Z,Canada vs Qatar,data/mpg/strategy_snapshots/2026/06/mpg_optimal_strategy_20260618T045027Z.csv,1-0,6-0,True,False,71.0,71.0,0.0,71.0,0.7499282427250122,0.11019742704656575,0.15853658536585366,Tres rare,50.0,49.999662170098254,58.7547393578182,60.11897300431325
2026-06-19T01:00:00Z,Mexico vs South Korea,data/mpg/strategy_snapshots/2026/06/mpg_optimal_strategy_20260618T045027Z.csv,1-0,1-0,True,True,69.00000000000001,69.00000000000001,50.0,119.00000000000001,0.4716456636391982,0.11181822152223155,0.08,Tres rare,50.0,50.02699796063356,38.13748073115903,36.85230082522965
2026-06-19T19:00:00Z,USA vs Australia,data/mpg/strategy_snapshots/2026/06/mpg_optimal_strategy_20260618T045027Z.csv,1-0,2-0,True,False,58.0,58.0,0.0,58.0,0.5959697571355351,0.10577550599883209,0.06493506493506493,Tres rare,50.0,51.35304658855222,39.998140401346745,41.24931625748472
2026-06-19T22:00:00Z,Scotland vs Morocco,data/mpg/strategy_snapshots/2026/06/mpg_optimal_strategy_20260618T045027Z.csv,0-1,0-1,True,True,91.0,91.0,50.0,141.0,0.5536963727930095,0.1254744344801271,0.09876543209876543,Tres rare,50.0,50.00001079610474,56.660093002805354,56.5299950373223
2026-06-20T00:32:00Z,Brazil vs Haiti,data/mpg/strategy_snapshots/2026/06/mpg_optimal_strategy_20260618T045027Z.csv,2-0,3-0,True,False,21.0,21.0,0.0,21.0,0.8667732401615486,0.10734148430676609,0.10144927536231885,Tres rare,50.0,50.000002676240946,23.5693125460025,25.223015516898474
2026-06-20T03:00:00Z,Turkey vs Paraguay,data/mpg/strategy_snapshots/2026/06/mpg_optimal_strategy_20260618T045027Z.csv,2-0,0-1,False,False,84.0,0.0,0.0,0.0,0.473958264741757,0.07860097899481379,0.15714285714285714,Tres rare,50.0,49.99981784702852,43.74252887064639,44.86618891832318
2026-06-20T17:00:00Z,Netherlands vs Sweden,data/mpg/strategy_snapshots/2026/06/mpg_optimal_strategy_20260620T103039Z.csv,1-0,5-1,True,False,67.0,67.0,0.0,67.0,0.5544434846659608,0.08039670195523439,0.12962962962962962,Tres rare,50.0,49.999999999980375,41.167548570379516,43.416567838831185
2026-06-20T20:00:00Z,Germany vs Ivory Coast,data/mpg/strategy_snapshots/2026/06/mpg_optimal_strategy_20260620T103039Z.csv,1-1,2-1,False,False,137.0,0.0,0.0,0.0,0.21450475026324212,0.08317144266340412,0.4444444444444444,Exact,20.0,20.0,31.050579639332252,31.143882420846353
2026-06-21T00:00:00Z,Ecuador vs Curaçao,data/mpg/strategy_snapshots/2026/06/mpg_optimal_strategy_20260620T103039Z.csv,2-0,0-0,False,False,41.0,0.0,0.0,0.0,0.8760387032831305,0.13234591739430576,0.2692307692307692,Rare,30.0,29.989542536741805,39.886580353869,44.16503581826596
2026-06-21T04:00:00Z,Tunisia vs Japan,data/mpg/strategy_snapshots/2026/06/mpg_optimal_strategy_20260620T103039Z.csv,0-1,0-4,True,False,91.0,91.0,0.0,91.0,0.6271803358681578,0.12571065540744866,0.10126582278481013,Tres rare,50.0,50.000002950491464,63.35894370528301,63.14641767771966
2026-06-21T16:00:00Z,Spain vs Saudi Arabia,data/mpg/strategy_snapshots/2026/06/mpg_optimal_strategy_20260620T103039Z.csv,2-0,4-0,True,False,31.0,31.0,0.0,31.0,0.8683772117388139,0.11296729678147988,0.1686746987951807,Tres rare,50.0,49.98266933557494,32.5661006046657,35.33638879754636
2026-06-21T19:00:00Z,Belgium vs Iran,data/mpg/strategy_snapshots/2026/06/mpg_optimal_strategy_20260620T103039Z.csv,1-0,0-0,False,False,39.0,0.0,0.0,0.0,0.6731927385682102,0.10849531725011527,0.04597701149425287,Mega rare,70.0,63.12598490563381,33.10339056322292,33.36063880190895
2026-06-21T22:00:00Z,Uruguay vs Cape Verde,data/mpg/strategy_snapshots/2026/06/mpg_optimal_strategy_20260620T103039Z.csv,1-0,2-2,False,False,72.0,0.0,0.0,0.0,0.6471614225666821,0.13485151690252217,0.18571428571428572,Tres rare,50.0,48.468725489803305,53.13170357943302,51.63956636261447
2026-06-22T01:00:00Z,New Zealand vs Egypt,data/mpg/strategy_snapshots/2026/06/mpg_optimal_strategy_20260620T103039Z.csv,0-1,1-3,True,False,59.0,59.0,0.0,59.0,0.5920445475065977,0.12003830324293269,0.16417910447761194,Tres rare,50.0,49.99659143100729,40.93213430619753,40.997001948176525
2026-06-22T17:00:00Z,Argentina vs Austria,data/mpg/strategy_snapshots/2026/06/mpg_optimal_strategy_20260620T103039Z.csv,1-0,2-0,True,False,63.0,63.0,0.0,63.0,0.6031066963512742,0.11419277527150232,0.05555555555555555,Tres rare,50.0,55.78515365217461,44.36598338461928,44.83494614434622
2026-06-22T21:00:00Z,France vs Iraq,data/mpg/strategy_snapshots/2026/06/mpg_optimal_strategy_20260620T103039Z.csv,2-0,3-0,True,False,22.0,22.0,0.0,22.0,0.8804724656069886,0.11256878770497138,0.07865168539325842,Tres rare,50.0,50.04167873495169,25.003525353268905,27.106031794344304
2026-06-23T00:00:00Z,Norway vs Senegal,data/mpg/strategy_snapshots/2026/06/mpg_optimal_strategy_20260620T103039Z.csv,0-1,3-2,False,False,137.0,0.0,0.0,0.0,0.3165506179261636,0.06481215123299891,0.09090909090909091,Tres rare,50.0,50.000429685550515,46.60807006637924,47.20633138579163
2026-06-23T03:00:00Z,Jordan vs Algeria,data/mpg/strategy_snapshots/2026/06/mpg_optimal_strategy_20260620T103039Z.csv,0-1,1-2,True,False,67.0,67.0,0.0,67.0,0.6035061873837918,0.10519340184970188,0.12698412698412698,Tres rare,50.0,49.99999999999729,45.69458464719886,45.97750095406096
2026-06-23T17:00:00Z,Portugal vs Uzbekistan,data/mpg/strategy_snapshots/2026/06/mpg_optimal_strategy_20260620T103039Z.csv,2-0,5-0,True,False,24.0,24.0,0.0,24.0,0.8096297360807482,0.1301410095052346,0.21176470588235294,Rare,30.0,32.394068787967896,23.64691047998611,27.083341836265717
2026-06-23T20:00:00Z,England vs Ghana,data/mpg/strategy_snapshots/2026/06/mpg_optimal_strategy_20260620T103039Z.csv,1-0,0-0,False,False,44.0,0.0,0.0,0.0,0.7877642325587754,0.10815959689812789,0.03333333333333333,Mega rare,70.0,69.11329093849459,42.13689192079673,40.18857249372751
2026-06-23T23:00:00Z,Panama vs Croatia,data/mpg/strategy_snapshots/2026/06/mpg_optimal_strategy_20260620T103039Z.csv,1-1,0-1,False,False,123.0,0.0,0.0,0.0,0.23279284032389333,0.09413308432995228,0.42857142857142855,Exact,20.0,20.0,30.516181046437925,30.74379980845596
2026-06-24T02:00:00Z,Colombia vs DR Congo,data/mpg/strategy_snapshots/2026/06/mpg_optimal_strategy_20260620T103039Z.csv,1-0,1-0,True,True,77.0,77.0,50.0,127.0,0.6345581569594191,0.13447645028485147,0.06557377049180328,Tres rare,50.0,51.193809939661655,55.745339923118316,54.26937953100362
2026-06-24T19:00:00Z,Bosnia & Herzegovina vs Qatar,data/mpg/strategy_snapshots/2026/06/mpg_optimal_strategy_20260624T120539Z.csv,2-0,3-1,True,False,87.0,87.0,0.0,87.0,0.6929942518601809,0.10045224825700602,0.32051282051282054,Exact,20.0,20.201197436830668,62.31975561184905,66.58383027024556
2026-06-24T19:00:00Z,Switzerland vs Canada,data/mpg/strategy_snapshots/2026/06/mpg_optimal_strategy_20260624T120539Z.csv,0-1,2-1,False,False,129.0,0.0,0.0,0.0,0.2893164116306355,0.07792460103436301,0.1875,Tres rare,50.0,47.8870045266629,41.05339282282292,41.452102977196084
2026-06-24T22:00:00Z,Morocco vs Haiti,data/mpg/strategy_snapshots/2026/06/mpg_optimal_strategy_20260624T120539Z.csv,2-0,4-2,True,False,29.0,29.0,0.0,29.0,0.8088348301031941,0.11624515210275493,0.2826086956521739,Rare,30.0,29.589940888362527,26.89589725227186,31.383680791088473
2026-06-24T22:01:00Z,Scotland vs Brazil,data/mpg/strategy_snapshots/2026/06/mpg_optimal_strategy_20260624T120539Z.csv,0-2,0-3,True,False,48.0,48.0,0.0,48.0,0.7317647872683587,0.12367894021497078,0.2235294117647059,Rare,30.0,30.186255802873927,38.858113915638675,40.83662050600447
2026-06-25T01:00:00Z,Czech Republic vs Mexico,data/mpg/strategy_snapshots/2026/06/mpg_optimal_strategy_20260624T120539Z.csv,0-1,0-3,True,False,91.0,91.0,0.0,91.0,0.4952888315539642,0.10040739790311573,0.22641509433962265,Rare,30.0,30.08253750847804,48.091792984959895,50.02328674460212
2026-06-25T01:00:00Z,South Africa vs South Korea,data/mpg/strategy_snapshots/2026/06/mpg_optimal_strategy_20260624T120539Z.csv,0-1,1-0,False,False,87.0,0.0,0.0,0.0,0.5827818394109505,0.1139291980711805,0.11688311688311688,Tres rare,50.0,50.00000000022576,56.39847993233744,56.46264935467823
2026-06-25T20:00:00Z,Curaçao vs Ivory Coast,data/mpg/strategy_snapshots/2026/06/mpg_optimal_strategy_20260624T120539Z.csv,0-3,0-2,True,False,53.0,53.0,0.0,53.0,0.83241184796472,0.10808764635406237,0.23170731707317074,Rare,30.0,30.01520555099737,47.362100864970856,49.71235179663046
2026-06-25T20:00:00Z,Ecuador vs Germany,data/mpg/strategy_snapshots/2026/06/mpg_optimal_strategy_20260624T120539Z.csv,1-0,2-1,True,False,145.0,145.0,0.0,145.0,0.2302240816304737,0.04642444766993967,0.2857142857142857,Rare,30.0,29.234362744901656,34.73968097983341,37.942481447400596
2026-06-25T23:00:00Z,Japan vs Sweden,data/mpg/strategy_snapshots/2026/06/mpg_optimal_strategy_20260624T120539Z.csv,1-0,1-1,False,False,96.0,0.0,0.0,0.0,0.5092867836944935,0.0891793966895004,0.0625,Tres rare,50.0,52.11299560720228,53.53893674260426,54.046096814808905
2026-06-25T23:00:00Z,Tunisia vs Netherlands,data/mpg/strategy_snapshots/2026/06/mpg_optimal_strategy_20260624T120539Z.csv,0-2,1-3,True,False,56.0,56.0,0.0,56.0,0.8686669773038992,0.12533053751504514,0.16901408450704225,Tres rare,50.0,49.98055571150601,54.909440641642064,56.886595163591466
2026-06-26T02:00:00Z,Paraguay vs Australia,data/mpg/strategy_snapshots/2026/06/mpg_optimal_strategy_20260626T000518Z.csv,0-0,0-0,True,True,104.00000000000001,104.00000000000001,20.0,124.00000000000001,0.42365979699675355,0.164657703227633,0.72,Exact,20.0,20.0,47.35377295221503,47.40532945891713
2026-06-26T02:00:00Z,Turkey vs USA,data/mpg/strategy_snapshots/2026/06/mpg_optimal_strategy_20260626T000518Z.csv,0-2,3-2,False,False,93.0,0.0,0.0,0.0,0.49848177273002836,0.07270789919908677,0.30303030303030304,Exact,20.0,23.809333840941232,48.0899315087972,54.85956473031489
2026-06-26T19:01:00Z,Norway vs France,data/mpg/strategy_snapshots/2026/06/mpg_optimal_strategy_20260626T000518Z.csv,0-2,1-4,True,False,68.0,68.0,0.0,68.0,0.601854657494651,0.08023536640745824,0.06756756756756757,Tres rare,50.0,50.789592793552345,45.001238297112536,47.28130584188065
2026-06-26T19:02:00Z,Senegal vs Iraq,data/mpg/strategy_snapshots/2026/06/mpg_optimal_strategy_20260626T000518Z.csv,2-0,5-0,True,False,54.0,54.0,0.0,54.0,0.7819136367200193,0.11812237460661962,0.3372093023255814,Exact,20.0,20.000992451370255,44.58590110572597,49.843974913136506
2026-06-27T00:01:00Z,Cape Verde vs Saudi Arabia,data/mpg/strategy_snapshots/2026/06/mpg_optimal_strategy_20260626T000518Z.csv,2-0,0-0,False,False,99.0,0.0,0.0,0.0,0.35974963348128647,0.05958388672929605,0.18461538461538463,Tres rare,50.0,48.760641943272574,38.52056228104308,39.1073529501796
2026-06-27T00:01:00Z,Uruguay vs Spain,data/mpg/strategy_snapshots/2026/06/mpg_optimal_strategy_20260626T000518Z.csv,0-1,0-1,True,True,57.00000000000001,57.00000000000001,50.0,107.0,0.6445013457785898,0.1259520969178679,0.07246376811594203,Tres rare,50.0,50.24679882346039,43.06526638460471,42.635810911980236
2026-06-27T03:00:00Z,Egypt vs Iran,data/mpg/strategy_snapshots/2026/06/mpg_optimal_strategy_20260626T000518Z.csv,1-1,1-1,True,True,114.0,114.0,20.0,134.0,0.35803721611275724,0.1398430450806397,0.3793103448275862,Exact,20.0,20.00000000000001,43.61310353846712,44.243127069712756
2026-06-27T03:01:00Z,New Zealand vs Belgium,data/mpg/strategy_snapshots/2026/06/mpg_optimal_strategy_20260626T000518Z.csv,0-2,1-5,True,False,32.0,32.0,0.0,32.0,0.823908906197839,0.08399275410793736,0.15789473684210525,Tres rare,50.0,49.999745223557305,30.56470130435261,34.52213183419913
2026-06-27T21:00:00Z,Croatia vs Ghana,data/mpg/strategy_snapshots/2026/06/mpg_optimal_strategy_20260626T000518Z.csv,0-0,2-1,False,False,120.0,0.0,0.0,0.0,0.2915603221397827,0.10652345902802982,0.4117647058823529,Exact,20.0,20.0,37.11770783733452,37.12838811365509
2026-06-27T21:00:00Z,Panama vs England,data/mpg/strategy_snapshots/2026/06/mpg_optimal_strategy_20260626T000518Z.csv,0-2,0-2,True,True,32.0,32.0,50.0,82.0,0.8215739203464419,0.11186952303423225,0.1927710843373494,Tres rare,50.0,45.30253494614316,31.358338427752816,34.71406558292132
2026-06-27T23:30:00Z,Colombia vs Portugal,data/mpg/strategy_snapshots/2026/06/mpg_optimal_strategy_20260626T000518Z.csv,1-0,0-0,False,False,154.0,0.0,0.0,0.0,0.22695912423809647,0.06503922151532059,0.5,Exact,20.0,20.0,36.252489562973274,37.2188069012595
2026-06-27T23:30:00Z,DR Congo vs Uzbekistan,data/mpg/strategy_snapshots/2026/06/mpg_optimal_strategy_20260626T000518Z.csv,1-0,3-1,True,False,62.99999999999999,62.99999999999999,0.0,62.99999999999999,0.5490221463968763,0.12321953265354291,0.31645569620253167,Exact,20.0,20.499261990450094,37.114304705209,40.567971764373674
2026-06-28T02:00:00Z,Algeria vs Austria,data/mpg/strategy_snapshots/2026/06/mpg_optimal_strategy_20260626T000518Z.csv,1-1,3-3,True,False,103.0,103.0,0.0,103.0,0.41817785250366857,0.16683330608304436,0.13636363636363635,Tres rare,50.0,49.99999999802968,51.41398411170137,46.477936208392435
2026-06-28T02:00:00Z,Jordan vs Argentina,data/mpg/strategy_snapshots/2026/06/mpg_optimal_strategy_20260626T000518Z.csv,0-2,1-3,True,False,32.0,32.0,0.0,32.0,0.8094261393873677,0.1292397873640877,0.10975609756097561,Tres rare,50.0,50.00000002292311,32.36362583156273,31.69242499059856
2026-06-28T19:00:00Z,South Africa vs Canada,data/mpg/strategy_snapshots/2026/06/mpg_optimal_strategy_20260628T101256Z.csv,0-1,0-1,True,True,64.0,64.0,50.0,114.0,0.6269992225582202,0.11787891971970436,0.09859154929577464,Tres rare,50.0,50.000011788785734,46.02189761936064,46.847663054753795
2026-06-29T17:00:00Z,Brazil vs Japan,data/mpg/strategy_snapshots/2026/06/mpg_optimal_strategy_20260628T101256Z.csv,2-0,2-1,True,False,65.0,65.0,0.0,65.0,0.6142262341296241,0.09788828045318963,0.12727272727272726,Tres rare,50.0,49.99999999999659,44.819119241084714,46.070195964916394
2026-06-29T20:30:00Z,Germany vs Paraguay,data/mpg/strategy_snapshots/2026/06/mpg_optimal_strategy_20260628T101256Z.csv,1-0,1-1,False,False,45.00000000000001,0.0,0.0,0.0,0.7726300994312443,0.05317383209816591,0.0375,Mega rare,70.0,67.90431527793461,38.379087133735815,42.69824595034504
2026-06-30T00:59:00Z,Netherlands vs Morocco,data/mpg/strategy_snapshots/2026/06/mpg_optimal_strategy_20260628T101256Z.csv,2-0,1-1,False,False,80.0,0.0,0.0,0.0,0.46447876843005237,0.07399501363601595,0.12195121951219512,Tres rare,50.0,50.00000000000618,40.858052156205446,42.132588951502335
2026-06-30T17:00:00Z,Ivory Coast vs Norway,data/mpg/strategy_snapshots/2026/06/mpg_optimal_strategy_20260628T101256Z.csv,0-2,1-2,True,False,75.0,75.0,0.0,75.0,0.5025903002043282,0.068993173925195,0.08333333333333333,Tres rare,50.0,50.008581206664005,41.14452325626822,43.317378211794576
2026-06-30T21:00:00Z,France vs Sweden,data/mpg/strategy_snapshots/2026/06/mpg_optimal_strategy_20260628T101256Z.csv,2-0,3-0,True,False,38.0,38.0,0.0,38.0,0.8243716773240168,0.09630622694028547,0.08163265306122448,Tres rare,50.0,50.01560100854654,36.14293755959649,38.08323538070704
2026-07-01T02:00:00Z,Mexico vs Ecuador,data/mpg/strategy_snapshots/2026/06/mpg_optimal_strategy_20260628T101256Z.csv,1-0,2-0,True,False,84.0,84.0,0.0,84.0,0.4540158125453841,0.13032275052959777,0.2909090909090909,Rare,30.0,28.18348929556551,41.810278098331835,41.605471981653515
2026-07-01T16:00:00Z,England vs DR Congo,data/mpg/strategy_snapshots/2026/07/mpg_optimal_strategy_20260701T041904Z.csv,1-0,2-1,True,False,38.99999999999999,38.99999999999999,0.0,38.99999999999999,0.822898278277929,0.14200890752766535,0.09523809523809523,Tres rare,50.0,50.00006073638881,39.19348685433072,38.200345517521015
2026-07-01T20:00:00Z,Belgium vs Senegal,data/mpg/strategy_snapshots/2026/07/mpg_optimal_strategy_20260701T041904Z.csv,2-0,3-2,True,False,80.0,80.0,0.0,80.0,0.4675030478665643,0.07348941798226971,0.07317073170731707,Tres rare,50.0,50.2049974623256,41.08977987263278,42.009995802070556
2026-07-02T00:00:00Z,USA vs Bosnia & Herzegovina,data/mpg/strategy_snapshots/2026/07/mpg_optimal_strategy_20260701T041904Z.csv,1-0,2-0,True,False,52.0,52.0,0.0,52.0,0.765743743501792,0.10208418627520702,0.09523809523809523,Tres rare,50.0,50.00006073638881,44.92289017607836,47.81511707177499
2026-07-02T19:00:00Z,Spain vs Austria,data/mpg/strategy_snapshots/2026/07/mpg_optimal_strategy_20260701T041904Z.csv,1-0,3-0,True,False,41.00000000000001,41.00000000000001,0.0,41.00000000000001,0.7945762634412551,0.10249683054407144,0.04395604395604396,Mega rare,70.0,64.5456627376909,39.19335265707135,41.224252535073205
2026-07-02T23:00:00Z,Portugal vs Croatia,data/mpg/strategy_snapshots/2026/07/mpg_optimal_strategy_20260701T041904Z.csv,2-0,2-1,True,False,73.0,73.0,0.0,73.0,0.5731025521890315,0.08367500815579233,0.07246376811594203,Tres rare,50.0,50.24679882346039,46.0408876111548,47.65260238167795
2026-07-03T03:00:00Z,Switzerland vs Algeria,data/mpg/strategy_snapshots/2026/07/mpg_optimal_strategy_20260701T041904Z.csv,0-2,2-0,False,False,148.0,0.0,0.0,0.0,0.24995440370527483,0.035279162843715614,0.08333333333333333,Tres rare,50.0,50.008581206664005,38.757512628353744,39.90258254593125
2026-07-03T18:00:00Z,Australia vs Egypt,data/mpg/strategy_snapshots/2026/07/mpg_optimal_strategy_20260701T041904Z.csv,0-1,1-1,False,False,92.0,0.0,0.0,0.0,0.4029110007068695,0.11976476300821004,0.15942028985507245,Tres rare,50.0,49.999504990901784,43.05599093079516,41.19394996002901
2026-07-03T22:00:00Z,Argentina vs Cape Verde,data/mpg/strategy_snapshots/2026/07/mpg_optimal_strategy_20260701T041904Z.csv,2-0,3-2,True,False,25.0,25.0,0.0,25.0,0.8957220214313472,0.14982418004846412,0.12987012987012986,Tres rare,50.0,49.99999999997669,29.88425953820339,31.85343539048365
2026-07-04T01:30:00Z,Colombia vs Ghana,data/mpg/strategy_snapshots/2026/07/mpg_optimal_strategy_20260701T041904Z.csv,1-0,1-0,True,True,66.0,66.0,50.0,116.0,0.682061374520593,0.13261977951255463,0.08860759493670886,Tres rare,50.0,50.00113035123904,51.64718960091896,50.68327711514313
2026-07-04T17:00:00Z,Canada vs Morocco,data/mpg/strategy_snapshots/2026/07/mpg_optimal_strategy_20260704T085138Z.csv,0-1,0-3,True,False,68.0,68.0,0.0,68.0,0.5719801875827334,0.10985537933383666,0.11842105263157894,Tres rare,50.0,50.00000000007803,44.38742172232627,45.581875398007924
2026-07-04T21:03:00Z,Paraguay vs France,data/mpg/strategy_snapshots/2026/07/mpg_optimal_strategy_20260704T085138Z.csv,0-1,0-1,True,True,28.0,28.0,70.0,98.0,0.890413320966646,0.10849717139759392,0.022988505747126436,Mega rare,70.0,71.01153452453516,32.636123619580744,31.613620720063622
2026-07-05T20:00:00Z,Brazil vs Norway,data/mpg/strategy_snapshots/2026/07/mpg_optimal_strategy_20260704T085138Z.csv,1-0,1-2,False,False,72.0,0.0,0.0,0.0,0.5659806786463847,0.08566694632603669,0.04918032786885246,Mega rare,70.0,60.65342154658117,45.946602270661145,46.80841958991182
2026-07-06T01:00:00Z,Mexico vs England,data/mpg/strategy_snapshots/2026/07/mpg_optimal_strategy_20260706T001123Z.csv,0-1,2-3,True,False,93.0,93.0,0.0,93.0,0.41152932866551534,0.10588786118045654,0.13953488372093023,Tres rare,50.0,49.99999998519845,43.56662062334845,41.72497168327588
2026-07-06T19:00:00Z,Portugal vs Spain,data/mpg/strategy_snapshots/2026/07/mpg_optimal_strategy_20260706T143550Z.csv,0-2,0-1,True,False,72.0,72.0,0.0,72.0,0.5364412086463949,0.07776405902320489,0.1346153846153846,Tres rare,50.0,49.999999999378446,42.51196997365234,44.62157822714052
2026-07-07T00:00:00Z,USA vs Belgium,data/mpg/strategy_snapshots/2026/07/mpg_optimal_strategy_20260706T143550Z.csv,1-0,1-4,False,False,95.0,0.0,0.0,0.0,0.4085510812463896,0.06413586498681768,0.14634146341463414,Tres rare,50.0,49.999999194327536,42.019145916075395,43.29659098663011
2026-07-07T16:01:00Z,Argentina vs Egypt,data/mpg/strategy_snapshots/2026/07/mpg_optimal_strategy_20260706T143550Z.csv,1-0,3-2,True,False,43.0,43.0,0.0,43.0,0.7742871300847923,0.12923525148084444,0.1,Tres rare,50.0,50.00000573303144,39.75610990859805,38.59783154369135
2026-07-07T20:00:00Z,Switzerland vs Colombia,data/mpg/strategy_snapshots/2026/07/mpg_optimal_strategy_20260706T143550Z.csv,0-1,0-0,False,False,85.0,0.0,0.0,0.0,0.4456541210250531,0.1076466200589338,0.2391304347826087,Rare,30.0,30.000911395416303,41.110096997533624,40.80539373680288
2026-07-09T20:00:00Z,France vs Morocco,data/mpg/strategy_snapshots/2026/07/mpg_optimal_strategy_20260709T015135Z.csv,2-0,2-0,True,True,54.0,54.0,50.0,104.0,0.6585248433793387,0.10575926047473952,0.12658227848101267,Tres rare,50.0,49.999999999998074,40.84830456622106,42.32544881609967
2026-07-10T19:00:00Z,Spain vs Belgium,data/mpg/strategy_snapshots/2026/07/mpg_optimal_strategy_20260709T015135Z.csv,1-0,2-1,True,False,60.00000000000001,60.00000000000001,0.0,60.00000000000001,0.6402346748622039,0.09662706966960448,0.136986301369863,Tres rare,50.0,49.999999997049734,43.24543397492739,45.33014185339934
2026-07-11T21:01:00Z,Norway vs England,data/mpg/strategy_snapshots/2026/07/mpg_optimal_strategy_20260709T015135Z.csv,0-2,1-2,True,False,77.0,77.0,0.0,77.0,0.5532864539405369,0.07773899037553154,0.075,Tres rare,50.0,50.12419330655392,46.499661134460816,48.560886006432845
2026-07-12T01:00:00Z,Argentina vs Switzerland,data/mpg/strategy_snapshots/2026/07/mpg_optimal_strategy_20260709T015135Z.csv,1-0,3-1,True,False,64.0,64.0,0.0,64.0,0.601524132074458,0.1211258706750506,0.09090909090909091,Tres rare,50.0,50.000429685550515,44.553890032554264,43.55456020328724
2026-07-14T19:00:00Z,France vs Spain,data/mpg/strategy_snapshots/2026/07/mpg_optimal_strategy_20260712T181535Z.csv,2-0,0-2,False,False,85.0,0.0,0.0,0.0,0.433188122734428,0.06525806333656813,0.10666666666666667,Tres rare,50.0,50.0000001456022,40.08389360875651,40.96402198850493
2026-07-15T19:00:00Z,England vs Argentina,data/mpg/strategy_snapshots/2026/07/mpg_optimal_strategy_20260715T070225Z.csv,0-2,1-2,True,False,109.0,109.0,0.0,109.0,0.3341315967757822,0.05497637298015789,0.06666666666666667,Tres rare,50.0,50.95580705591799,39.22170950277137,40.62397508641952
2026-07-18T21:00:00Z,France vs England,data/mpg/strategy_snapshots/2026/07/mpg_optimal_strategy_20260717T172832Z.csv,2-0,4-6,False,False,77.0,0.0,0.0,0.0,0.5005332192819592,0.05839943547805577,0.16901408450704225,Tres rare,50.0,49.98055571150601,41.45989412314232,42.11875453688124
2026-07-19T19:05:00Z,Spain vs Argentina,data/mpg/strategy_snapshots/2026/07/mpg_optimal_strategy_20260717T172832Z.csv,2-0,1-0,True,False,90.0,90.0,0.0,90.0,0.41711226860921224,0.07420358901869303,0.10869565217391304,Tres rare,50.0,50.00000004369394,41.250283629006,42.15173157027475
