logged_at_utc,submission_id,match,conditional_share_sigma,rank,score,outcome,outcome_label,outcome_probability,exact_score_probability,conditional_bettor_share,nominal_bonus_label,nominal_bonus_points,expected_bonus_points,base_ev,exact_score_ev,total_ev,payoff_standard_deviation,is_best_pick
2026-06-11T00:00:00+00:00,conversation-01-mexico,Mexico vs South Africa,0.01,1,1-0,home,Mexico,0.6663531372499512,0.13821451983074048,0.10526315789473684,Tres rare,50.0,50.00000032702528,32.65130372524761,6.9107260367366665,39.56202976198428,32.519949880804006,True
2026-06-11T00:00:00+00:00,conversation-01-mexico,Mexico vs South Africa,0.01,2,3-0,home,Mexico,0.6663531372499512,0.08661443242726403,0.06315789473684211,Tres rare,50.0,51.882447223345736,32.65130372524761,4.493768719187572,37.14507244443518,29.944090290310868,False
2026-06-11T00:00:00+00:00,conversation-01-mexico,Mexico vs South Africa,0.01,3,2-0,home,Mexico,0.6663531372499512,0.12992164864089606,0.2736842105263158,Rare,30.0,29.957505440655712,32.65130372524761,3.8921284960186036,36.543432221266215,27.614732883971143,False
2026-06-11T00:00:00+00:00,conversation-01-mexico,Mexico vs South Africa,0.01,4,3-1,home,Mexico,0.6663531372499512,0.05413402026704002,0.09473684210526316,Tres rare,50.0,50.000076883263105,32.65130372524761,2.7067051753521243,35.358008900599735,27.39192849023897,False
2026-06-11T00:00:00+00:00,conversation-01-mexico,Mexico vs South Africa,0.01,5,2-1,home,Mexico,0.6663531372499512,0.08120103040056004,0.2631578947368421,Rare,30.0,29.9988529398132,32.65130372524761,2.4359377695477016,35.08724149479531,26.08826438232943,False
2026-06-11T00:01:00+00:00,conversation-02-mexico,Mexico vs South Africa,0.01,1,1-0,home,Mexico,0.6663531372499512,0.13821451983074048,0.10526315789473684,Tres rare,50.0,50.00000032702528,32.65130372524761,6.9107260367366665,39.56202976198428,32.519949880804006,True
2026-06-11T00:01:00+00:00,conversation-02-mexico,Mexico vs South Africa,0.01,2,3-0,home,Mexico,0.6663531372499512,0.08661443242726403,0.06315789473684211,Tres rare,50.0,51.882447223345736,32.65130372524761,4.493768719187572,37.14507244443518,29.944090290310868,False
2026-06-11T00:01:00+00:00,conversation-02-mexico,Mexico vs South Africa,0.01,3,2-0,home,Mexico,0.6663531372499512,0.12992164864089606,0.2736842105263158,Rare,30.0,29.957505440655712,32.65130372524761,3.8921284960186036,36.543432221266215,27.614732883971143,False
2026-06-11T00:01:00+00:00,conversation-02-mexico,Mexico vs South Africa,0.01,4,3-1,home,Mexico,0.6663531372499512,0.05413402026704002,0.09473684210526316,Tres rare,50.0,50.000076883263105,32.65130372524761,2.7067051753521243,35.358008900599735,27.39192849023897,False
2026-06-11T00:01:00+00:00,conversation-02-mexico,Mexico vs South Africa,0.01,5,2-1,home,Mexico,0.6663531372499512,0.08120103040056004,0.2631578947368421,Rare,30.0,29.9988529398132,32.65130372524761,2.4359377695477016,35.08724149479531,26.08826438232943,False
2026-06-11T00:02:00+00:00,conversation-03-korea,Korea vs Czech Republic,0.01,1,2-0,home,Korea,0.3587195240364589,0.06334893361354593,0.14285714285714285,Tres rare,50.0,49.999999889834235,34.437074307500055,3.167446673698413,37.60452098119847,51.55949214373876,True
2026-06-11T00:02:00+00:00,conversation-03-korea,Korea vs Czech Republic,0.01,2,1-0,home,Korea,0.3587195240364589,0.09385027202006803,0.2857142857142857,Rare,30.0,29.234362744901656,34.437074307500055,2.743652895942363,37.180727203442416,50.31109714316727,False
2026-06-11T00:02:00+00:00,conversation-03-korea,Korea vs Czech Republic,0.01,3,3-0,home,Korea,0.3587195240364589,0.027543014614585186,0.0,Ultra rare,100.0,90.74386810518897,34.437074307500055,2.49935968540521,36.936433992905265,51.51335835603806,False
2026-06-11T00:02:00+00:00,conversation-03-korea,Korea vs Czech Republic,0.01,4,0-0,draw,Draw,0.30281502388711934,0.09745989786699374,0.19298245614035087,Tres rare,50.0,45.17167650350091,32.40120755592177,4.4024269785120795,36.803634534433854,57.1011854379707,False
2026-06-11T00:02:00+00:00,conversation-03-korea,Korea vs Czech Republic,0.01,5,3-1,home,Korea,0.3587195240364589,0.031674466806772966,0.047619047619047616,Mega rare,70.0,61.88223175770768,34.437074307500055,1.9600866957385439,36.3971610032386,49.818597944770794,False
2026-06-11T00:03:00+00:00,conversation-04-canada,Canada vs Bosnia,0.01,1,1-0,home,Canada,0.5217616322071589,0.11403279130087114,0.18867924528301888,Tres rare,50.0,47.423972939677505,33.91450609346533,5.407888008888405,39.322394102353734,40.28398581384024,True
2026-06-11T00:03:00+00:00,conversation-04-canada,Canada vs Bosnia,0.01,2,3-0,home,Canada,0.5217616322071589,0.053215302607073196,0.03773584905660377,Mega rare,70.0,67.8155037858041,33.91450609346533,3.608822555412683,37.52332864887801,38.89006513108329,False
2026-06-11T00:03:00+00:00,conversation-04-canada,Canada vs Bosnia,0.01,3,2-0,home,Canada,0.5217616322071589,0.09460498241257458,0.20754716981132076,Rare,30.0,34.50418815379629,33.91450609346533,3.264268113450062,37.17877420691539,36.95633199807714,False
2026-06-11T00:03:00+00:00,conversation-04-canada,Canada vs Bosnia,0.01,4,3-1,home,Canada,0.5217616322071589,0.04730249120628729,0.07547169811320754,Tres rare,50.0,50.10860057248096,33.91450609346533,2.3702616379391426,36.28476773140447,36.26107026848656,False
2026-06-11T00:03:00+00:00,conversation-04-canada,Canada vs Bosnia,0.01,5,4-0,home,Canada,0.5217616322071589,0.022806558260174227,0.018867924528301886,Mega rare,70.0,72.46406930453057,33.91450609346533,1.6526560183630792,35.56716211182841,35.715429111887495,False
2026-06-11T00:04:00+00:00,conversation-05-usa-paraguay,USA vs Paraguay,0.01,1,2-0,home,USA,0.47878235736233665,0.09103063424024366,0.16176470588235295,Tres rare,50.0,49.99868445109281,35.42989444481291,4.551411956760787,39.9813064015737,43.86893322296237,True
2026-06-11T00:04:00+00:00,conversation-05-usa-paraguay,USA vs Paraguay,0.01,2,1-0,home,USA,0.47878235736233665,0.11800267401513066,0.23529411764705882,Rare,30.0,30.00416484512312,35.42989444481291,3.540571683315307,38.970466128128216,41.633655754058985,False
2026-06-11T00:04:00+00:00,conversation-05-usa-paraguay,USA vs Paraguay,0.01,3,3-0,home,USA,0.47878235736233665,0.04720106960605227,0.029411764705882353,Mega rare,70.0,69.82448101846879,35.42989444481291,3.2957901887592205,38.72568463357213,42.9036107519515,False
2026-06-11T00:04:00+00:00,conversation-05-usa-paraguay,USA vs Paraguay,0.01,4,3-1,home,USA,0.47878235736233665,0.04248096264544704,0.10294117647058823,Tres rare,50.0,50.00000119592427,35.42989444481291,2.1240481830763662,37.55394262788928,40.39894956335817,False
2026-06-11T00:04:00+00:00,conversation-05-usa-paraguay,USA vs Paraguay,0.01,5,2-1,home,USA,0.47878235736233665,0.08222121802344588,0.4264705882352941,Exact,20.0,20.0,35.42989444481291,1.6444243604689177,37.07431880528183,39.03293950753978,False
2026-06-12T22:27:34+00:00,conversation-06-brazil-morocco,Brazil vs Morocco,0.01,1,1-0,home,Brazil,0.5945300644479669,0.11654036185225629,0.14545454545454545,Tres rare,50.0,49.99999950901725,32.69915354463818,5.8270180353935075,38.526171580031686,35.30595462931771,True
2026-06-12T22:27:34+00:00,conversation-06-brazil-morocco,Brazil vs Morocco,0.01,2,2-0,home,Brazil,0.5945300644479669,0.10255551842998553,0.12727272727272726,Tres rare,50.0,49.99999999999659,32.69915354463818,5.127775921498927,37.8269294661371,34.46768050737976,False
2026-06-12T22:27:34+00:00,conversation-06-brazil-morocco,Brazil vs Morocco,0.01,3,3-0,home,Brazil,0.5945300644479669,0.06409719901874096,0.01818181818181818,Mega rare,70.0,72.79700649068751,32.69915354463818,4.666084213002175,37.36523775764035,35.498768191013696,False
2026-06-12T22:27:34+00:00,conversation-06-brazil-morocco,Brazil vs Morocco,0.01,4,3-1,home,Brazil,0.5945300644479669,0.051277759214992766,0.10909090909090909,Tres rare,50.0,50.00000003440008,32.69915354463818,2.5638879625135975,35.263041507151776,31.06756222727563,False
2026-06-12T22:27:34+00:00,conversation-06-brazil-morocco,Brazil vs Morocco,0.01,5,4-0,home,Brazil,0.5945300644479669,0.029135090463064072,0.01818181818181818,Mega rare,70.0,72.79700649068751,32.69915354463818,2.120947369546443,34.82010091418462,31.240277970096965,False
2026-06-12T22:29:41+00:00,conversation-07-haiti-scotland,Haiti vs Scotland,0.01,1,0-1,away,Scotland,0.6594172972362322,0.11205562538230462,0.09090909090909091,Tres rare,50.0,50.000429685550515,29.014361078394217,5.602829417798312,34.61719049619253,29.180058938659567,True
2026-06-12T22:29:41+00:00,conversation-07-haiti-scotland,Haiti vs Scotland,0.01,2,1-2,away,Scotland,0.6594172972362322,0.08809890547298434,0.16883116883116883,Tres rare,50.0,49.981722597825936,29.014361078394217,4.403335054522792,33.41769613291701,27.703815686069703,False
2026-06-12T22:29:41+00:00,conversation-07-haiti-scotland,Haiti vs Scotland,0.01,3,1-3,away,Scotland,0.6594172972362322,0.058065187698103315,0.06493506493506493,Tres rare,50.0,51.35304658855222,29.014361078394217,2.9818242890337285,31.996185367427945,25.881794849809456,False
2026-06-12T22:29:41+00:00,conversation-07-haiti-scotland,Haiti vs Scotland,0.01,4,0-2,away,Scotland,0.6594172972362322,0.1064528441131894,0.3116883116883117,Exact,20.0,21.21235829912412,29.014361078394217,2.258115871289779,31.272476949683995,23.375464843525673,False
2026-06-12T22:29:41+00:00,conversation-07-haiti-scotland,Haiti vs Scotland,0.01,5,1-4,away,Scotland,0.6594172972362322,0.029032593849051658,0.012987012987012988,Mega rare,70.0,76.36480951555909,29.014361078394217,2.217068499025422,31.23142957741964,25.884518993663452,False
2026-06-12T22:32:50+00:00,conversation-08-australia-turkey,Australia vs Turkey,0.01,1,0-1,away,Turkey,0.5327175499922367,0.10923769482158098,0.11428571428571428,Tres rare,50.0,50.00000000128809,35.15935829948763,5.461884741219757,40.621243040707384,40.79822648726058,True
2026-06-12T22:32:50+00:00,conversation-08-australia-turkey,Australia vs Turkey,0.01,2,0-3,away,Turkey,0.5327175499922367,0.06034082190144473,0.05714285714285714,Tres rare,50.0,54.75050800844261,35.15935829948763,3.3036906527510586,38.46304895223869,38.2419754883683,False
2026-06-12T22:32:50+00:00,conversation-08-australia-turkey,Australia vs Turkey,0.01,3,1-3,away,Turkey,0.5327175499922367,0.052798219163764135,0.14285714285714285,Tres rare,50.0,49.999999889834235,35.15935829948763,2.6399109523716504,37.79926925185928,37.0431732570088,False
2026-06-12T22:32:50+00:00,conversation-08-australia-turkey,Australia vs Turkey,0.01,4,1-2,away,Turkey,0.5327175499922367,0.08447715066202262,0.3,Rare,30.0,25.0,35.15935829948763,2.1119287665505655,37.27128706603819,35.567591334277154,False
2026-06-12T22:32:50+00:00,conversation-08-australia-turkey,Australia vs Turkey,0.01,5,0-4,away,Turkey,0.5327175499922367,0.027546896955007377,0.014285714285714285,Mega rare,70.0,75.29311812378262,35.15935829948763,2.074091766377038,37.233450065864666,36.98297133595918,False
2026-06-12T22:37:24+00:00,conversation-09-germany-curacao,Germany vs Curacao,0.01,1,3-0,home,Germany,0.9217320792114371,0.1240929232459787,0.11475409836065574,Tres rare,50.0,50.00000000094555,13.825981188171555,6.204646162416271,20.030627350587828,17.393544169201725,True
2026-06-12T22:37:24+00:00,conversation-09-germany-curacao,Germany vs Curacao,0.01,2,4-0,home,Germany,0.9217320792114371,0.1240929232459787,0.18032786885245902,Tres rare,50.0,49.50841353306061,13.825981188171555,6.1436437605882634,19.96962494875982,17.27035685862292,False
2026-06-12T22:37:24+00:00,conversation-09-germany-curacao,Germany vs Curacao,0.01,3,5-0,home,Germany,0.9217320792114371,0.10309258238896694,0.16393442622950818,Tres rare,50.0,49.996897137268505,13.825981188171555,5.154309237316559,18.980290425488114,16.108179155573996,False
2026-06-12T22:37:24+00:00,conversation-09-germany-curacao,Germany vs Curacao,0.01,4,2-0,home,Germany,0.9217320792114371,0.09572882650404071,0.11475409836065574,Tres rare,50.0,50.00000000094555,13.825981188171555,4.786441325292552,18.612422513464107,15.616745884870129,False
2026-06-12T22:37:24+00:00,conversation-09-germany-curacao,Germany vs Curacao,0.01,5,1-0,home,Germany,0.9217320792114371,0.05154629119448347,0.01639344262295082,Mega rare,70.0,73.81061813887888,13.825981188171555,3.8046636158314744,17.63064480400303,17.224366665350242,False
2026-06-12T22:39:19+00:00,conversation-10-qatar-switzerland,Qatar vs Switzerland,0.01,1,0-1,away,Switzerland,0.7708367126340224,0.11496969578150246,0.0449438202247191,Mega rare,70.0,63.86972436098489,25.43761151692274,7.3430827794308495,32.78069429635359,26.986891562828966,True
2026-06-12T22:39:19+00:00,conversation-10-qatar-switzerland,Qatar vs Switzerland,0.01,2,1-2,away,Switzerland,0.7708367126340224,0.08047878704705172,0.07865168539325842,Tres rare,50.0,50.04167873495169,25.43761151692274,4.027293606387153,29.464905123309894,20.944245086804564,False
2026-06-12T22:39:19+00:00,conversation-10-qatar-switzerland,Qatar vs Switzerland,0.01,3,0-4,away,Switzerland,0.7708367126340224,0.07153669959737931,0.07865168539325842,Tres rare,50.0,50.04167873495169,25.43761151692274,3.579816539010803,29.017428055933543,20.31987885648836,False
2026-06-12T22:39:19+00:00,conversation-10-qatar-switzerland,Qatar vs Switzerland,0.01,4,1-3,away,Switzerland,0.7708367126340224,0.06438302963764138,0.06741573033707865,Tres rare,50.0,50.81583184026932,25.43761151692274,3.27167720743346,28.7092887243562,19.960192330531306,False
2026-06-12T22:39:19+00:00,conversation-10-qatar-switzerland,Qatar vs Switzerland,0.01,5,1-4,away,Switzerland,0.7708367126340224,0.04023939352352586,0.011235955056179775,Mega rare,70.0,77.99233883058928,25.43761151692274,3.1383644140242484,28.57597593094699,21.95074394216569,False
2026-06-12T22:44:35+00:00,conversation-11-netherlands-japan,Netherlands vs Japan,0.01,1,1-0,home,Netherlands,0.4791086682594649,0.09282315089968014,0.08108108108108109,Tres rare,50.0,50.01882891781189,35.4540414512004,4.642905304463338,40.096946755663744,43.99149374264976,True
2026-06-12T22:44:35+00:00,conversation-11-netherlands-japan,Netherlands vs Japan,0.01,2,2-0,home,Netherlands,0.4791086682594649,0.07831953357160512,0.08108108108108109,Tres rare,50.0,50.01882891781189,35.4540414512004,3.9174513506409414,39.37149280184134,43.00282800484803,False
2026-06-12T22:44:35+00:00,conversation-11-netherlands-japan,Netherlands vs Japan,0.01,3,3-0,home,Netherlands,0.4791086682594649,0.04321077714295455,0.02702702702702703,Mega rare,70.0,70.19821748607131,35.4540414512004,3.033319531623283,38.48736098282369,42.48422058421284,False
2026-06-12T22:44:35+00:00,conversation-11-netherlands-japan,Netherlands vs Japan,0.01,4,3-1,home,Netherlands,0.4791086682594649,0.0481966360440647,0.13513513513513514,Tres rare,50.0,49.99999999912139,35.4540414512004,2.409831802160889,37.86387325336129,40.82980365454635,False
2026-06-12T22:44:35+00:00,conversation-11-netherlands-japan,Netherlands vs Japan,0.01,5,3-2,home,Netherlands,0.4791086682594649,0.027241576894471348,0.02702702702702703,Mega rare,70.0,70.19821748607131,35.4540414512004,1.9123101395016349,37.36635159070204,40.55949526378789,False
2026-06-14T21:19:05+00:00,conversation-ivory-coast-ecuador-20260614,Ivory Coast vs Ecuador,0.01,1,0-1,away,Ecuador,0.4080305768707585,0.12218754142139791,0.26666666666666666,Rare,30.0,29.99570939692971,34.68259903401447,3.6651019844015633,38.34770101841604,47.01579156208973,True
2026-06-14T21:19:05+00:00,conversation-ivory-coast-ecuador-20260614,Ivory Coast vs Ecuador,0.01,2,0-2,away,Ecuador,0.4080305768707585,0.0719548855037121,0.16666666666666666,Tres rare,50.0,49.99141879333606,34.68259903401447,3.5971268154426173,38.27972584945709,47.68682084587652,False
2026-06-14T21:19:05+00:00,conversation-ivory-coast-ecuador-20260614,Ivory Coast vs Ecuador,0.01,3,1-2,away,Ecuador,0.4080305768707585,0.06816778626667461,0.3,Rare,30.0,25.0,34.68259903401447,1.704194656666865,36.38679369068134,44.24979452505659,False
2026-06-14T21:19:05+00:00,conversation-ivory-coast-ecuador-20260614,Ivory Coast vs Ecuador,0.01,4,0-0,draw,Draw,0.3309788688787677,0.1349154103194602,0.3541666666666667,Exact,20.0,20.00000030360195,33.42886575675554,2.6983082473497855,36.12717400410533,51.67366033144813,False
2026-06-14T21:19:05+00:00,conversation-ivory-coast-ecuador-20260614,Ivory Coast vs Ecuador,0.01,5,0-3,away,Ecuador,0.4080305768707585,0.026983082063892036,0.13333333333333333,Tres rare,50.0,49.99999999973833,34.68259903401447,1.3491541031875411,36.03175313720202,44.11969612828277,False
2026-06-14T21:22:38+00:00,conversation-sweden-tunisia-20260614,Sweden vs Tunisia,0.01,1,2-1,home,Sweden,0.4866455242012071,0.08192548600108855,0.18421052631578946,Tres rare,50.0,48.856518702578,35.03847774248691,4.002594039029975,39.041071781516884,42.0981941103248,True
2026-06-14T21:22:38+00:00,conversation-sweden-tunisia-20260614,Sweden vs Tunisia,0.01,2,1-0,home,Sweden,0.4866455242012071,0.10946939939800628,0.27631578947368424,Rare,30.0,29.91067903743951,35.03847774248691,3.27430406981504,38.31278181230195,40.30427393177202,False
2026-06-14T21:22:38+00:00,conversation-sweden-tunisia-20260614,Sweden vs Tunisia,0.01,3,3-0,home,Sweden,0.4866455242012071,0.04884019357757203,0.05263157894736842,Tres rare,50.0,57.92431741203515,35.03847774248691,2.829034875252523,37.867512617739436,40.80130494189754,False
2026-06-14T21:22:38+00:00,conversation-sweden-tunisia-20260614,Sweden vs Tunisia,0.01,4,3-1,home,Sweden,0.4866455242012071,0.04535160832203117,0.14473684210526316,Tres rare,50.0,49.999999672974724,35.03847774248691,2.267580401270436,37.30605814375735,39.63507311252478,False
2026-06-14T21:22:38+00:00,conversation-sweden-tunisia-20260614,Sweden vs Tunisia,0.01,5,2-0,home,Sweden,0.4866455242012071,0.087575519518405,0.3157894736842105,Exact,20.0,20.571740648711003,35.03847774248691,1.801580874708756,36.840058617195666,38.24319359733311,False
2026-06-14T21:24:17+00:00,conversation-spain-cabo-verde-20260614,Spain vs Cabo Verde,0.01,1,2-0,home,Spain,0.8761844833042503,0.1234328826412814,0.15517241379310345,Tres rare,50.0,49.999926315740076,14.018951732868004,6.171635037003462,20.190586769871466,17.96433226692952,True
2026-06-14T21:24:17+00:00,conversation-spain-cabo-verde-20260614,Spain vs Cabo Verde,0.01,2,1-0,home,Spain,0.8761844833042503,0.08177428474984892,0.017241379310344827,Mega rare,70.0,73.30296898737885,14.018951732868004,5.994297858983263,20.013249591851267,21.499867750265405,False
2026-06-14T21:24:17+00:00,conversation-spain-cabo-verde-20260614,Spain vs Cabo Verde,0.01,3,3-0,home,Spain,0.8761844833042503,0.13083885559975827,0.22413793103448276,Rare,30.0,30.157874242343482,14.018951732868004,3.9458217531896485,17.964773486057652,12.134409515016873,False
2026-06-14T21:24:17+00:00,conversation-spain-cabo-verde-20260614,Spain vs Cabo Verde,0.01,4,4-0,home,Spain,0.8761844833042503,0.10903237966646522,0.20689655172413793,Rare,30.0,34.90411062562611,14.018951732868004,3.8056782416535686,17.82462997452157,13.01050297116822,False
2026-06-14T21:24:17+00:00,conversation-spain-cabo-verde-20260614,Spain vs Cabo Verde,0.01,5,5-0,home,Spain,0.8761844833042503,0.07268825311097682,0.1724137931034483,Tres rare,50.0,49.94195413332398,14.018951732868004,3.6301934028998484,17.649145135767853,14.503798990637172,False
2026-06-14T21:26:09+00:00,conversation-belgium-egypt-20260614,Belgium vs Egypt,0.01,1,1-0,home,Belgium,0.5750887185749816,0.11343228731232631,0.09210526315789473,Tres rare,50.0,50.00025477644269,32.78005695877395,5.671643265490963,38.45170022426491,36.33292604573879,True
2026-06-14T21:26:09+00:00,conversation-belgium-egypt-20260614,Belgium vs Egypt,0.01,2,2-0,home,Belgium,0.5750887185749816,0.10587013482483788,0.18421052631578946,Tres rare,50.0,48.856518702578,32.78005695877395,5.1724462221141465,37.952503180888094,35.67520306610296,False
2026-06-14T21:26:09+00:00,conversation-belgium-egypt-20260614,Belgium vs Egypt,0.01,3,3-0,home,Belgium,0.5750887185749816,0.06686534831042393,0.18421052631578946,Tres rare,50.0,48.856518702578,32.78005695877395,3.266808140282619,36.04686509905657,33.20466111752573,False
2026-06-14T21:26:09+00:00,conversation-belgium-egypt-20260614,Belgium vs Egypt,0.01,4,3-1,home,Belgium,0.5750887185749816,0.055236592082524114,0.17105263157894737,Tres rare,50.0,49.96205234832407,32.78005695877395,2.7597335051700926,35.53979046394404,32.52568142727036,False
2026-06-14T21:26:09+00:00,conversation-belgium-egypt-20260614,Belgium vs Egypt,0.01,5,2-1,home,Belgium,0.5750887185749816,0.0846961078598703,0.2236842105263158,Rare,30.0,30.178641925121326,32.78005695877395,2.5560135115544798,35.33607047032843,31.442770708349833,False
2026-06-14T21:27:22+00:00,conversation-saudi-arabia-uruguay-20260614,Saudi Arabia vs Uruguay,0.01,1,0-1,away,Uruguay,0.6443462703035279,0.12567331196541498,0.17307692307692307,Tres rare,50.0,49.92904055456469,32.21731351517639,6.2747478897476645,38.49206140492406,32.7134763784718,True
2026-06-14T21:27:22+00:00,conversation-saudi-arabia-uruguay-20260614,Saudi Arabia vs Uruguay,0.01,2,0-3,away,Uruguay,0.6443462703035279,0.08011673637795202,0.057692307692307696,Tres rare,50.0,54.41756532919888,32.21731351517639,4.359757735809409,36.5770712509858,30.84998650317627,False
2026-06-14T21:27:22+00:00,conversation-saudi-arabia-uruguay-20260614,Saudi Arabia vs Uruguay,0.01,3,0-4,away,Uruguay,0.6443462703035279,0.04005836818897601,0.019230769230769232,Mega rare,70.0,72.29979293269012,32.21731351517639,2.896211725284427,35.11352524046082,29.656643443617032,False
2026-06-14T21:27:22+00:00,conversation-saudi-arabia-uruguay-20260614,Saudi Arabia vs Uruguay,0.01,4,1-3,away,Uruguay,0.6443462703035279,0.05573338182814054,0.09615384615384616,Tres rare,50.0,50.00003923679879,32.21731351517639,2.7866712782065157,35.00398479338291,28.347620167315263,False
2026-06-14T21:27:22+00:00,conversation-saudi-arabia-uruguay-20260614,Saudi Arabia vs Uruguay,0.01,5,1-2,away,Uruguay,0.6443462703035279,0.08545785213648216,0.25,Rare,30.0,30.00000286651572,32.21731351517639,2.5637358090607414,34.78104932423713,27.100368234380174,False
2026-06-14T21:28:17+00:00,conversation-iran-new-zealand-20260614,Iran vs New Zealand,0.01,1,1-1,draw,Draw,0.2748841378462503,0.11246424870944448,0.1346153846153846,Tres rare,50.0,49.999999999378446,31.886559990165036,5.623212435402321,37.509772425567355,62.270409009598204,True
2026-06-14T21:28:17+00:00,conversation-iran-new-zealand-20260614,Iran vs New Zealand,0.01,2,3-0,home,Iran,0.5001350923538528,0.049311247511064124,0.02631578947368421,Mega rare,70.0,70.316980214405,31.508510818292727,3.467418015583124,34.97592883387585,37.991288956871756,False
2026-06-14T21:28:17+00:00,conversation-iran-new-zealand-20260614,Iran vs New Zealand,0.01,3,2-2,draw,Draw,0.2748841378462503,0.040065388602739595,0.019230769230769232,Mega rare,70.0,72.29979293269012,31.886559990165036,2.8967192997458358,34.78327928991087,58.07779073975655,False
2026-06-14T21:28:17+00:00,conversation-iran-new-zealand-20260614,Iran vs New Zealand,0.01,4,2-1,home,Iran,0.5001350923538528,0.08013077720547919,0.21052631578947367,Rare,30.0,32.92509878183886,31.508510818292727,2.638313754955924,34.14682457324865,35.24665971165105,False
2026-06-14T21:28:17+00:00,conversation-iran-new-zealand-20260614,Iran vs New Zealand,0.01,5,1-0,home,Iran,0.5001350923538528,0.12569533679290856,0.3157894736842105,Exact,20.0,20.571740648711003,31.508510818292727,2.5857718692560967,34.09428268754883,34.67412171183688,False
2026-06-14T21:33:49+00:00,conversation-france-senegal-20260614,France vs Senegal,0.01,1,1-0,home,France,0.6621982806461284,0.11640675476090612,0.05063291139240506,Tres rare,50.0,59.49542225166093,30.461120909721906,6.925669027445651,37.386789937167556,32.62296939039494,True
2026-06-14T21:33:49+00:00,conversation-france-senegal-20260614,France vs Senegal,0.01,2,2-0,home,France,0.6621982806461284,0.11432806271160423,0.1518987341772152,Tres rare,50.0,49.999984916525634,30.461120909721906,5.716401411115808,36.17752232083772,30.068711133286197,False
2026-06-14T21:33:49+00:00,conversation-france-senegal-20260614,France vs Senegal,0.01,3,3-0,home,France,0.6621982806461284,0.08002964389812296,0.06329113924050633,Tres rare,50.0,51.83810395512797,30.461120909721906,4.148584999882771,34.60970590960468,28.333303467193137,False
2026-06-14T21:33:49+00:00,conversation-france-senegal-20260614,France vs Senegal,0.01,4,4-0,home,France,0.6621982806461284,0.042682476745665575,0.02531645569620253,Mega rare,70.0,70.49710740081917,30.461120909721906,3.008991147272153,33.47011205699406,27.763846657353383,False
2026-06-14T21:33:49+00:00,conversation-france-senegal-20260614,France vs Senegal,0.01,5,2-1,home,France,0.6621982806461284,0.08536495349133115,0.2911392405063291,Rare,30.0,28.122116989542963,30.461120909721906,2.4006432088901084,32.861764118612015,24.71817922961779,False
2026-06-16T21:59:00+00:00,model-injected-iraq-norway-20260617,Iraq vs Norway,0.0,1,0-2,away,Norway,0.7820830040097404,0.18177909514635182,0.24016461748548537,Rare,30.0,30.0,23.462490120292212,5.453372854390555,28.915862974682767,18.93544636213487,True
2026-06-16T21:59:00+00:00,model-injected-iraq-norway-20260617,Iraq vs Norway,0.0,2,0-3,away,Norway,0.7820830040097404,0.09967946393867748,0.16115547082025133,Tres rare,50.0,50.0,23.462490120292212,4.983973196933874,28.446463317226087,21.04543846093978,False
2026-06-16T21:59:00+00:00,model-injected-iraq-norway-20260617,Iraq vs Norway,0.0,3,0-1,away,Norway,0.7820830040097404,0.09458704099384437,0.11113054581391076,Tres rare,50.0,50.0,23.462490120292212,4.729352049692218,28.19184216998443,20.720122203732245,False
2026-06-16T21:59:00+00:00,model-injected-iraq-norway-20260617,Iraq vs Norway,0.0,4,1-3,away,Norway,0.7820830040097404,0.06705466286418076,0.10343440350524298,Tres rare,50.0,50.0,23.462490120292212,3.3527331432090377,26.81522326350125,18.804764042400052,False
2026-06-16T21:59:00+00:00,model-injected-iraq-norway-20260617,Iraq vs Norway,0.0,5,1-2,away,Norway,0.7820830040097404,0.10986648607746538,0.24199619940504818,Rare,30.0,30.0,23.462490120292212,3.2959945823239614,26.758484702616173,16.8670599820413,False
2026-06-17T00:00:00+00:00,conversation-argentina-algeria-20260617,Argentina vs Algeria,0.01,1,1-0,home,Argentina,0.6770062098225214,0.11712085056808323,0.07692307692307693,Tres rare,50.0,50.07095944544486,29.11126702236842,5.8643533590105035,34.975620381378924,28.751074342838766,True
2026-06-17T00:00:00+00:00,conversation-argentina-algeria-20260617,Argentina vs Algeria,0.01,2,3-0,home,Argentina,0.6770062098225214,0.083118022983801,0.09230769230769231,Tres rare,50.0,50.000232893507494,29.11126702236842,4.155920506837958,33.26718752920638,26.651177456611055,False
2026-06-17T00:00:00+00:00,conversation-argentina-algeria-20260617,Argentina vs Algeria,0.01,3,2-0,home,Argentina,0.6770062098225214,0.11712085056808323,0.26153846153846155,Rare,30.0,29.999400075358114,29.11126702236842,3.5135552533581627,32.62482227572658,24.39213925799722,False
2026-06-17T00:00:00+00:00,conversation-argentina-algeria-20260617,Argentina vs Algeria,0.01,4,4-0,home,Argentina,0.6770062098225214,0.04601176272317555,0.015384615384615385,Mega rare,70.0,74.48045751391751,29.11126702236842,3.4269771386439305,32.53824416101235,27.354767659571937,False
2026-06-17T00:00:00+00:00,conversation-argentina-algeria-20260617,Argentina vs Algeria,0.01,5,3-1,home,Argentina,0.6770062098225214,0.058560425284041616,0.16923076923076924,Tres rare,50.0,49.979085073395225,29.11126702236842,2.9267964772053205,32.03806349957374,24.967069240284165,False
2026-06-17T00:05:00+00:00,conversation-austria-jordan-20260617,Austria vs Jordan,0.01,1,1-0,home,Austria,0.72048265083214,0.1145845362389655,0.18421052631578946,Tres rare,50.0,48.856518702578,27.37834073162132,5.598201537785244,32.976542269406565,25.580602871936037,True
2026-06-17T00:05:00+00:00,conversation-austria-jordan-20260617,Austria vs Jordan,0.01,2,3-0,home,Austria,0.72048265083214,0.08850667626733887,0.13157894736842105,Tres rare,50.0,49.99999999992197,27.37834073162132,4.425333813360037,31.80367454498136,24.217664910591044,False
2026-06-17T00:05:00+00:00,conversation-austria-jordan-20260617,Austria vs Jordan,0.01,3,2-1,home,Austria,0.72048265083214,0.08555645372509424,0.13157894736842105,Tres rare,50.0,49.99999999992197,27.37834073162132,4.277822686248036,31.656163417869358,24.02644218210038,False
2026-06-17T00:05:00+00:00,conversation-austria-jordan-20260617,Austria vs Jordan,0.01,4,3-1,home,Austria,0.72048265083214,0.06416734029382068,0.05263157894736842,Tres rare,50.0,57.92431741203515,27.37834073162132,3.716849386665342,31.095190118286663,24.028794805150206,False
2026-06-17T00:05:00+00:00,conversation-austria-jordan-20260617,Austria vs Jordan,0.01,5,4-0,home,Austria,0.72048265083214,0.05133387223505654,0.039473684210526314,Mega rare,70.0,67.08339235917373,27.37834073162132,3.443650292459992,30.821991024081314,24.201043691748406,False
2026-06-17T00:10:00+00:00,conversation-portugal-rd-congo-20260617,Portugal vs RD Congo,0.01,1,1-0,home,Portugal,0.7512056858146061,0.1126144883745818,0.05,Tres rare,50.0,60.00010193019374,25.540993317696607,6.756880781291526,32.29787409898813,26.48366577723329,True
2026-06-17T00:10:00+00:00,conversation-portugal-rd-congo-20260617,Portugal vs RD Congo,0.01,2,2-0,home,Portugal,0.7512056858146061,0.1258632517127679,0.2125,Rare,30.0,32.11299547333711,25.540993317696607,4.041846032511605,29.58283935020821,20.06608392347702,False
2026-06-17T00:10:00+00:00,conversation-portugal-rd-congo-20260617,Portugal vs RD Congo,0.01,3,2-1,home,Portugal,0.7512056858146061,0.08023782296688954,0.1,Tres rare,50.0,50.00000573303144,25.540993317696607,4.011891608350439,29.552884926047046,21.643105307124372,False
2026-06-17T00:10:00+00:00,conversation-portugal-rd-congo-20260617,Portugal vs RD Congo,0.01,4,3-1,home,Portugal,0.7512056858146061,0.06419025837351164,0.15,Tres rare,50.0,49.99999426696857,25.540993317696607,3.209512550670813,28.75050586836742,20.506697809585727,False
2026-06-17T00:10:00+00:00,conversation-portugal-rd-congo-20260617,Portugal vs RD Congo,0.01,5,4-0,home,Portugal,0.7512056858146061,0.06419025837351164,0.0875,Tres rare,50.0,50.001768345704015,25.540993317696607,3.209626429243216,28.750619746939822,20.5070597931296,False
2026-06-17T00:15:00+00:00,conversation-england-croatia-20260617,England vs Croatia,0.01,1,1-0,home,England,0.5481178212211185,0.11109743257970636,0.09433962264150944,Tres rare,50.0,50.000092516826605,32.33895145204599,5.554881907367224,37.893833359413215,37.48701653805171,True
2026-06-17T00:15:00+00:00,conversation-england-croatia-20260617,England vs Croatia,0.01,2,2-0,home,England,0.5481178212211185,0.0974239024160502,0.1320754716981132,Tres rare,50.0,49.99999999988976,32.33895145204599,4.87119512079177,37.21014657283776,36.630095659052536,False
2026-06-17T00:15:00+00:00,conversation-england-croatia-20260617,England vs Croatia,0.01,3,3-0,home,England,0.5481178212211185,0.05756866960948421,0.03773584905660377,Mega rare,70.0,67.8155037858041,32.33895145204599,3.9040483318456816,36.24299978389167,36.36154716016521,False
2026-06-17T00:15:00+00:00,conversation-england-croatia-20260617,England vs Croatia,0.01,4,3-1,home,England,0.5481178212211185,0.050660429256346104,0.1320754716981132,Tres rare,50.0,49.99999999988976,32.33895145204599,2.5330214628117202,34.87197291485771,33.428898373239065,False
2026-06-17T00:15:00+00:00,conversation-england-croatia-20260617,England vs Croatia,0.01,5,4-0,home,England,0.5481178212211185,0.02638564023768026,0.0,Ultra rare,100.0,90.74386810518897,32.33895145204599,2.394335057599024,34.73328650964501,34.73421895476948,False
2026-06-17T00:20:00+00:00,conversation-ghana-panama-20260618,Ghana vs Panama,0.01,1,2-1,home,Ghana,0.47603602128472483,0.07938138942780212,0.18604651162790697,Tres rare,50.0,48.37089328344114,34.75062955378491,3.8397487167034994,38.59037827048841,42.3826590506094,True
2026-06-17T00:20:00+00:00,conversation-ghana-panama-20260618,Ghana vs Panama,0.01,2,2-0,home,Ghana,0.47603602128472483,0.07938138942780212,0.23255813953488372,Rare,30.0,30.011306781332102,34.75062955378491,2.382339230846162,37.132968784631075,39.714923752861786,False
2026-06-17T00:20:00+00:00,conversation-ghana-panama-20260618,Ghana vs Panama,0.01,3,3-1,home,Ghana,0.47603602128472483,0.037355947966024525,0.046511627906976744,Mega rare,70.0,62.7283809153502,34.75062955378491,2.343278133466788,37.0939076872517,40.6620838412287,False
2026-06-17T00:20:00+00:00,conversation-ghana-panama-20260618,Ghana vs Panama,0.01,4,1-0,home,Ghana,0.47603602128472483,0.10949157162455465,0.37209302325581395,Exact,20.0,20.000000000002814,34.75062955378491,2.189831432491401,36.940460986276314,39.18814000869751,False
2026-06-17T00:20:00+00:00,conversation-ghana-panama-20260618,Ghana vs Panama,0.01,5,3-0,home,Ghana,0.47603602128472483,0.037355947966024525,0.06976744186046512,Tres rare,50.0,50.48070553634744,34.75062955378491,1.8857546093040012,36.63638416308891,39.56559390527673,False
2026-06-17T00:25:00+00:00,conversation-uzbekistan-colombia-20260618,Uzbekistan vs Colombia,0.01,1,0-1,away,Colombia,0.6743744880241006,0.12437874858347013,0.09803921568627451,Tres rare,50.0,50.00001555877958,29.672477473060425,6.21893936435504,35.89141683741546,29.590690663809315,True
2026-06-17T00:25:00+00:00,conversation-uzbekistan-colombia-20260618,Uzbekistan vs Colombia,0.01,2,0-3,away,Colombia,0.6743744880241006,0.08920958519090272,0.09803921568627451,Tres rare,50.0,50.00001555877958,29.672477473060425,4.460480647537408,34.132958120597834,27.496847187846733,False
2026-06-17T00:25:00+00:00,conversation-uzbekistan-colombia-20260618,Uzbekistan vs Colombia,0.01,3,1-2,away,Colombia,0.6743744880241006,0.08345412808181223,0.09803921568627451,Tres rare,50.0,50.00001555877958,29.672477473060425,4.1727077025349955,33.84518517559542,27.12795980322242,False
2026-06-17T00:25:00+00:00,conversation-uzbekistan-colombia-20260618,Uzbekistan vs Colombia,0.01,4,0-4,away,Colombia,0.6743744880241006,0.04975149943338806,0.0196078431372549,Mega rare,70.0,72.13740013245992,29.672477473060425,3.588943821816167,33.26142129487659,27.874950695587515,False
2026-06-17T00:25:00+00:00,conversation-uzbekistan-colombia-20260618,Uzbekistan vs Colombia,0.01,5,1-3,away,Colombia,0.6743744880241006,0.05879722660309498,0.1568627450980392,Tres rare,50.0,49.99983947375056,29.672477473060425,2.939851891656485,32.61232936471691,25.450427503590756,False
2026-06-18T15:59:00+00:00,conversation-round2-20260619,Canada vs Qatar,0.01,1,1-0,home,Canada,0.7499282427250122,0.11019742704656575,0.15853658536585366,Tres rare,50.0,49.999662170098254,53.24490523347587,5.509834124342336,58.7547393578182,37.2311148047676,True
2026-06-18T15:59:00+00:00,conversation-round2-20260619,Canada vs Qatar,0.01,2,4-0,home,Canada,0.7499282427250122,0.0608709597019125,0.024390243902439025,Mega rare,70.0,70.68309684101524,53.24490523347587,4.302547939415818,57.547453172891686,37.219548971040844,False
2026-06-18T15:59:00+00:00,conversation-round2-20260619,Canada vs Qatar,0.01,3,2-1,home,Canada,0.7499282427250122,0.08247033249936532,0.18292682926829268,Tres rare,50.0,49.12236865571708,53.24490523347587,4.051138076193388,57.29604330966926,35.68191203956392,False
2026-06-18T15:59:00+00:00,conversation-round2-20260619,Canada vs Qatar,0.01,4,2-0,home,Canada,0.7499282427250122,0.12532256409217282,0.2926829268292683,Rare,30.0,27.678263853037677,53.24490523347587,3.4687109956823847,56.713616229158255,33.9816565002982,False
2026-06-18T15:59:00+00:00,conversation-round2-20260619,Canada vs Qatar,0.01,5,3-0,home,Canada,0.7499282427250122,0.09833001182616635,0.2073170731707317,Rare,30.0,34.64347229392466,53.24490523347587,3.4064930403610783,56.651398273836946,34.34754405218517,False
2026-06-18T15:59:00+00:00,conversation-round2-20260619,Czechia vs South Africa,0.01,1,1-0,home,Czechia,0.5283057172401022,0.10481098207055338,0.14705882352941177,Tres rare,50.0,49.99999880407573,32.75495446888634,5.240548978181672,37.99550344706801,38.716978359862054,True
2026-06-18T15:59:00+00:00,conversation-round2-20260619,Czechia vs South Africa,0.01,2,0-1,away,South Africa,0.23219648072003876,0.06619640972877056,0.16666666666666666,Tres rare,50.0,49.99141879333606,32.971900262245505,3.309252441366234,36.28115270361174,66.86524560487474,False
2026-06-18T15:59:00+00:00,conversation-round2-20260619,Czechia vs South Africa,0.01,3,3-0,home,Czechia,0.5283057172401022,0.05030927139386562,0.07352941176470588,Tres rare,50.0,50.18625580298255,32.75495446888634,2.5248339634342125,35.27978843232055,35.01600694598608,False
2026-06-18T15:59:00+00:00,conversation-round2-20260619,Czechia vs South Africa,0.01,4,2-1,home,Czechia,0.5283057172401022,0.0838487856564427,0.27941176470588236,Rare,30.0,29.802444266112207,32.75495446888634,2.498898761307322,35.25385323019366,34.24138026669669,False
2026-06-18T15:59:00+00:00,conversation-round2-20260619,Czechia vs South Africa,0.01,5,3-1,home,Czechia,0.5283057172401022,0.04837429941717849,0.08823529411764706,Tres rare,50.0,50.001315548907186,32.75495446888634,2.4187786096156585,35.173733078501996,34.849499439437345,False
2026-06-18T15:59:00+00:00,conversation-round2-20260619,Mexico vs South Korea,0.01,1,0-0,draw,Draw,0.2894937532904617,0.09105198038238854,0.05714285714285714,Tres rare,50.0,54.75050800844261,33.870769134984016,4.985142181110523,38.85591131609454,62.44322667803806,True
2026-06-18T15:59:00+00:00,conversation-round2-20260619,Mexico vs South Korea,0.01,2,1-0,home,Mexico,0.4716456636391982,0.11181822152223155,0.08,Tres rare,50.0,50.02699796063356,32.54355079110468,5.593929940054349,38.13748073115903,42.92910105363159,False
2026-06-18T15:59:00+00:00,conversation-round2-20260619,Mexico vs South Korea,0.01,3,2-0,home,Mexico,0.4716456636391982,0.08498184835689597,0.14,Tres rare,50.0,49.99999998026824,32.54355079110468,4.249092416167957,36.79264320727263,41.11734165285772,False
2026-06-18T15:59:00+00:00,conversation-round2-20260619,Mexico vs South Korea,0.01,4,1-1,draw,Draw,0.2894937532904617,0.11588433866849451,0.4857142857142857,Exact,20.0,20.0,33.870769134984016,2.31768677336989,36.18845590835391,56.93828315112958,False
2026-06-18T15:59:00+00:00,conversation-round2-20260619,Mexico vs South Korea,0.01,5,3-0,home,Mexico,0.4716456636391982,0.042490924178447985,0.06,Tres rare,50.0,53.17310564831602,32.54355079110468,2.2593744004352003,34.80292519153988,38.32051362646828,False
2026-06-18T15:59:00+00:00,conversation-round2-20260619,Switzerland vs Bosnia-Herzegovina,0.01,1,1-0,home,Switzerland,0.6141649998101066,0.1182198135235866,0.13725490196078433,Tres rare,50.0,49.999999996492626,46.676539985568105,5.910990675764689,52.58753066133279,44.45209527501024,True
2026-06-18T15:59:00+00:00,conversation-round2-20260619,Switzerland vs Bosnia-Herzegovina,0.01,2,3-0,home,Switzerland,0.6141649998101066,0.07093188811415196,0.0392156862745098,Mega rare,70.0,67.20092622454438,46.676539985568105,4.766688580126762,51.44322856569487,44.151127745712145,False
2026-06-18T15:59:00+00:00,conversation-round2-20260619,Switzerland vs Bosnia-Herzegovina,0.01,3,2-0,home,Switzerland,0.6141649998101066,0.10639783217122793,0.19607843137254902,Tres rare,50.0,43.05057684961832,46.676539985568105,4.58048805052024,51.25702803608834,42.69907019215623,False
2026-06-18T15:59:00+00:00,conversation-round2-20260619,Switzerland vs Bosnia-Herzegovina,0.01,4,3-1,home,Switzerland,0.6141649998101066,0.05551191243716241,0.13725490196078433,Tres rare,50.0,49.999999996492626,46.676539985568105,2.7755956216634194,49.452135607231526,40.774669077226484,False
2026-06-18T15:59:00+00:00,conversation-round2-20260619,Switzerland vs Bosnia-Herzegovina,0.01,5,4-0,home,Switzerland,0.6141649998101066,0.03359931542249303,0.0196078431372549,Mega rare,70.0,72.13740013245992,46.676539985568105,2.4237672608091114,49.10030724637722,41.0106640421825,False
2026-06-19T00:05:00+00:00,conversation-usa-australia-20260619,United States vs Australia,0.01,1,1-0,home,United States,0.5959697571355351,0.10577550599883209,0.06493506493506493,Tres rare,50.0,51.35304658855222,34.56624591386104,5.431894487485709,39.998140401346745,36.28641420217389,True
2026-06-19T00:05:00+00:00,conversation-usa-australia-20260619,United States vs Australia,0.01,2,2-0,home,United States,0.5959697571355351,0.09763892861430655,0.1038961038961039,Tres rare,50.0,50.00000070610596,34.56624591386104,4.881946499658756,39.44819241351979,35.4835948302769,False
2026-06-19T00:05:00+00:00,conversation-usa-australia-20260619,United States vs Australia,0.01,3,3-0,home,United States,0.5959697571355351,0.06680558273610447,0.06493506493506493,Tres rare,50.0,51.35304658855222,34.56624591386104,3.4306702026225526,37.99691611648359,33.71787740926618,False
2026-06-19T00:05:00+00:00,conversation-usa-australia-20260619,United States vs Australia,0.01,4,3-1,home,United States,0.5959697571355351,0.05769573054481751,0.15584415584415584,Tres rare,50.0,49.99989926254251,34.56624591386104,2.8847807151196725,37.45102662898071,32.88063703436336,False
2026-06-19T00:05:00+00:00,conversation-usa-australia-20260619,United States vs Australia,0.01,5,2-1,home,United States,0.5959697571355351,0.0875383497921369,0.2857142857142857,Rare,30.0,29.234362744901656,34.56624591386104,2.5591278719134167,37.12537378577446,31.60444748975713,False
2026-06-19T00:10:00+00:00,conversation-scotland-morocco-20260620,Scotland vs Morocco,0.01,1,0-1,away,Morocco,0.5536963727930095,0.1254744344801271,0.09876543209876543,Tres rare,50.0,50.00001079610474,50.386369924163866,6.273723078641492,56.660093002805354,53.20053921795949,True
2026-06-19T00:10:00+00:00,conversation-scotland-morocco-20260620,Scotland vs Morocco,0.01,2,0-2,away,Morocco,0.5536963727930095,0.10665326930810802,0.25925925925925924,Rare,30.0,29.999769042169365,50.386369924163866,3.1995734468355312,53.585943370999395,48.90823462689384,False
2026-06-19T00:10:00+00:00,conversation-scotland-morocco-20260620,Scotland vs Morocco,0.01,3,0-3,away,Morocco,0.5536963727930095,0.06399196158486482,0.1111111111111111,Tres rare,50.0,50.00000000989399,50.386369924163866,3.199598079876377,53.58596800404024,49.55815221277451,False
2026-06-19T00:10:00+00:00,conversation-scotland-morocco-20260620,Scotland vs Morocco,0.01,4,1-2,away,Morocco,0.5536963727930095,0.0825702730127288,0.2222222222222222,Rare,30.0,30.262682913820388,50.386369924163866,2.4987979902917927,52.88516791445566,48.1575367071043,False
2026-06-19T00:10:00+00:00,conversation-scotland-morocco-20260620,Scotland vs Morocco,0.01,5,1-3,away,Morocco,0.5536963727930095,0.049224585834511406,0.1728395061728395,Tres rare,50.0,49.93393393715251,50.386369924163866,2.457977217144186,52.84434714130805,48.608515616585635,False
2026-06-19T00:15:00+00:00,conversation-brazil-haiti-20260620,Brazil vs Haiti,0.01,1,2-0,home,Brazil,0.8667732401615486,0.10734148430676609,0.10144927536231885,Tres rare,50.0,50.000002676240946,18.20223804339252,5.36707450260998,23.5693125460025,17.902664029948937,True
2026-06-19T00:15:00+00:00,conversation-brazil-haiti-20260620,Brazil vs Haiti,0.01,2,1-0,home,Brazil,0.8667732401615486,0.07156098953784405,0.028985507246376812,Mega rare,70.0,69.89088598499947,18.20223804339252,5.001460960763199,23.203699004155716,20.111986209562048,False
2026-06-19T00:15:00+00:00,conversation-brazil-haiti-20260620,Brazil vs Haiti,0.01,3,3-0,home,Brazil,0.8667732401615486,0.11500873318582082,0.2028985507246377,Rare,30.0,37.719271137204444,18.20223804339252,4.338045590182378,22.540283633574898,15.195758449408089,False
2026-06-19T00:15:00+00:00,conversation-brazil-haiti-20260620,Brazil vs Haiti,0.01,4,4-0,home,Brazil,0.8667732401615486,0.09908444705239948,0.2028985507246377,Rare,30.0,37.719271137204444,18.20223804339252,3.737393123849434,21.939631167241952,14.430345584484801,False
2026-06-19T00:15:00+00:00,conversation-brazil-haiti-20260620,Brazil vs Haiti,0.01,5,5-0,home,Brazil,0.8667732401615486,0.0677946216674312,0.15942028985507245,Tres rare,50.0,49.999504990901784,18.20223804339252,3.389697524417025,21.591935567809543,15.095909473249181,False
2026-06-19T00:20:00+00:00,conversation-turkey-paraguay-20260620,Turkey vs Paraguay,0.01,1,1-0,home,Turkey,0.473958264741757,0.10060925311336165,0.11428571428571428,Tres rare,50.0,50.00000000128809,39.812494238307586,5.030462655797677,44.842956894105264,49.2950260369565,True
2026-06-19T00:20:00+00:00,conversation-turkey-paraguay-20260620,Turkey vs Paraguay,0.01,2,2-0,home,Turkey,0.473958264741757,0.07860097899481379,0.15714285714285714,Tres rare,50.0,49.99981784702852,39.812494238307586,3.930034632338804,43.74252887064639,47.828734086805056,False
2026-06-19T00:20:00+00:00,conversation-turkey-paraguay-20260620,Turkey vs Paraguay,0.01,3,3-0,home,Turkey,0.473958264741757,0.04192052213056736,0.05714285714285714,Tres rare,50.0,54.75050800844261,39.812494238307586,2.295169882627724,42.10766412093531,45.66706956700561,False
2026-06-19T00:20:00+00:00,conversation-turkey-paraguay-20260620,Turkey vs Paraguay,0.01,4,3-1,home,Turkey,0.473958264741757,0.04336605737644899,0.12857142857142856,Tres rare,50.0,49.9999999999909,39.812494238307586,2.168302868822055,41.98079710712964,45.32716862623398,False
2026-06-19T00:20:00+00:00,conversation-turkey-paraguay-20260620,Turkey vs Paraguay,0.01,5,2-1,home,Turkey,0.473958264741757,0.0811364944462594,0.38571428571428573,Exact,20.0,20.0,39.812494238307586,1.6227298889251878,41.43522412723277,43.959582990080335,False
2026-06-20T00:00:00+00:00,conversation-netherlands-sweden-20260620,Netherlands vs Sweden,0.01,1,3-0,home,Netherlands,0.5544434846659608,0.05664313092300605,0.018518518518518517,Mega rare,70.0,72.62990985212207,37.14771347261937,4.113985492679878,41.26169896529925,40.50389128449682,True
2026-06-20T00:00:00+00:00,conversation-netherlands-sweden-20260620,Netherlands vs Sweden,0.01,2,1-0,home,Netherlands,0.5544434846659608,0.08039670195523439,0.12962962962962962,Tres rare,50.0,49.999999999980375,37.14771347261937,4.019835097760142,41.167548570379516,39.1634958265827,False
2026-06-20T00:00:00+00:00,conversation-netherlands-sweden-20260620,Netherlands vs Sweden,0.01,3,2-0,home,Netherlands,0.5544434846659608,0.08039670195523439,0.12962962962962962,Tres rare,50.0,49.999999999980375,37.14771347261937,4.019835097760142,41.167548570379516,39.1634958265827,False
2026-06-20T00:00:00+00:00,conversation-netherlands-sweden-20260620,Netherlands vs Sweden,0.01,4,3-1,home,Netherlands,0.5544434846659608,0.062307444015306655,0.12962962962962962,Tres rare,50.0,49.999999999980375,37.14771347261937,3.11537220076411,40.263085673383486,37.96062722958934,False
2026-06-20T00:00:00+00:00,conversation-netherlands-sweden-20260620,Netherlands vs Sweden,0.01,5,4-1,home,Netherlands,0.5544434846659608,0.0327933915870035,0.018518518518518517,Mega rare,70.0,72.62990985212207,37.14771347261937,2.3817810747094024,39.529494547328774,37.69417077279766,False
2026-06-20T00:05:00+00:00,conversation-germany-ivory-coast-20260620,Germany vs Ivory Coast,0.01,1,0-1,away,Ivory Coast,0.18693480065708828,0.04158572133170206,0.1111111111111111,Tres rare,50.0,50.00000000989399,30.65730730776248,2.0792860669965516,32.73659337475903,68.86279101257969,True
2026-06-20T00:05:00+00:00,conversation-germany-ivory-coast-20260620,Germany vs Ivory Coast,0.01,2,1-3,away,Ivory Coast,0.18693480065708828,0.01641541631514555,0.0,Ultra rare,100.0,90.74386810518897,30.65730730776248,1.4895983729933349,32.146905680755815,67.98004805732195,False
2026-06-20T00:05:00+00:00,conversation-germany-ivory-coast-20260620,Germany vs Ivory Coast,0.01,3,0-2,away,Ivory Coast,0.18693480065708828,0.021509855861225204,0.1111111111111111,Tres rare,50.0,50.00000000989399,30.65730730776248,1.0754927932740785,31.73280010103656,66.53844055952318,False
2026-06-20T00:05:00+00:00,conversation-germany-ivory-coast-20260620,Germany vs Ivory Coast,0.01,4,0-0,draw,Draw,0.21450475026324212,0.04620635703522451,0.1111111111111111,Tres rare,50.0,50.00000000989399,29.38715078606417,2.3103178522183905,31.697468638282558,61.399129666198405,False
2026-06-20T00:05:00+00:00,conversation-germany-ivory-coast-20260620,Germany vs Ivory Coast,0.01,5,1-2,away,Ivory Coast,0.18693480065708828,0.04301971172245041,0.4444444444444444,Exact,20.0,20.0,30.65730730776248,0.8603942344490081,31.517701542211487,65.83198372795233,False
2026-06-20T00:10:00+00:00,conversation-ecuador-curacao-20260621,Ecuador vs Curacao,0.01,1,4-0,home,Ecuador,0.8760387032831305,0.09264214217601403,0.07692307692307693,Tres rare,50.0,50.07095944544486,35.91758683460835,4.638680943834336,40.55626777844269,20.989908459560382,True
2026-06-20T00:10:00+00:00,conversation-ecuador-curacao-20260621,Ecuador vs Curacao,0.01,2,2-1,home,Ecuador,0.8760387032831305,0.06826263107706297,0.05128205128205128,Tres rare,50.0,58.97992174570994,35.91758683460835,4.026124639081441,39.94371147368979,21.24803828803034,False
2026-06-20T00:10:00+00:00,conversation-ecuador-curacao-20260621,Ecuador vs Curacao,0.01,3,2-0,home,Ecuador,0.8760387032831305,0.13234591739430576,0.2692307692307692,Rare,30.0,29.989542536741805,35.91758683460835,3.96899351926065,39.886580353869,18.060491743008875,False
2026-06-20T00:10:00+00:00,conversation-ecuador-curacao-20260621,Ecuador vs Curacao,0.01,4,5-0,home,Ecuador,0.8760387032831305,0.05639086915061724,0.02564102564102564,Mega rare,70.0,70.4365709353838,35.91758683460835,3.971979455035397,39.889566289643746,22.092196366620723,False
2026-06-20T00:10:00+00:00,conversation-ecuador-curacao-20260621,Ecuador vs Curacao,0.01,5,3-0,home,Ecuador,0.8760387032831305,0.12471057600617273,0.21794871794871795,Rare,30.0,30.726741286768934,35.91758683460835,3.8319496046656027,39.74953643927395,18.063924961877557,False
2026-06-20T00:15:00+00:00,conversation-tunisia-japan-20260621,Tunisia vs Japan,0.01,1,0-1,away,Japan,0.6271803358681578,0.12571065540744866,0.10126582278481013,Tres rare,50.0,50.000002950491464,57.07341056400236,6.2855331412806486,63.35894370528301,51.35726169312066,True
2026-06-20T00:15:00+00:00,conversation-tunisia-japan-20260621,Tunisia vs Japan,0.01,2,1-2,away,Japan,0.6271803358681578,0.08548324567706507,0.189873417721519,Tres rare,50.0,46.88776563150529,57.07341056400236,4.008118388726615,61.08152895272897,48.83266664285211,False
2026-06-20T00:15:00+00:00,conversation-tunisia-japan-20260621,Tunisia vs Japan,0.01,3,0-3,away,Japan,0.6271803358681578,0.0712360380642209,0.11392405063291139,Tres rare,50.0,50.00000000163297,57.07341056400236,3.561801903327371,60.63521246732973,48.40856754693419,False
2026-06-20T00:15:00+00:00,conversation-tunisia-japan-20260621,Tunisia vs Japan,0.01,4,0-2,away,Japan,0.6271803358681578,0.11247795483824351,0.27848101265822783,Rare,30.0,29.84297334508586,57.07341056400236,3.356676608147472,60.43008717214983,47.467326929982626,False
2026-06-20T00:15:00+00:00,conversation-tunisia-japan-20260621,Tunisia vs Japan,0.01,5,1-3,away,Japan,0.6271803358681578,0.05342702854816567,0.1518987341772152,Tres rare,50.0,49.999984916525634,57.07341056400236,2.6713506215430676,59.74476118554543,47.370847493246245,False
2026-06-21T00:00:00+00:00,conversation-spain-saudi-20260621,Spain vs Saudi Arabia,0.01,1,2-0,home,Spain,0.8683772117388139,0.11296729678147988,0.1686746987951807,Tres rare,50.0,49.98266933557494,26.91969356390323,5.646407040762468,32.5661006046657,20.15684614476787,True
2026-06-21T00:00:00+00:00,conversation-spain-saudi-20260621,Spain vs Saudi Arabia,0.01,2,4-0,home,Spain,0.8683772117388139,0.09539460617102745,0.10843373493975904,Tres rare,50.0,50.000000051154146,26.91969356390323,4.769730313431202,31.689423877334434,19.091901692851586,False
2026-06-21T00:00:00+00:00,conversation-spain-saudi-20260621,Spain vs Saudi Arabia,0.01,3,1-0,home,Spain,0.8683772117388139,0.08048919895680441,0.060240963855421686,Tres rare,50.0,53.05789801139238,26.91969356390323,4.270587709268798,31.19028127317203,18.90004294489262,False
2026-06-21T00:00:00+00:00,conversation-spain-saudi-20260621,Spain vs Saudi Arabia,0.01,4,3-0,home,Spain,0.8683772117388139,0.11707519848262461,0.20481927710843373,Rare,30.0,36.298573000325625,26.91969356390323,4.249662638649161,31.169356202552393,17.053475638814884,False
2026-06-21T00:00:00+00:00,conversation-spain-saudi-20260621,Spain vs Saudi Arabia,0.01,5,5-0,home,Spain,0.8683772117388139,0.06778037806888793,0.07228915662650602,Tres rare,50.0,50.25819516809405,26.91969356390323,3.4065194695533707,30.3262130334566,17.250696326493077,False
2026-06-21T00:05:00+00:00,conversation-belgium-iran-20260621,Belgium vs Iran,0.01,1,1-0,home,Belgium,0.6731927385682102,0.10849531725011527,0.04597701149425287,Mega rare,70.0,63.12598490563381,26.254516804160197,6.8488737590627276,33.10339056322292,30.073883652044522,True
2026-06-21T00:05:00+00:00,conversation-belgium-iran-20260621,Belgium vs Iran,0.01,2,0-0,draw,Draw,0.20582044375888373,0.06401223717756802,0.14285714285714285,Tres rare,50.0,49.999999889834235,28.403221238725955,3.200611851826444,31.6038330905524,62.96222461454606,False
2026-06-21T00:05:00+00:00,conversation-belgium-iran-20260621,Belgium vs Iran,0.01,3,3-0,home,Belgium,0.6731927385682102,0.0825964350678297,0.10344827586206896,Tres rare,50.0,50.000000905031584,26.254516804160197,4.129821828143867,30.384338632304065,25.086556568704367,False
2026-06-21T00:05:00+00:00,conversation-belgium-iran-20260621,Belgium vs Iran,0.01,4,2-0,home,Belgium,0.6731927385682102,0.11230217048696142,0.20689655172413793,Rare,30.0,34.90411062562611,26.254516804160197,3.919807382174825,30.17432418633502,23.755265225069266,False
2026-06-21T00:05:00+00:00,conversation-belgium-iran-20260621,Belgium vs Iran,0.01,5,1-1,draw,Draw,0.20582044375888373,0.08534964957009068,0.42857142857142855,Exact,20.0,20.0,28.403221238725955,1.7069929914018136,30.110214230127767,59.315170533472546,False
2026-06-21T00:10:00+00:00,conversation-uruguay-cabo-verde-20260621,Uruguay vs Cabo Verde,0.01,1,1-0,home,Uruguay,0.6471614225666821,0.13485151690252217,0.18571428571428572,Tres rare,50.0,48.468725489803305,46.59562242480111,6.536081154631917,53.13170357943302,42.35223480073643,True
2026-06-21T00:10:00+00:00,conversation-uruguay-cabo-verde-20260621,Uruguay vs Cabo Verde,0.01,2,3-0,home,Uruguay,0.6471614225666821,0.08352093950091695,0.11428571428571428,Tres rare,50.0,50.00000000128809,46.59562242480111,4.17604697515343,50.77166939995454,39.84062642723751,False
2026-06-21T00:10:00+00:00,conversation-uruguay-cabo-verde-20260621,Uruguay vs Cabo Verde,0.01,3,4-0,home,Uruguay,0.6471614225666821,0.0431524854088071,0.02857142857142857,Mega rare,70.0,69.954996696568,46.59562242480111,3.0187319742217995,49.61435439902291,39.24039018336824,False
2026-06-21T00:10:00+00:00,conversation-uruguay-cabo-verde-20260621,Uruguay vs Cabo Verde,0.01,4,3-1,home,Uruguay,0.6471614225666821,0.05394060676100886,0.05714285714285714,Tres rare,50.0,54.75050800844261,46.59562242480111,2.9532756224488694,49.54889804724998,38.60912023106712,False
2026-06-21T00:10:00+00:00,conversation-uruguay-cabo-verde-20260621,Uruguay vs Cabo Verde,0.01,5,2-1,home,Uruguay,0.6471614225666821,0.0809109101415133,0.21428571428571427,Rare,30.0,31.531274510196702,46.59562242480111,2.5512241185419144,49.146846543343024,37.2770724007652,False
2026-06-21T00:15:00+00:00,conversation-new-zealand-egypt-20260621,New Zealand vs Egypt,0.01,1,0-1,away,Egypt,0.5920445475065977,0.12003830324293269,0.16417910447761194,Tres rare,50.0,49.99659143100729,34.93062830288927,6.001506003308263,40.93213430619753,37.332401272895794,True
2026-06-21T00:15:00+00:00,conversation-new-zealand-egypt-20260621,New Zealand vs Egypt,0.01,2,0-3,away,Egypt,0.5920445475065977,0.07068922302083813,0.07462686567164178,Tres rare,50.0,50.13790040754379,34.93062830288927,3.544209223705434,38.474837526594705,34.30311154752209,False
2026-06-21T00:15:00+00:00,conversation-new-zealand-egypt-20260621,New Zealand vs Egypt,0.01,3,0-2,away,Egypt,0.5920445475065977,0.10783101816738021,0.2537313432835821,Rare,30.0,29.9999822117403,34.93062830288927,3.2349286268952513,38.16555692978452,32.909979262086985,False
2026-06-21T00:15:00+00:00,conversation-new-zealand-egypt-20260621,New Zealand vs Egypt,0.01,4,1-3,away,Egypt,0.5920445475065977,0.05532200062500375,0.1044776119402985,Tres rare,50.0,50.00000051007779,34.93062830288927,2.7661000594687115,37.69672836235798,33.235050061811286,False
2026-06-21T00:15:00+00:00,conversation-new-zealand-egypt-20260621,New Zealand vs Egypt,0.01,5,0-4,away,Egypt,0.5920445475065977,0.033484368799344376,0.014925373134328358,Mega rare,70.0,74.80950828476678,34.93062830288927,2.5049491651047395,37.43557746799401,33.860404038601,False
2026-06-22T00:00:00+00:00,conversation-argentina-austria-20260622,Argentina vs Austria,0.01,1,1-0,home,Argentina,0.6031066963512742,0.11419277527150232,0.05555555555555555,Tres rare,50.0,55.78515365217461,37.995721870130275,6.370261514489002,44.36598338461928,39.90989416174162,True
2026-06-22T00:00:00+00:00,conversation-argentina-austria-20260622,Argentina vs Austria,0.01,2,3-0,home,Argentina,0.6031066963512742,0.07993494269005162,0.125,Tres rare,50.0,49.99999999999999,37.995721870130275,3.9967471345025807,41.99246900463285,36.521096921993085,False
2026-06-22T00:00:00+00:00,conversation-argentina-austria-20260622,Argentina vs Austria,0.01,3,2-0,home,Argentina,0.6031066963512742,0.11218939324919525,0.20833333333333334,Rare,30.0,34.04656761927286,37.995721870130275,3.81966376342392,41.81538563355419,35.549552001774806,False
2026-06-22T00:00:00+00:00,conversation-argentina-austria-20260622,Argentina vs Austria,0.01,4,3-1,home,Argentina,0.6031066963512742,0.06090281347813457,0.09722222222222222,Tres rare,50.0,50.00002332815852,37.995721870130275,3.0451420946572156,41.04086396478749,35.289135310378725,False
2026-06-22T00:00:00+00:00,conversation-argentina-austria-20260622,Argentina vs Austria,0.01,5,4-0,home,Argentina,0.6031066963512742,0.042631969434694196,0.041666666666666664,Mega rare,70.0,65.9571183724261,37.995721870130275,2.8118818544537763,40.80760372458405,35.65093065130269,False
2026-06-22T00:05:00+00:00,conversation-france-iraq-20260622,France vs Iraq,0.01,1,1-0,home,France,0.8804724656069886,0.07681164337515693,0.011235955056179775,Mega rare,70.0,77.99233883058928,19.370394243353747,5.990719716249627,25.361113959603372,22.962995431515377,True
2026-06-22T00:05:00+00:00,conversation-france-iraq-20260622,France vs Iraq,0.01,2,2-0,home,France,0.8804724656069886,0.11256878770497138,0.07865168539325842,Tres rare,50.0,50.04167873495169,19.370394243353747,5.6331311099151575,25.003525353268905,18.18832423069598,False
2026-06-22T00:05:00+00:00,conversation-france-iraq-20260622,France vs Iraq,0.01,3,3-0,home,France,0.8804724656069886,0.12318848465827058,0.20224719101123595,Rare,30.0,38.22197804080011,19.370394243353747,4.708507555487859,24.078901798841606,15.666121773068584,False
2026-06-22T00:05:00+00:00,conversation-france-iraq-20260622,France vs Iraq,0.01,4,4-0,home,France,0.8804724656069886,0.10446383499021344,0.20224719101123595,Rare,30.0,38.22197804080011,19.370394243353747,3.9928144070537046,23.36320865040745,14.789266002768636,False
2026-06-22T00:05:00+00:00,conversation-france-iraq-20260622,France vs Iraq,0.01,5,5-0,home,France,0.8804724656069886,0.07681164337515693,0.11235955056179775,Tres rare,50.0,50.0000000044903,19.370394243353747,3.840582169102754,23.2109764124565,15.761153868101566,False
2026-06-22T00:10:00+00:00,conversation-norway-senegal-20260622,Norway vs Senegal,0.01,1,0-1,away,Senegal,0.3165506179261636,0.06481215123299891,0.09090909090909091,Tres rare,50.0,50.000429685550515,43.367434655884416,3.240635410494828,46.60807006637924,69.41897561159423,True
2026-06-22T00:10:00+00:00,conversation-norway-senegal-20260622,Norway vs Senegal,0.01,2,0-2,away,Senegal,0.3165506179261636,0.04104769578089931,0.09090909090909091,Tres rare,50.0,50.000429685550515,43.367434655884416,2.0524024266467245,45.41983708253114,67.40442543422617,False
2026-06-22T00:10:00+00:00,conversation-norway-senegal-20260622,Norway vs Senegal,0.01,3,0-3,away,Senegal,0.3165506179261636,0.01924110739729655,0.0,Ultra rare,100.0,90.74386810518897,43.367434655884416,1.7460125118580538,45.11344716774247,67.42890508898144,False
2026-06-22T00:10:00+00:00,conversation-norway-senegal-20260622,Norway vs Senegal,0.01,4,1-3,away,Senegal,0.3165506179261636,0.029319782700642363,0.09090909090909091,Tres rare,50.0,50.000429685550515,43.367434655884416,1.466001733319089,44.833436389203506,66.37986873191963,False
2026-06-22T00:10:00+00:00,conversation-norway-senegal-20260622,Norway vs Senegal,0.01,5,1-2,away,Senegal,0.3165506179261636,0.06481215123299891,0.45454545454545453,Exact,20.0,20.0,43.367434655884416,1.296243024659978,44.663677680544396,65.784419835966,False
2026-06-22T00:15:00+00:00,conversation-jordan-algeria-20260622,Jordan vs Algeria,0.01,1,0-1,away,Algeria,0.6035061873837918,0.10519340184970188,0.12698412698412698,Tres rare,50.0,49.99999999999729,40.43491455471405,5.259670092484809,45.69458464719886,39.86130336683707,True
2026-06-22T00:15:00+00:00,conversation-jordan-algeria-20260622,Jordan vs Algeria,0.01,2,0-3,away,Algeria,0.6035061873837918,0.07425416601155427,0.07936507936507936,Tres rare,50.0,50.033193032660456,40.43491455471405,3.71517302153531,44.150087576249355,37.9957025017947,False
2026-06-22T00:15:00+00:00,conversation-jordan-algeria-20260622,Jordan vs Algeria,0.01,3,0-2,away,Algeria,0.6035061873837918,0.10519340184970188,0.2698412698412698,Rare,30.0,29.987187972698077,40.43491455471405,3.154454314754576,43.58936886946862,36.41990869747414,False
2026-06-22T00:15:00+00:00,conversation-jordan-algeria-20260622,Jordan vs Algeria,0.01,4,1-3,away,Algeria,0.6035061873837918,0.06011051534268679,0.09523809523809523,Tres rare,50.0,50.00006073638881,40.43491455471405,3.005529418029971,43.44044397274402,37.082135471098994,False
2026-06-22T00:15:00+00:00,conversation-jordan-algeria-20260622,Jordan vs Algeria,0.01,5,1-2,away,Algeria,0.6035061873837918,0.08705660842733949,0.23809523809523808,Rare,30.0,30.00139234398631,40.43491455471405,2.611819465565397,43.046734020279445,35.839397572378026,False
2026-06-23T12:12:37+00:00,conversation-02-portugal-uzbekistan,Portugal vs Uzbekistan,0.01,1,1-0,home,Portugal,0.8096297360807482,0.09640074778165525,0.03529411764705882,Mega rare,70.0,68.6227294952142,19.431113665937957,6.615282438156899,26.046396104094857,23.708099222579524,True
2026-06-23T12:12:37+00:00,conversation-02-portugal-uzbekistan,Portugal vs Uzbekistan,0.01,2,4-0,home,Portugal,0.8096297360807482,0.08975242034843765,0.10588235294117647,Tres rare,50.0,50.000000229388704,19.431113665937957,4.487621038010074,23.918734703948033,18.276425288081462,False
2026-06-23T12:12:37+00:00,conversation-02-portugal-uzbekistan,Portugal vs Uzbekistan,0.01,3,2-0,home,Portugal,0.8096297360807482,0.1301410095052346,0.21176470588235294,Rare,30.0,32.394068787967896,19.431113665937957,4.215796814048153,23.64691047998611,15.861299778843653,False
2026-06-23T12:12:37+00:00,conversation-02-portugal-uzbekistan,Portugal vs Uzbekistan,0.01,4,3-0,home,Portugal,0.8096297360807482,0.12050093472706906,0.2823529411764706,Rare,30.0,29.61193395271149,19.431113665937957,3.5682657203779673,22.999379386315923,14.654854335257532,False
2026-06-23T12:12:37+00:00,conversation-02-portugal-uzbekistan,Portugal vs Uzbekistan,0.01,5,2-1,home,Portugal,0.8096297360807482,0.06849526816064978,0.08235294117647059,Tres rare,50.0,50.012151748594256,19.431113665937957,3.4255957453110737,22.85670941124903,16.723761823292556,False
2026-06-23T12:13:30+00:00,conversation-02-england-ghana,England vs Ghana,0.01,1,1-0,home,England,0.7877642325587754,0.10815959689812789,0.03333333333333333,Mega rare,70.0,69.11329093849459,34.661626232586116,7.47526568821061,42.13689192079673,30.434589663699644,True
2026-06-23T12:13:30+00:00,conversation-02-england-ghana,England vs Ghana,0.01,2,2-0,home,England,0.7877642325587754,0.13519949612265988,0.17777777777777778,Tres rare,50.0,49.73731708617958,34.661626232586116,6.724460208544441,41.38608644113056,27.188480541812826,False
2026-06-23T12:13:30+00:00,conversation-02-england-ghana,England vs Ghana,0.01,3,3-0,home,England,0.7877642325587754,0.11799228752523044,0.17777777777777778,Tres rare,50.0,49.73731708617958,34.661626232586116,5.868619818366058,40.53024605095217,26.293543075833593,False
2026-06-23T12:13:30+00:00,conversation-02-england-ghana,England vs Ghana,0.01,4,4-0,home,England,0.7877642325587754,0.08111969767359592,0.06666666666666667,Tres rare,50.0,50.95580705591799,34.661626232586116,4.133519663090153,38.79514589567627,24.411090866132547,False
2026-06-23T12:13:30+00:00,conversation-02-england-ghana,England vs Ghana,0.01,5,5-0,home,England,0.7877642325587754,0.046354112956340524,0.022222222222222223,Mega rare,70.0,71.22070702598832,34.661626232586116,3.3013726983130978,37.96299893089921,24.724976938817274,False
2026-06-23T12:14:41+00:00,conversation-02-panama-croatia,Panama vs Croatia,0.01,1,1-1,draw,Draw,0.23279284032389333,0.09413308432995228,0.42857142857142855,Exact,20.0,20.0,28.63351935983888,1.8826616865990455,30.516181046437925,55.60102143159378,True
2026-06-23T12:14:41+00:00,conversation-02-panama-croatia,Panama vs Croatia,0.01,2,0-0,draw,Draw,0.23279284032389333,0.060514125640683605,0.2857142857142857,Rare,30.0,29.234362744901656,28.63351935983888,1.769091900170299,30.402611260009177,55.54229772793834,False
2026-06-23T12:14:41+00:00,conversation-02-panama-croatia,Panama vs Croatia,0.01,3,2-2,draw,Draw,0.23279284032389333,0.04382057373980537,0.2857142857142857,Rare,30.0,29.234362744901656,28.63351935983888,1.2810665483991819,29.91458590823806,54.58886136640974,False
2026-06-23T12:14:41+00:00,conversation-02-panama-croatia,Panama vs Croatia,0.01,4,3-3,draw,Draw,0.23279284032389333,0.011552696713221415,0.0,Ultra rare,100.0,90.74386810518897,28.63351935983888,1.0483363868038142,29.681855746642693,54.73709330906339,False
2026-06-23T12:14:41+00:00,conversation-02-panama-croatia,Panama vs Croatia,0.01,5,4-4,draw,Draw,0.23279284032389333,0.0031769915961358895,0.0,Ultra rare,100.0,90.74386810518897,28.63351935983888,0.2882925063710489,28.92181186620993,52.75549660484523,False
2026-06-23T12:17:19+00:00,conversation-02-colombia-dr-congo,Colombia vs DR Congo,0.01,1,1-0,home,Colombia,0.6345581569594191,0.13447645028485147,0.06557377049180328,Tres rare,50.0,51.193809939661655,48.86097808587527,6.884361837243046,55.745339923118316,45.50164784945207,True
2026-06-23T12:17:19+00:00,conversation-02-colombia-dr-congo,Colombia vs DR Congo,0.01,2,3-0,home,Colombia,0.6345581569594191,0.07593964251379848,0.03278688524590164,Mega rare,70.0,69.22992506538121,48.86097808587527,5.257295760722106,54.118273846597376,44.81661399961438,False
2026-06-23T12:17:19+00:00,conversation-02-colombia-dr-congo,Colombia vs DR Congo,0.01,3,2-0,home,Colombia,0.6345581569594191,0.11736126570314312,0.22950819672131148,Rare,30.0,30.03169318920355,48.86097808587527,3.5245575238933915,52.38553560976866,40.825917424185654,False
2026-06-23T12:17:19+00:00,conversation-02-colombia-dr-congo,Colombia vs DR Congo,0.01,4,3-1,home,Colombia,0.6345581569594191,0.05163895690938297,0.13114754098360656,Tres rare,50.0,49.99999999994232,48.86097808587527,2.58194784546617,51.442925931341435,40.529471310515795,False
2026-06-23T12:17:19+00:00,conversation-02-colombia-dr-congo,Colombia vs DR Congo,0.01,5,4-0,home,Colombia,0.6345581569594191,0.03397299796669932,0.01639344262295082,Mega rare,70.0,73.81061813887888,48.86097808587527,2.5075679799529524,51.36854606582822,41.20948963212869,False
2026-06-24T12:41:53+00:00,screenshot-switzerland-canada-20260624,Switzerland vs Canada,0.01,1,0-1,away,Canada,0.2893164116306355,0.07792460103436301,0.1875,Tres rare,50.0,47.8870045266629,37.32181710035198,3.731575722470942,41.05339282282292,65.37215795982286,True
2026-06-24T12:41:53+00:00,screenshot-switzerland-canada-20260624,Switzerland vs Canada,0.01,2,0-2,away,Canada,0.2893164116306355,0.046177541353696595,0.125,Tres rare,50.0,49.99999999999999,37.32181710035198,2.3088770676848296,39.63069416803681,62.88924091251116,False
2026-06-24T12:41:53+00:00,screenshot-switzerland-canada-20260624,Switzerland vs Canada,0.01,3,0-3,away,Canada,0.2893164116306355,0.02077989360916347,0.0,Ultra rare,100.0,90.74386810518897,37.32181710035198,1.885647924909789,39.20746502526177,62.76055413069674,False
2026-06-24T12:41:53+00:00,screenshot-switzerland-canada-20260624,Switzerland vs Canada,0.01,4,1-3,away,Canada,0.2893164116306355,0.027104209055430612,0.0625,Tres rare,50.0,52.11299560720228,37.32181710035198,1.4124815274423477,38.734298627794324,61.26354382190825,False
2026-06-24T12:41:53+00:00,screenshot-switzerland-canada-20260624,Switzerland vs Canada,0.01,5,1-2,away,Canada,0.2893164116306355,0.06562071666051622,0.3125,Exact,20.0,21.05649773666855,37.32181710035198,1.381742471840728,38.70355957219271,60.85025171449802,False
2026-06-24T12:44:28+00:00,screenshot-bosnia-qatar-20260624,Bosnia vs Qatar,0.01,1,1-0,home,Bosnia,0.6929942518601809,0.0896895073723268,0.1794871794871795,Tres rare,50.0,49.59760512633866,60.29049991183574,4.448384770628504,64.73888468246425,45.271467538411606,True
2026-06-24T12:44:28+00:00,screenshot-bosnia-qatar-20260624,Bosnia vs Qatar,0.01,2,2-1,home,Bosnia,0.6929942518601809,0.08659676573879829,0.16666666666666666,Tres rare,50.0,49.99141879333606,60.29049991183574,4.329095182196681,64.61959509403242,45.158348617755834,False
2026-06-24T12:44:28+00:00,screenshot-bosnia-qatar-20260624,Bosnia vs Qatar,0.01,3,3-0,home,Bosnia,0.6929942518601809,0.08100987762661775,0.10256410256410256,Tres rare,50.0,50.00000146894407,60.29049991183574,4.050494000329867,64.3409939121656,44.86446989688163,False
2026-06-24T12:44:28+00:00,screenshot-bosnia-qatar-20260624,Bosnia vs Qatar,0.01,4,3-1,home,Bosnia,0.6929942518601809,0.06975850573403194,0.07692307692307693,Tres rare,50.0,50.07095944544486,60.29049991183574,3.4928753115835462,63.783375223419284,44.268556662429106,False
2026-06-24T12:44:28+00:00,screenshot-bosnia-qatar-20260624,Bosnia vs Qatar,0.01,5,4-0,home,Bosnia,0.6929942518601809,0.05022612412850301,0.038461538461538464,Mega rare,70.0,67.52665865556769,60.29049991183574,3.3916023396175947,63.68210225145333,44.846782107230986,False
2026-06-24T12:50:46+00:00,screenshot-morocco-haiti-20260624,Morocco vs Haiti,0.01,1,3-1,home,Morocco,0.8088348301031941,0.07103870406279467,0.03260869565217391,Mega rare,70.0,69.26635331868067,23.45621007299263,4.920591974914731,28.37680204790736,22.41705257788476,True
2026-06-24T12:50:46+00:00,screenshot-morocco-haiti-20260624,Morocco vs Haiti,0.01,2,1-0,home,Morocco,0.8088348301031941,0.09133547665216457,0.07608695652173914,Tres rare,50.0,50.09088803788721,23.45621007299263,4.575075134870637,28.031285207863267,19.727299547497367,False
2026-06-24T12:50:46+00:00,screenshot-morocco-haiti-20260624,Morocco vs Haiti,0.01,3,4-0,home,Morocco,0.8088348301031941,0.07991854207064401,0.09782608695652174,Tres rare,50.0,50.00001730347646,23.45621007299263,3.995928486400812,27.45213855939344,18.92539442032162,False
2026-06-24T12:50:46+00:00,screenshot-morocco-haiti-20260624,Morocco vs Haiti,0.01,4,2-1,home,Morocco,0.8088348301031941,0.07521745136060613,0.06521739130434782,Tres rare,50.0,51.280744612732605,23.45621007299263,3.85720691364388,27.313416986636508,18.9084397980038,False
2026-06-24T12:50:46+00:00,screenshot-morocco-haiti-20260624,Morocco vs Haiti,0.01,5,2-0,home,Morocco,0.8088348301031941,0.11624515210275493,0.2826086956521739,Rare,30.0,29.589940888362527,23.45621007299263,3.4396871792792294,26.89589725227186,16.080420616778813,False
2026-06-24T12:54:25+00:00,screenshot-scotland-brazil-20260624,Scotland vs Brazil,0.01,1,0-1,away,Brazil,0.7317647872683587,0.11484473019961575,0.07058823529411765,Tres rare,50.0,50.39511146858913,35.12470978888122,5.78761297998968,40.9123227688709,29.331480758833386,True
2026-06-24T12:54:25+00:00,screenshot-scotland-brazil-20260624,Scotland vs Brazil,0.01,2,0-3,away,Brazil,0.7317647872683587,0.09527859098042195,0.15294117647058825,Tres rare,50.0,49.99997472297346,35.12470978888122,4.763927140661624,39.88863692954284,28.114338051165678,False
2026-06-24T12:54:25+00:00,screenshot-scotland-brazil-20260624,Scotland vs Brazil,0.01,3,1-2,away,Brazil,0.7317647872683587,0.08298457924101266,0.18823529411764706,Tres rare,50.0,47.60593121203212,35.12470978888122,3.950558171007077,39.07526795988829,27.01723288874996,False
2026-06-24T12:54:25+00:00,screenshot-scotland-brazil-20260624,Scotland vs Brazil,0.01,4,0-2,away,Brazil,0.7317647872683587,0.12367894021497078,0.2235294117647059,Rare,30.0,30.186255802873927,35.12470978888122,3.733404126757459,38.858113915638675,25.44786373691127,False
2026-06-24T12:54:25+00:00,screenshot-scotland-brazil-20260624,Scotland vs Brazil,0.01,5,1-3,away,Brazil,0.7317647872683587,0.06431304891178481,0.12941176470588237,Tres rare,50.0,49.99999999998323,35.12470978888122,3.2156524455881623,38.34036223446938,26.1818248151616,False
2026-06-24T12:57:19+00:00,screenshot-south-africa-south-korea-20260624,South Africa vs South Korea,0.01,1,0-1,away,South Korea,0.5827818394109505,0.1139291980711805,0.11688311688311688,Tres rare,50.0,50.00000000022576,50.70202002875269,5.696459903584746,56.39847993233744,50.06290265484014,True
2026-06-24T12:57:19+00:00,screenshot-south-africa-south-korea-20260624,South Africa vs South Korea,0.01,2,0-3,away,South Korea,0.5827818394109505,0.06380035091986108,0.06493506493506493,Tres rare,50.0,51.35304658855222,50.70202002875269,3.2763423931536066,53.9783624219063,47.300693105035286,False
2026-06-24T12:57:19+00:00,screenshot-south-africa-south-korea-20260624,South Africa vs South Korea,0.01,3,0-2,away,South Korea,0.5827818394109505,0.10208056147177773,0.24675324675324675,Rare,30.0,30.00002884322454,50.70202002875269,3.0624197884858875,53.76443981723858,46.31624487430224,False
2026-06-24T12:57:19+00:00,screenshot-south-africa-south-korea-20260624,South Africa vs South Korea,0.01,4,1-3,away,South Korea,0.5827818394109505,0.0554785660172705,0.1038961038961039,Tres rare,50.0,50.00000070610596,50.70202002875269,2.773928340037271,53.475948368789965,46.61285916429612,False
2026-06-24T12:57:19+00:00,screenshot-south-africa-south-korea-20260624,South Africa vs South Korea,0.01,5,0-4,away,South Korea,0.5827818394109505,0.03038111948564813,0.012987012987012988,Mega rare,70.0,76.36480951555909,50.70202002875269,2.32004840239096,53.02206843114365,46.74578135152111,False
2026-06-24T13:00:48+00:00,screenshot-czech-republic-mexico-20260624,Czech Republic vs Mexico,0.01,1,0-2,away,Mexico,0.4952888315539642,0.08097370798638365,0.11320754716981132,Tres rare,50.0,50.00000000260289,45.07128367141074,4.048685399529948,49.119969070940684,51.26412454410891,True
2026-06-24T13:00:48+00:00,screenshot-czech-republic-mexico-20260624,Czech Republic vs Mexico,0.01,2,0-3,away,Mexico,0.4952888315539642,0.04482473120674809,0.03773584905660377,Mega rare,70.0,67.8155037858041,45.07128367141074,3.039811728848876,48.111095400259615,50.477535565290566,False
2026-06-24T13:00:48+00:00,screenshot-czech-republic-mexico-20260624,Czech Republic vs Mexico,0.01,3,0-1,away,Mexico,0.4952888315539642,0.10040739790311573,0.22641509433962265,Rare,30.0,30.08253750847804,45.07128367141074,3.0205093135491583,48.091792984959895,49.28923416817661,False
2026-06-24T13:00:48+00:00,screenshot-czech-republic-mexico-20260624,Czech Republic vs Mexico,0.01,4,1-3,away,Mexico,0.4952888315539642,0.04648490643662765,0.1509433962264151,Tres rare,50.0,49.99999068864789,45.07128367141074,2.324244888994051,47.39552856040479,48.9323562465546,False
2026-06-24T13:00:48+00:00,screenshot-czech-republic-mexico-20260624,Czech Republic vs Mexico,0.01,5,2-3,away,Mexico,0.4952888315539642,0.02614775987060305,0.018867924528301886,Mega rare,70.0,72.46406930453057,45.07128367141074,1.8947730834216028,46.966056754832344,48.78141376132874,False
2026-06-25T10:15:45+00:00,screenshot-ecuador-germany-20260625,Ecuador vs Germany,0.01,1,3-2,home,Ecuador,0.2302240816304737,0.017409167876227375,0.0,Ultra rare,100.0,90.74386810518897,33.38249183641869,1.5797752335814697,34.96226707000016,64.98410293995711,True
2026-06-25T10:15:45+00:00,screenshot-ecuador-germany-20260625,Ecuador vs Germany,0.01,2,2-1,home,Ecuador,0.2302240816304737,0.04642444766993967,0.21428571428571427,Rare,30.0,31.531274510196702,33.38249183641869,1.4638220034651293,34.84631383988382,64.0169758566446,False
2026-06-25T10:15:45+00:00,screenshot-ecuador-germany-20260625,Ecuador vs Germany,0.01,3,1-0,home,Ecuador,0.2302240816304737,0.04642444766993967,0.2857142857142857,Rare,30.0,29.234362744901656,33.38249183641869,1.3571891434147207,34.73968097983341,63.77464638756652,False
2026-06-25T10:15:45+00:00,screenshot-ecuador-germany-20260625,Ecuador vs Germany,0.01,4,2-0,home,Ecuador,0.2302240816304737,0.024105001674776368,0.14285714285714285,Tres rare,50.0,49.999999889834235,33.38249183641869,1.2052500810832725,34.58774191750196,63.67051478367074,False
2026-06-25T10:15:45+00:00,screenshot-ecuador-germany-20260625,Ecuador vs Germany,0.01,5,3-1,home,Ecuador,0.2302240816304737,0.017409167876227375,0.07142857142857142,Tres rare,50.0,50.32124571253805,33.38249183641869,0.876051014350462,34.258542850769146,62.968741343145965,False
2026-06-25T10:18:51+00:00,screenshot-curacao-ivory-coast-20260625,Curacao vs Ivory Coast,0.01,1,0-4,away,Ivory Coast,0.83241184796472,0.08228607915986684,0.06097560975609756,Tres rare,50.0,52.72396273832037,44.11782794213016,4.3384481715072996,48.456276113637465,26.128953235339228,True
2026-06-25T10:18:51+00:00,screenshot-curacao-ivory-coast-20260625,Curacao vs Ivory Coast,0.01,2,0-1,away,Ivory Coast,0.83241184796472,0.08502894846519574,0.08536585365853659,Tres rare,50.0,50.004053354821046,44.11782794213016,4.251792075757977,48.36962001788814,25.727969794586034,False
2026-06-25T10:18:51+00:00,screenshot-curacao-ivory-coast-20260625,Curacao vs Ivory Coast,0.01,3,1-2,away,Ivory Coast,0.83241184796472,0.075025542763408,0.08536585365853659,Tres rare,50.0,50.004053354821046,44.11782794213016,3.751581243315862,47.869409185446024,25.140256690946714,False
2026-06-25T10:18:51+00:00,screenshot-curacao-ivory-coast-20260625,Curacao vs Ivory Coast,0.01,4,1-3,away,Ivory Coast,0.83241184796472,0.07085745705432978,0.12195121951219512,Tres rare,50.0,50.00000000000618,44.11782794213016,3.542872852716927,47.66070079484709,24.887560059210948,False
2026-06-25T10:18:51+00:00,screenshot-curacao-ivory-coast-20260625,Curacao vs Ivory Coast,0.01,5,0-5,away,Ivory Coast,0.83241184796472,0.049055162576074465,0.024390243902439025,Mega rare,70.0,70.68309684101524,44.11782794213016,3.467370806916418,47.58519874904658,26.225139871660986,False
2026-06-25T10:20:23+00:00,screenshot-tunisia-netherlands-20260625,Tunisia vs Netherlands,0.01,1,0-2,away,Netherlands,0.8686669773038992,0.12533053751504514,0.16901408450704225,Tres rare,50.0,49.98055571150601,48.645350729018354,6.2640899126237075,54.909440641642064,26.903576457382,True
2026-06-25T10:20:23+00:00,screenshot-tunisia-netherlands-20260625,Tunisia vs Netherlands,0.01,2,0-1,away,Netherlands,0.8686669773038992,0.08409274775203028,0.028169014084507043,Mega rare,70.0,70.01735104263496,48.645350729018354,5.887951439493656,54.53330216851201,28.692023497381324,False
2026-06-25T10:20:23+00:00,screenshot-tunisia-netherlands-20260625,Tunisia vs Netherlands,0.01,3,0-4,away,Netherlands,0.8686669773038992,0.10427500721251756,0.15492957746478872,Tres rare,50.0,49.9999342624534,48.645350729018354,5.213743505842732,53.85909423486109,25.84499664013151,False
2026-06-25T10:20:23+00:00,screenshot-tunisia-netherlands-20260625,Tunisia vs Netherlands,0.01,4,0-3,away,Netherlands,0.8686669773038992,0.127787999034948,0.22535211267605634,Rare,30.0,30.11237952761475,48.645350729018354,3.8480007260148215,52.49335145503318,22.709509785237977,False
2026-06-25T10:20:23+00:00,screenshot-tunisia-netherlands-20260625,Tunisia vs Netherlands,0.01,5,0-5,away,Netherlands,0.8686669773038992,0.07241319945313719,0.1267605633802817,Tres rare,50.0,49.999999999997755,48.645350729018354,3.620659972656697,52.26601070167505,24.061394010484886,False
2026-06-25T10:22:02+00:00,screenshot-japan-sweden-20260625,Japan vs Sweden,0.01,1,1-0,home,Japan,0.5092867836944935,0.0891793966895004,0.0625,Tres rare,50.0,52.11299560720228,48.891531234671376,4.647405507932883,53.53893674260426,54.452106310578856,True
2026-06-25T10:22:02+00:00,screenshot-japan-sweden-20260625,Japan vs Sweden,0.01,2,2-0,home,Japan,0.5092867836944935,0.08054913249374229,0.140625,Tres rare,50.0,49.99999997105989,48.891531234671376,4.027456622356014,52.91898785702739,53.551958183211774,False
2026-06-25T10:22:02+00:00,screenshot-japan-sweden-20260625,Japan vs Sweden,0.01,3,3-0,home,Japan,0.5092867836944935,0.049940462146120225,0.03125,Mega rare,70.0,69.52204621558515,48.891531234671376,3.471963117350251,52.363494352021625,53.48305226505233,False
2026-06-25T10:22:02+00:00,screenshot-japan-sweden-20260625,Japan vs Sweden,0.01,4,3-1,home,Japan,0.5092867836944935,0.0520213147355419,0.140625,Tres rare,50.0,49.99999997105989,48.891531234671376,2.6010657352715922,51.492596969942966,51.687110227889825,False
2026-06-25T10:22:02+00:00,screenshot-japan-sweden-20260625,Japan vs Sweden,0.01,5,4-1,home,Japan,0.5092867836944935,0.02400983757025011,0.015625,Mega rare,70.0,74.31426026286408,48.891531234671376,1.7842733180646588,50.67580455273603,51.02347457617437,False
2026-06-25T10:23:28+00:00,screenshot-turkey-united-states-20260625,Turkey vs United States,0.01,1,0-1,away,United States,0.49848177273002836,0.07974414750867581,0.07575757575757576,Tres rare,50.0,50.10002074524726,46.35880486389264,3.9951834444967154,50.353988308389354,52.14658504174864,True
2026-06-25T10:23:28+00:00,screenshot-turkey-united-states-20260625,Turkey vs United States,0.01,2,1-3,away,United States,0.49848177273002836,0.05374062114715109,0.12121212121212122,Tres rare,50.0,50.000000000010665,46.35880486389264,2.6870310573581278,49.04583592125076,50.39855316042636,False
2026-06-25T10:23:28+00:00,screenshot-turkey-united-states-20260625,Turkey vs United States,0.01,3,1-2,away,United States,0.49848177273002836,0.08524374388858448,0.25757575757575757,Rare,30.0,29.999889526233485,46.35880486389264,2.5573028994600753,48.91610776335271,49.70875669118796,False
2026-06-25T10:23:28+00:00,screenshot-turkey-united-states-20260625,Turkey vs United States,0.01,4,2-3,away,United States,0.49848177273002836,0.034334285732902085,0.030303030303030304,Mega rare,70.0,69.68221497391646,46.35880486389264,2.392489079415956,48.751293943308596,50.46687344196327,False
2026-06-25T10:23:28+00:00,screenshot-turkey-united-states-20260625,Turkey vs United States,0.01,5,0-3,away,United States,0.49848177273002836,0.04577904764386945,0.10606060606060606,Tres rare,50.0,50.000000206983515,46.35880486389264,2.2889523916689805,48.647757255561615,49.84934634920636,False
2026-06-25T10:25:28+00:00,screenshot-paraguay-australia-20260625,Paraguay vs Australia,0.01,1,1-1,draw,Draw,0.42365979699675355,0.16064166168549562,0.21333333333333335,Rare,30.0,31.82422439451735,44.06061888766237,5.112296288587353,49.172915176249724,58.27270043486186,True
2026-06-25T10:25:28+00:00,screenshot-paraguay-australia-20260625,Paraguay vs Australia,0.01,2,0-0,draw,Draw,0.42365979699675355,0.164657703227633,0.72,Exact,20.0,20.0,44.06061888766237,3.2931540645526605,47.35377295221503,55.59463713547342,False
2026-06-25T10:25:28+00:00,screenshot-paraguay-australia-20260625,Paraguay vs Australia,0.01,3,2-2,draw,Draw,0.42365979699675355,0.047045058065038,0.05333333333333334,Tres rare,50.0,57.38884694348895,44.06061888766237,2.699861636742016,46.760480524404386,55.82704350439366,False
2026-06-25T10:25:28+00:00,screenshot-paraguay-australia-20260625,Paraguay vs Australia,0.01,4,3-3,draw,Draw,0.42365979699675355,0.010132781737085109,0.013333333333333334,Mega rare,70.0,76.06739410111,44.06061888766237,0.7707743017353829,44.83139318939776,52.847658490128005,False
2026-06-25T10:25:28+00:00,screenshot-paraguay-australia-20260625,Paraguay vs Australia,0.01,5,4-4,draw,Draw,0.42365979699675355,0.0014636240286900711,0.0,Ultra rare,100.0,90.74386810518897,44.06061888766237,0.13281490581503713,44.19343379347741,51.66433431754657,False
