date,time,home_team,away_team,matched_home_team,matched_away_team,score,outcome,outcome_label,outcome_probability,score_probability,score_model_conditional_probability,score_conditional_probability,outcome_points,base_expected_points,exact_bonus_label,exact_bonus_points,exact_bonus_expected_points,total_expected_points
2026-06-26,01:00,Japan,Sweden,Japan,Sweden,0-0,draw,Draw,0.4033014374680687,0.3034148547376874,0.7508755811175876,0.8282858904878876,108.0,43.55655524655142,Exact,20.0,6.068297094753748,49.624852341305164
2026-06-26,01:00,Japan,Sweden,Japan,Sweden,0-1,away,Sweden,0.22318888700108272,0.12257237135204993,0.5557696293502142,0.4710205616468749,111.0,24.77396645712018,Exact,20.0,2.4514474270409985,27.22541388416118
2026-06-26,01:00,Japan,Sweden,Japan,Sweden,0-2,away,Sweden,0.22318888700108272,0.04848216219723277,0.21982860425423587,0.20959541610488097,111.0,24.77396645712018,Rare,30.0,1.454464865916983,26.228431323037164
2026-06-26,01:00,Japan,Sweden,Japan,Sweden,0-3,away,Sweden,0.22318888700108272,0.005480658856161857,0.024850492060200336,0.028958945667807844,111.0,24.77396645712018,Mega rare,70.0,0.38364611993132997,25.157612577051513
2026-06-26,01:00,Japan,Sweden,Japan,Sweden,0-4,away,Sweden,0.22318888700108272,0.0005552948934165101,0.002517827090150354,0.0032008271075883664,111.0,24.77396645712018,Ultra rare,100.0,0.05552948934165101,24.829495946461833
2026-06-26,01:00,Japan,Sweden,Japan,Sweden,1-0,home,Japan,0.37350967553084863,0.2149436279070269,0.5726129652163628,0.5012662501732681,96.0,35.85692885096147,Exact,20.0,4.298872558140538,40.155801409102004
2026-06-26,01:00,Japan,Sweden,Japan,Sweden,1-1,draw,Draw,0.4033014374680687,0.09260282764414957,0.2291687467989873,0.15556586453121213,108.0,43.55655524655142,Tres rare,50.0,4.630141382207478,48.186696628758895
2026-06-26,01:00,Japan,Sweden,Japan,Sweden,1-2,away,Sweden,0.22318888700108272,0.035562731555338414,0.16124911280719093,0.2562380739760261,111.0,24.77396645712018,Rare,30.0,1.0668819466601525,25.840848403780335
2026-06-26,01:00,Japan,Sweden,Japan,Sweden,1-3,away,Sweden,0.22318888700108272,0.004471154634543029,0.020273181685212725,0.02255102466341946,111.0,24.77396645712018,Mega rare,70.0,0.312980824418012,25.086947281538194
2026-06-26,01:00,Japan,Sweden,Japan,Sweden,1-4,away,Sweden,0.22318888700108272,0.00042440190138259886,0.0019243299678805502,0.0010193060829501632,111.0,24.77396645712018,Ultra rare,100.0,0.042440190138259885,24.816406647258443
2026-06-26,01:00,Japan,Sweden,Japan,Sweden,2-0,home,Japan,0.37350967553084863,0.08746277629645352,0.23300211394417608,0.2294667007443655,96.0,35.85692885096147,Rare,30.0,2.6238832888936057,38.480812139855075
2026-06-26,01:00,Japan,Sweden,Japan,Sweden,2-1,home,Japan,0.37350967553084863,0.04066943597666757,0.10834397164985844,0.17783339171757115,96.0,35.85692885096147,Tres rare,50.0,2.0334717988333786,37.89040064979484
2026-06-26,01:00,Japan,Sweden,Japan,Sweden,2-2,draw,Draw,0.4033014374680687,0.007432744453083944,0.01839417623548114,0.0156080724814215,108.0,43.55655524655142,Mega rare,70.0,0.5202921117158761,44.076847358267294
2026-06-26,01:00,Japan,Sweden,Japan,Sweden,2-3,away,Sweden,0.22318888700108272,0.002445007416433673,0.011086192186712078,0.005872289743071567,111.0,24.77396645712018,Mega rare,70.0,0.17115051915035712,24.945116976270537
2026-06-26,01:00,Japan,Sweden,Japan,Sweden,2-4,away,Sweden,0.22318888700108272,0.00031277835774933715,0.0014182046903199656,0.000525850183850033,111.0,24.77396645712018,Ultra rare,100.0,0.03127783577493371,24.805244292895114
2026-06-26,01:00,Japan,Sweden,Japan,Sweden,3-0,home,Japan,0.37350967553084863,0.014463672268320574,0.03853143424685801,0.04637940372727277,96.0,35.85692885096147,Mega rare,70.0,1.0124570587824402,36.869385909743905
2026-06-26,01:00,Japan,Sweden,Japan,Sweden,3-1,home,Japan,0.37350967553084863,0.007401079651052522,0.019716584325192375,0.022653654902702915,96.0,35.85692885096147,Mega rare,70.0,0.5180755755736766,36.37500442653514
2026-06-26,01:00,Japan,Sweden,Japan,Sweden,3-2,home,Japan,0.37350967553084863,0.003324411705124344,0.008856281354358788,0.004845501253300128,96.0,35.85692885096147,Ultra rare,100.0,0.33244117051243444,36.1893700214739
2026-06-26,01:00,Japan,Sweden,Japan,Sweden,3-3,draw,Draw,0.4033014374680687,0.0006228917335824087,0.0015415006388905632,0.0005232058972133063,108.0,43.55655524655142,Ultra rare,100.0,0.062289173358240864,43.61884441990966
2026-06-26,01:00,Japan,Sweden,Japan,Sweden,3-4,away,Sweden,0.22318888700108272,4.131743505629263e-05,0.00018734218252972767,6.946382408585723e-05,111.0,24.77396645712018,Ultra rare,100.0,0.0041317435056292635,24.77809820062581
2026-06-26,01:00,Japan,Sweden,Japan,Sweden,4-0,home,Japan,0.37350967553084863,0.002763581154998025,0.007362220574707935,0.00966734843063995,96.0,35.85692885096147,Mega rare,70.0,0.19345068084986175,36.05037953181133
2026-06-26,01:00,Japan,Sweden,Japan,Sweden,4-1,home,Japan,0.37350967553084863,0.002727246898855623,0.007265425585476475,0.003975102796712578,96.0,35.85692885096147,Ultra rare,100.0,0.2727246898855623,36.12965354084703
2026-06-26,01:00,Japan,Sweden,Japan,Sweden,4-2,home,Japan,0.37350967553084863,0.00036180556122610594,0.0009638553013307445,0.0003691451658556038,96.0,35.85692885096147,Ultra rare,100.0,0.03618055612261059,35.893109407084076
2026-06-26,01:00,Japan,Sweden,Japan,Sweden,4-3,home,Japan,0.37350967553084863,6.171212324579522e-05,0.00016440199798273343,6.29640182800673e-05,96.0,35.85692885096147,Ultra rare,100.0,0.006171212324579523,35.86310006328605
2026-06-26,01:00,Japan,Sweden,Japan,Sweden,4-4,draw,Draw,0.4033014374680687,7.894543154473964e-06,1.9537012068503745e-05,1.6577806830371323e-05,108.0,43.55655524655142,Ultra rare,100.0,0.0007894543154473964,43.557344700866864
2026-06-26,01:00,Tunisia,Netherlands,Tunisia,Netherlands,0-0,draw,Draw,0.02463633005397714,0.02215863571637904,0.3973709676571577,0.5119387315512437,123.0,3.0302685966391882,Exact,20.0,0.44317271432758076,3.473441310966769
2026-06-26,01:00,Tunisia,Netherlands,Tunisia,Netherlands,0-1,away,Netherlands,0.967577190262213,0.06144394507410913,0.06635891690737,0.053020760192704644,56.0,54.184322654683925,Tres rare,50.0,3.0721972537054563,57.25651990838938
2026-06-26,01:00,Tunisia,Netherlands,Tunisia,Netherlands,0-2,away,Netherlands,0.967577190262213,0.16682026612393575,0.18016441107145345,0.1619452409691271,56.0,54.184322654683925,Tres rare,50.0,8.341013306196787,62.52533596088071
2026-06-26,01:00,Tunisia,Netherlands,Tunisia,Netherlands,0-3,away,Netherlands,0.967577190262213,0.129443404039074,0.1397977308012327,0.15358524024185327,56.0,54.184322654683925,Tres rare,50.0,6.4721702019537,60.65649285663763
2026-06-26,01:00,Tunisia,Netherlands,Tunisia,Netherlands,0-4,away,Netherlands,0.967577190262213,0.09002251880787042,0.0972235236223598,0.11652236137910156,56.0,54.184322654683925,Tres rare,50.0,4.501125940393521,58.685448595077446
2026-06-26,01:00,Tunisia,Netherlands,Tunisia,Netherlands,1-0,home,Tunisia,0.00778647968380981,0.008232045542292428,0.4497552414326483,0.35947216339858057,131.0,1.020028838579085,Exact,20.0,0.16464091084584856,1.1846697494249336
2026-06-26,01:00,Tunisia,Netherlands,Tunisia,Netherlands,1-1,draw,Draw,0.02463633005397714,0.024343765915662355,0.4365569226437393,0.34610619127832215,123.0,3.0302685966391882,Exact,20.0,0.4868753183132471,3.5171439149524355
2026-06-26,01:00,Tunisia,Netherlands,Tunisia,Netherlands,1-2,away,Netherlands,0.967577190262213,0.0641710214370617,0.0693041352450102,0.10382622938369798,56.0,54.184322654683925,Tres rare,50.0,3.208551071853085,57.39287372653701
2026-06-26,01:00,Tunisia,Netherlands,Tunisia,Netherlands,1-3,away,Netherlands,0.967577190262213,0.055378840239400574,0.05980865736144601,0.06272057431307906,56.0,54.184322654683925,Tres rare,50.0,2.7689420119700285,56.95326466665395
2026-06-26,01:00,Tunisia,Netherlands,Tunisia,Netherlands,1-4,away,Netherlands,0.967577190262213,0.036081269759218264,0.03896745202438618,0.019459366063698493,56.0,54.184322654683925,Mega rare,70.0,2.5256888831452784,56.7100115378292
2026-06-26,01:00,Tunisia,Netherlands,Tunisia,Netherlands,2-0,home,Tunisia,0.00778647968380981,0.0017566427986203765,0.09597363157740958,0.08629655981386865,131.0,1.020028838579085,Tres rare,50.0,0.08783213993101882,1.107860978510104
2026-06-26,01:00,Tunisia,Netherlands,Tunisia,Netherlands,2-1,home,Tunisia,0.00778647968380981,0.005606717518766701,0.30632126345056115,0.4590578821694352,131.0,1.020028838579085,Exact,20.0,0.11213435037533402,1.132163188954419
2026-06-26,01:00,Tunisia,Netherlands,Tunisia,Netherlands,2-2,draw,Draw,0.02463633005397714,0.007033476703568668,0.1261313864023337,0.12499759906450807,123.0,3.0302685966391882,Tres rare,50.0,0.3516738351784334,3.3819424318176217
2026-06-26,01:00,Tunisia,Netherlands,Tunisia,Netherlands,2-3,away,Netherlands,0.967577190262213,0.015881128440644012,0.017151478169523223,0.00856501708208732,56.0,54.184322654683925,Mega rare,70.0,1.1116789908450808,55.296001645529
2026-06-26,01:00,Tunisia,Netherlands,Tunisia,Netherlands,2-4,away,Netherlands,0.967577190262213,0.013944989703802722,0.015060465468365633,0.0052645725288543175,56.0,54.184322654683925,Mega rare,70.0,0.9761492792661906,55.16047193395011
2026-06-26,01:00,Tunisia,Netherlands,Tunisia,Netherlands,3-0,home,Tunisia,0.00778647968380981,0.00015234064306547342,0.008323083533723604,0.009146943229423844,131.0,1.020028838579085,Mega rare,70.0,0.01066384501458314,1.030692683593668
2026-06-26,01:00,Tunisia,Netherlands,Tunisia,Netherlands,3-1,home,Tunisia,0.00778647968380981,0.0005350724810163588,0.02923351816351381,0.030666868338603572,131.0,1.020028838579085,Mega rare,70.0,0.03745507367114512,1.0574839122502302
2026-06-26,01:00,Tunisia,Netherlands,Tunisia,Netherlands,3-2,home,Tunisia,0.00778647968380981,0.0016497292165113836,0.0901324413547825,0.04502463326357272,131.0,1.020028838579085,Mega rare,70.0,0.11548104515579685,1.1355098837348818
2026-06-26,01:00,Tunisia,Netherlands,Tunisia,Netherlands,3-3,draw,Draw,0.02463633005397714,0.0021217331209117175,0.038049054741385695,0.015082813643787087,123.0,3.0302685966391882,Mega rare,70.0,0.14852131846382022,3.1787899151030086
2026-06-26,01:00,Tunisia,Netherlands,Tunisia,Netherlands,3-4,away,Netherlands,0.967577190262213,0.0009660327884288739,0.0010433068622112077,0.0003647008558599601,56.0,54.184322654683925,Ultra rare,100.0,0.09660327884288739,54.28092593352681
2026-06-26,01:00,Tunisia,Netherlands,Tunisia,Netherlands,4-0,home,Tunisia,0.00778647968380981,1.5264635755941474e-05,0.0008339786149777613,0.0009998508166327912,131.0,1.020028838579085,Ultra rare,100.0,0.0015264635755941475,1.021555302154679
2026-06-26,01:00,Tunisia,Netherlands,Tunisia,Netherlands,4-1,home,Tunisia,0.00778647968380981,0.0001033996348847309,0.0056492068116862516,0.0028219968426801546,131.0,1.020028838579085,Ultra rare,100.0,0.01033996348847309,1.030368802067558
2026-06-26,01:00,Tunisia,Netherlands,Tunisia,Netherlands,4-2,home,Tunisia,0.00778647968380981,9.415645787468504e-05,0.0051442087177859825,0.0017988115624930697,131.0,1.020028838579085,Ultra rare,100.0,0.009415645787468504,1.0294444843665536
2026-06-26,01:00,Tunisia,Netherlands,Tunisia,Netherlands,4-3,home,Tunisia,0.00778647968380981,0.00011023656918893121,0.00602274058562459,0.0021060139659303217,131.0,1.020028838579085,Ultra rare,100.0,0.011023656918893121,1.031052495497978
2026-06-26,01:00,Tunisia,Netherlands,Tunisia,Netherlands,4-4,draw,Draw,0.02463633005397714,9.679714058529733e-05,0.001735863792029116,0.0017202602182975568,123.0,3.0302685966391882,Ultra rare,100.0,0.009679714058529732,3.039948310697718
2026-06-26,04:00,Paraguay,Australia,Paraguay,Australia,0-0,draw,Draw,0.41659077539587913,0.20399444088728472,0.6136771916319999,0.7164557132591671,104.0,43.32544064117143,Exact,20.0,4.079888817745695,47.40532945891713
2026-06-26,04:00,Paraguay,Australia,Paraguay,Australia,0-1,away,Australia,0.22321360423704226,0.11621486836166718,0.4235766383913788,0.34302956521289923,131.0,29.240982155052535,Exact,20.0,2.324297367233344,31.565279522285877
2026-06-26,04:00,Paraguay,Australia,Paraguay,Australia,0-2,away,Australia,0.22321360423704226,0.06482442895573647,0.2362702302192558,0.21525888203901133,131.0,29.240982155052535,Rare,30.0,1.944732868672094,31.18571502372463
2026-06-26,04:00,Paraguay,Australia,Paraguay,Australia,0-3,away,Australia,0.22321360423704226,0.010334205728077313,0.037665818362599086,0.041942050557593716,131.0,29.240982155052535,Mega rare,70.0,0.7233944009654119,29.964376556017946
2026-06-26,04:00,Paraguay,Australia,Paraguay,Australia,0-4,away,Australia,0.22321360423704226,0.0014765753894979631,0.005381779875777813,0.006537575884274151,131.0,29.240982155052535,Mega rare,70.0,0.10336027726485741,29.344342432317394
2026-06-26,04:00,Paraguay,Australia,Paraguay,Australia,1-0,home,Paraguay,0.3601956203670786,0.1816091023472064,0.46184983046241923,0.3895040509513208,74.0,26.654475907163814,Exact,20.0,3.632182046944128,30.28665795410794
2026-06-26,04:00,Paraguay,Australia,Paraguay,Australia,1-1,draw,Draw,0.41659077539587913,0.11033794683665016,0.33193003226283974,0.23847483160381844,104.0,43.32544064117143,Rare,30.0,3.310138405099505,46.63557904627094
2026-06-26,04:00,Paraguay,Australia,Paraguay,Australia,1-2,away,Australia,0.22321360423704226,0.05975625542367763,0.21779789584623216,0.3307154659786677,131.0,29.240982155052535,Exact,20.0,1.1951251084735526,30.436107263526086
2026-06-26,04:00,Paraguay,Australia,Paraguay,Australia,1-3,away,Australia,0.22321360423704226,0.010594868403968257,0.03861587425101075,0.04104542313521305,131.0,29.240982155052535,Mega rare,70.0,0.741640788277778,29.982622943330313
2026-06-26,04:00,Paraguay,Australia,Paraguay,Australia,1-4,away,Australia,0.22321360423704226,0.0014182108734942989,0.00516905455208484,0.002616318947465572,131.0,29.240982155052535,Ultra rare,100.0,0.1418210873494299,29.382803242401966
2026-06-26,04:00,Paraguay,Australia,Paraguay,Australia,2-0,home,Paraguay,0.3601956203670786,0.09286837358257416,0.23617341884346507,0.22407568317986565,74.0,26.654475907163814,Rare,30.0,2.786051207477225,29.44052711464104
2026-06-26,04:00,Paraguay,Australia,Paraguay,Australia,2-1,home,Paraguay,0.3601956203670786,0.06089762331918462,0.15486865273833192,0.24489278073306842,74.0,26.654475907163814,Rare,30.0,1.8269286995755387,28.481404606739353
2026-06-26,04:00,Paraguay,Australia,Paraguay,Australia,2-2,draw,Draw,0.41659077539587913,0.015695277867272716,0.047216159428549266,0.04240300882064422,104.0,43.32544064117143,Mega rare,70.0,1.0986694507090902,44.42411009188052
2026-06-26,04:00,Paraguay,Australia,Paraguay,Australia,2-3,away,Australia,0.22321360423704226,0.007280942500752126,0.02653737161403314,0.013431900837983336,131.0,29.240982155052535,Mega rare,70.0,0.5096659750526488,29.750648130105183
2026-06-26,04:00,Paraguay,Australia,Paraguay,Australia,2-4,away,Australia,0.22321360423704226,0.001313504995412185,0.004787425553290842,0.0016962100981740749,131.0,29.240982155052535,Ultra rare,100.0,0.1313504995412185,29.372332654593755
2026-06-26,04:00,Paraguay,Australia,Paraguay,Australia,3-0,home,Paraguay,0.3601956203670786,0.019299883938662377,0.0490815053310168,0.05691565818993255,74.0,26.654475907163814,Tres rare,50.0,0.9649941969331188,27.619470104096933
2026-06-26,04:00,Paraguay,Australia,Paraguay,Australia,3-1,home,Paraguay,0.3601956203670786,0.013927039781835779,0.03541783357194798,0.039204190895501895,74.0,26.654475907163814,Mega rare,70.0,0.9748927847285045,27.629368691892317
2026-06-26,04:00,Paraguay,Australia,Paraguay,Australia,3-2,home,Paraguay,0.3601956203670786,0.008821981728832048,0.022435168244012395,0.011825527934680486,74.0,26.654475907163814,Mega rare,70.0,0.6175387210182434,27.272014628182056
2026-06-26,04:00,Paraguay,Australia,Paraguay,Australia,3-3,draw,Draw,0.41659077539587913,0.002331049692709167,0.007012504962166171,0.0025190639252691944,104.0,43.32544064117143,Ultra rare,100.0,0.2331049692709167,43.55854561044235
2026-06-26,04:00,Paraguay,Australia,Paraguay,Australia,3-4,away,Australia,0.22321360423704226,0.00021805192786997796,0.0007947494490506144,0.00028158391728332706,131.0,29.240982155052535,Ultra rare,100.0,0.021805192786997794,29.262787347839534
2026-06-26,04:00,Paraguay,Australia,Paraguay,Australia,4-0,home,Paraguay,0.3601956203670786,0.004634254616063869,0.011785365827406753,0.01490889709904869,74.0,26.654475907163814,Mega rare,70.0,0.32439782312447085,26.978873730288285
2026-06-26,04:00,Paraguay,Australia,Paraguay,Australia,4-1,home,Paraguay,0.3601956203670786,0.006449406314194029,0.016401475335190367,0.008645181646811613,74.0,26.654475907163814,Mega rare,70.0,0.45145844199358204,27.105934349157398
2026-06-26,04:00,Paraguay,Australia,Paraguay,Australia,4-2,home,Paraguay,0.3601956203670786,0.0012065855865924474,0.003068465960151763,0.0011321671704714125,74.0,26.654475907163814,Ultra rare,100.0,0.12065855865924474,26.775134465823058
2026-06-26,04:00,Paraguay,Australia,Paraguay,Australia,4-3,home,Paraguay,0.3601956203670786,0.00029022912811407857,0.0007380812518883355,0.00027232870541183556,74.0,26.654475907163814,Ultra rare,100.0,0.029022912811407856,26.68349881997522
2026-06-26,04:00,Paraguay,Australia,Paraguay,Australia,4-4,draw,Draw,0.41659077539587913,5.235825026122445e-05,0.0001575095078048101,0.00014145320436088468,104.0,43.32544064117143,Ultra rare,100.0,0.005235825026122445,43.33067646619755
2026-06-26,04:00,Turkey,United States,Turkey,USA,0-0,draw,Draw,0.2251174840332498,0.04608256128064211,0.23402978107090214,0.3313946355629958,102.0,22.96198337139148,Exact,20.0,0.9216512256128422,23.88363459700432
2026-06-26,04:00,Turkey,United States,Turkey,USA,0-1,away,United States,0.5342294324536083,0.0698028507130157,0.12363074902294803,0.1002800620238449,93.0,49.68333721818557,Tres rare,50.0,3.490142535650785,53.173479753836354
2026-06-26,04:00,Turkey,United States,Turkey,USA,0-2,away,United States,0.5342294324536083,0.10352455024258637,0.18335666176980728,0.16731593681250792,93.0,49.68333721818557,Tres rare,50.0,5.176227512129318,54.85956473031489
2026-06-26,04:00,Turkey,United States,Turkey,USA,0-3,away,United States,0.5342294324536083,0.043880841118935345,0.07771919341224533,0.08668003467137214,93.0,49.68333721818557,Tres rare,50.0,2.1940420559467673,51.87737927413234
2026-06-26,04:00,Turkey,United States,Turkey,USA,0-4,away,United States,0.5342294324536083,0.01667042431853745,0.029525685899341864,0.0359235582977781,93.0,49.68333721818557,Mega rare,70.0,1.1669297022976215,50.85026692048319
2026-06-26,04:00,Turkey,United States,Turkey,USA,1-0,home,Turkey,0.24065308351314188,0.05303114766589361,0.22236818847394035,0.1836541789283395,109.0,26.231186102932465,Tres rare,50.0,2.6515573832946804,28.882743486227145
2026-06-26,04:00,Turkey,United States,Turkey,USA,1-1,draw,Draw,0.2251174840332498,0.08566659404536939,0.4350568564848723,0.37911153606638204,102.0,22.96198337139148,Exact,20.0,1.7133318809073876,24.675315252298866
2026-06-26,04:00,Turkey,United States,Turkey,USA,1-2,away,United States,0.5342294324536083,0.12335681993322553,0.2184824242799857,0.3322812775806211,93.0,49.68333721818557,Exact,20.0,2.4671363986645107,52.15047361685008
2026-06-26,04:00,Turkey,United States,Turkey,USA,1-3,away,United States,0.5342294324536083,0.058152520734398076,0.10299636221913756,0.1096501654811901,93.0,49.68333721818557,Tres rare,50.0,2.9076260367199036,52.590963254905475
2026-06-26,04:00,Turkey,United States,Turkey,USA,1-4,away,United States,0.5342294324536083,0.020696979845237492,0.03665728683918134,0.018583539223202515,93.0,49.68333721818557,Mega rare,70.0,1.4487885891666243,51.132125807352196
2026-06-26,04:00,Turkey,United States,Turkey,USA,2-0,home,Turkey,0.24065308351314188,0.035053903861513094,0.14698669449383828,0.13657106704607438,109.0,26.231186102932465,Tres rare,50.0,1.7526951930756547,27.98388129600812
2026-06-26,04:00,Turkey,United States,Turkey,USA,2-1,home,Turkey,0.24065308351314188,0.06111700770416002,0.25627350880174304,0.3968561765995173,109.0,26.231186102932465,Exact,20.0,1.2223401540832004,27.453526257015668
2026-06-26,04:00,Turkey,United States,Turkey,USA,2-2,draw,Draw,0.2251174840332498,0.041881664760655184,0.2126955742570322,0.23168048230124988,102.0,22.96198337139148,Rare,30.0,1.2564499428196556,24.218433314211136
2026-06-26,04:00,Turkey,United States,Turkey,USA,2-3,away,United States,0.5342294324536083,0.0516577774196959,0.0914932506340588,0.04638282203687233,93.0,49.68333721818557,Mega rare,70.0,3.6160444193787127,53.29938163756428
2026-06-26,04:00,Turkey,United States,Turkey,USA,2-4,away,United States,0.5342294324536083,0.02477838702389262,0.04388603783445671,0.015573725800216718,93.0,49.68333721818557,Mega rare,70.0,1.7344870916724833,51.417824309858055
2026-06-26,04:00,Turkey,United States,Turkey,USA,3-0,home,Turkey,0.24065308351314188,0.00941669244197873,0.03948571607258975,0.04484054405400446,109.0,26.231186102932465,Mega rare,70.0,0.6591684709385112,26.890354573870976
2026-06-26,04:00,Turkey,United States,Turkey,USA,3-1,home,Turkey,0.24065308351314188,0.018067401384044068,0.07575953930910921,0.08212299771526207,109.0,26.231186102932465,Tres rare,50.0,0.9033700692022034,27.13455617213467
2026-06-26,04:00,Turkey,United States,Turkey,USA,3-2,home,Turkey,0.24065308351314188,0.030429598259608455,0.1275962323804421,0.06586368494578393,109.0,26.231186102932465,Tres rare,50.0,1.5214799129804228,27.752666015912887
2026-06-26,04:00,Turkey,United States,Turkey,USA,3-3,draw,Draw,0.2251174840332498,0.02137837961161569,0.1085698659344862,0.04730426383519764,102.0,22.96198337139148,Mega rare,70.0,1.4964865728130985,24.458469944204577
2026-06-26,04:00,Turkey,United States,Turkey,USA,3-4,away,United States,0.5342294324536083,0.005317118892749539,0.009417371706742056,0.003341918568104778,93.0,49.68333721818557,Ultra rare,100.0,0.5317118892749539,50.21504910746052
2026-06-26,04:00,Turkey,United States,Turkey,USA,4-0,home,Turkey,0.24065308351314188,0.0029227974338917866,0.012255762872520254,0.015183075980471764,109.0,26.231186102932465,Mega rare,70.0,0.20459582037242507,26.43578192330489
2026-06-26,04:00,Turkey,United States,Turkey,USA,4-1,home,Turkey,0.24065308351314188,0.01081513021120498,0.04534959206100957,0.023408929779528416,109.0,26.231186102932465,Mega rare,70.0,0.7570591147843486,26.988245217716813
2026-06-26,04:00,Turkey,United States,Turkey,USA,4-2,home,Turkey,0.24065308351314188,0.0053797653721425615,0.022558227247032683,0.008151005411607971,109.0,26.231186102932465,Mega rare,70.0,0.3765835760499793,26.607769678982443
2026-06-26,04:00,Turkey,United States,Turkey,USA,4-3,home,Turkey,0.24065308351314188,0.003440641213439926,0.014427165684620376,0.005212994101075654,109.0,26.231186102932465,Mega rare,70.0,0.2408448849407948,26.47203098787326
2026-06-26,04:00,Turkey,United States,Turkey,USA,4-4,draw,Draw,0.2251174840332498,0.0016503524513709496,0.00838129678886608,0.009129399561496568,102.0,22.96198337139148,Mega rare,70.0,0.11552467159596648,23.077508042987446
2026-06-26,21:00,Norway,France,Norway,France,0-0,draw,Draw,0.21212758560324507,0.050651497660698666,0.2714063444699992,0.3749972567392137,108.0,22.909779245150467,Exact,20.0,1.0130299532139733,23.92280919836444
2026-06-26,21:00,Norway,France,Norway,France,0-1,away,France,0.601854657494651,0.08108836836797223,0.12834090465688416,0.10359130142697562,68.0,40.92611670963626,Tres rare,50.0,4.054418418398612,44.98053512803487
2026-06-26,21:00,Norway,France,Norway,France,0-2,away,France,0.601854657494651,0.1271037826448879,0.2011708310115651,0.18267357379563975,68.0,40.92611670963626,Tres rare,50.0,6.355189132244394,47.28130584188065
2026-06-26,21:00,Norway,France,Norway,France,0-3,away,France,0.601854657494651,0.05694030476929419,0.0901210663453957,0.10002008353291347,68.0,40.92611670963626,Tres rare,50.0,2.8470152384647096,43.77313194810097
2026-06-26,21:00,Norway,France,Norway,France,0-4,away,France,0.601854657494651,0.022862368397561582,0.03618493135078218,0.04381039864914453,68.0,40.92611670963626,Mega rare,70.0,1.6003657878293107,42.52648249746557
2026-06-26,21:00,Norway,France,Norway,France,1-0,home,Norway,0.18601775690210395,0.048584835704143146,0.2676057271502823,0.21833713689037615,141.0,26.228503723196656,Rare,30.0,1.4575450711242943,27.68604879432095
2026-06-26,21:00,Norway,France,Norway,France,1-1,draw,Draw,0.21212758560324507,0.08294895776679213,0.4444660956698524,0.37791433678874004,108.0,22.909779245150467,Exact,20.0,1.6589791553358426,24.56875840048631
2026-06-26,21:00,Norway,France,Norway,France,1-2,away,France,0.601854657494651,0.1262386433833087,0.1998015500934758,0.302383659217685,68.0,40.92611670963626,Exact,20.0,2.524772867666174,43.45088957730243
2026-06-26,21:00,Norway,France,Norway,France,1-3,away,France,0.601854657494651,0.06289663617594518,0.09954832424380143,0.10546089646362826,68.0,40.92611670963626,Tres rare,50.0,3.144831808797259,44.07094851843352
2026-06-26,21:00,Norway,France,Norway,France,1-4,away,France,0.601854657494651,0.023658955739419663,0.03744571316388213,0.018890363568606183,68.0,40.92611670963626,Mega rare,70.0,1.6561269017593765,42.58224361139564
2026-06-26,21:00,Norway,France,Norway,France,2-0,home,Norway,0.18601775690210395,0.026768259538291,0.14743982262105249,0.13533169753951396,141.0,26.228503723196656,Tres rare,50.0,1.33841297691455,27.566916700111207
2026-06-26,21:00,Norway,France,Norway,France,2-1,home,Norway,0.18601775690210395,0.049325960047944234,0.27168784693225273,0.41562694158391056,141.0,26.228503723196656,Exact,20.0,0.9865192009588847,27.21502292415554
2026-06-26,21:00,Norway,France,Norway,France,2-2,draw,Draw,0.21212758560324507,0.035724579095916746,0.1914233116087168,0.20345087779835852,108.0,22.909779245150467,Rare,30.0,1.0717373728775024,23.98151661802797
2026-06-26,21:00,Norway,France,Norway,France,2-3,away,France,0.601854657494651,0.046570255626209374,0.07370808979713996,0.03718376541853245,68.0,40.92611670963626,Mega rare,70.0,3.2599178938346562,44.186034603470915
2026-06-26,21:00,Norway,France,Norway,France,2-4,away,France,0.601854657494651,0.023608894846555883,0.037366480341624396,0.013195274906108816,68.0,40.92611670963626,Mega rare,70.0,1.6526226392589118,42.578739348895176
2026-06-26,21:00,Norway,France,Norway,France,3-0,home,Norway,0.18601775690210395,0.00599371598850587,0.033013443437447026,0.03703614117007629,141.0,26.228503723196656,Mega rare,70.0,0.4195601191954109,26.648063842392066
2026-06-26,21:00,Norway,France,Norway,France,3-1,home,Norway,0.18601775690210395,0.012154110696623956,0.06694495481349781,0.07168847998336021,141.0,26.228503723196656,Tres rare,50.0,0.6077055348311978,26.836209258027854
2026-06-26,21:00,Norway,France,Norway,France,3-2,home,Norway,0.18601775690210395,0.02163482735544806,0.11916483039031414,0.060765954456846315,141.0,26.228503723196656,Tres rare,50.0,1.081741367772403,27.310245090969058
2026-06-26,21:00,Norway,France,Norway,France,3-3,draw,Draw,0.21212758560324507,0.016064296831577916,0.08607745636162129,0.03659436023386461,108.0,22.909779245150467,Mega rare,70.0,1.1245007782104541,24.03428002336092
2026-06-26,21:00,Norway,France,Norway,France,3-4,away,France,0.601854657494651,0.00422272722119219,0.0066834324403684964,0.002360129387643424,68.0,40.92611670963626,Ultra rare,100.0,0.422272722119219,41.34838943175548
2026-06-26,21:00,Norway,France,Norway,France,4-0,home,Norway,0.18601775690210395,0.0015506383549247326,0.008540930487933383,0.010452704033878135,141.0,26.228503723196656,Mega rare,70.0,0.10854468484473129,26.337048408041387
2026-06-26,21:00,Norway,France,Norway,France,4-1,home,Norway,0.18601775690210395,0.00606419667356446,0.033401651706586974,0.017032569422856175,141.0,26.228503723196656,Mega rare,70.0,0.4244937671495122,26.65299749034617
2026-06-26,21:00,Norway,France,Norway,France,4-2,home,Norway,0.18601775690210395,0.0031881194224183773,0.01756019144478559,0.00626815187891085,141.0,26.228503723196656,Mega rare,70.0,0.2231683595692864,26.451672082765942
2026-06-26,21:00,Norway,France,Norway,France,4-3,home,Norway,0.18601775690210395,0.0021549656589467006,0.011869570901875907,0.0042368714136400715,141.0,26.228503723196656,Ultra rare,100.0,0.21549656589467006,26.444000289091328
2026-06-26,21:00,Norway,France,Norway,France,4-4,draw,Draw,0.21212758560324507,0.0010924646419887556,0.0058537624480737745,0.006221567783332849,108.0,22.909779245150467,Mega rare,70.0,0.07647252493921289,22.98625177008968
2026-06-26,21:00,Senegal,Iraq,Senegal,Iraq,0-0,draw,Draw,0.14398216822055845,0.04877374932371438,0.3507923064304526,0.46297336095398856,115.0,16.55794934536422,Exact,20.0,0.9754749864742875,17.53342433183851
2026-06-26,21:00,Senegal,Iraq,Senegal,Iraq,0-1,away,Iraq,0.07410419505942212,0.024902032144290084,0.2898594907005665,0.22309695745739905,149.0,11.041525063853896,Rare,30.0,0.7470609643287025,11.7885860281826
2026-06-26,21:00,Senegal,Iraq,Senegal,Iraq,0-2,away,Iraq,0.07410419505942212,0.012448501612768217,0.14490047705964212,0.12546669568762614,149.0,11.041525063853896,Tres rare,50.0,0.6224250806384108,11.663950144492308
2026-06-26,21:00,Senegal,Iraq,Senegal,Iraq,0-3,away,Iraq,0.07410419505942212,0.0017785282530292928,0.020702057190856455,0.021908988374630654,149.0,11.041525063853896,Mega rare,70.0,0.1244969777120505,11.166022041565947
2026-06-26,21:00,Senegal,Iraq,Senegal,Iraq,0-4,away,Iraq,0.07410419505942212,0.0002277427584944463,0.0026509242139533128,0.003060516278872227,149.0,11.041525063853896,Ultra rare,100.0,0.02277427584944463,11.064299339703341
2026-06-26,21:00,Senegal,Iraq,Senegal,Iraq,1-0,home,Senegal,0.7819136367200193,0.11376227686700376,0.14678047483404472,0.12185837845343732,54.0,42.223336382881044,Tres rare,50.0,5.688113843350187,47.91145022623123
2026-06-26,21:00,Senegal,Iraq,Senegal,Iraq,1-1,draw,Draw,0.14398216822055845,0.06194280209003117,0.44550723930838276,0.3618323086707054,115.0,16.55794934536422,Exact,20.0,1.2388560418006234,17.796805387164845
2026-06-26,21:00,Senegal,Iraq,Senegal,Iraq,1-2,away,Iraq,0.07410419505942212,0.030064543197622324,0.34995108547421017,0.5050271657453393,149.0,11.041525063853896,Exact,20.0,0.6012908639524465,11.642815927806343
2026-06-26,21:00,Senegal,Iraq,Senegal,Iraq,1-3,away,Iraq,0.07410419505942212,0.004777185295251804,0.05560640547889708,0.056173341262158054,149.0,11.041525063853896,Tres rare,50.0,0.23885926476259017,11.280384328616487
2026-06-26,21:00,Senegal,Iraq,Senegal,Iraq,1-4,away,Iraq,0.07410419505942212,0.0005730897173729677,0.006670760548413697,0.0032089392231927304,149.0,11.041525063853896,Ultra rare,100.0,0.05730897173729677,11.098834035591194
2026-06-26,21:00,Senegal,Iraq,Senegal,Iraq,2-0,home,Senegal,0.7819136367200193,0.15241277060510924,0.19664883172427908,0.183666943842493,54.0,42.223336382881044,Tres rare,50.0,7.620638530255462,49.843974913136506
2026-06-26,21:00,Senegal,Iraq,Senegal,Iraq,2-1,home,Senegal,0.7819136367200193,0.08956929318582713,0.1155657547161726,0.1798943561428575,54.0,42.223336382881044,Tres rare,50.0,4.478464659291356,46.7018010421724
2026-06-26,21:00,Senegal,Iraq,Senegal,Iraq,2-2,draw,Draw,0.14398216822055845,0.02068869503045544,0.14879797324174657,0.15106352218643382,115.0,16.55794934536422,Tres rare,50.0,1.034434751522772,17.592384096886995
2026-06-26,21:00,Senegal,Iraq,Senegal,Iraq,2-3,away,Iraq,0.07410419505942212,0.008601158993618591,0.10011743422701123,0.048161039402452054,149.0,11.041525063853896,Mega rare,70.0,0.6020811295533014,11.643606193407198
2026-06-26,21:00,Senegal,Iraq,Senegal,Iraq,2-4,away,Iraq,0.07410419505942212,0.0013906133316668584,0.0161867300525029,0.0054505873518638955,149.0,11.041525063853896,Mega rare,70.0,0.0973429332166801,11.138867997070577
2026-06-26,21:00,Senegal,Iraq,Senegal,Iraq,3-0,home,Senegal,0.7819136367200193,0.08298528118487213,0.10707080863713957,0.12222523677339636,54.0,42.223336382881044,Tres rare,50.0,4.149264059243606,46.37260044212465
2026-06-26,21:00,Senegal,Iraq,Senegal,Iraq,3-1,home,Senegal,0.7819136367200193,0.053667389910324624,0.06924373519132732,0.07545133100055809,54.0,42.223336382881044,Tres rare,50.0,2.683369495516231,44.906705878397275
2026-06-26,21:00,Senegal,Iraq,Senegal,Iraq,3-2,home,Senegal,0.7819136367200193,0.030466537329523823,0.03930910086306218,0.020396715294776425,54.0,42.223336382881044,Mega rare,70.0,2.1326576130666677,44.35599399594771
2026-06-26,21:00,Senegal,Iraq,Senegal,Iraq,3-3,draw,Draw,0.14398216822055845,0.007214624970323027,0.05188928406083861,0.021071733285580745,115.0,16.55794934536422,Mega rare,70.0,0.5050237479226118,17.062973093286832
2026-06-26,21:00,Senegal,Iraq,Senegal,Iraq,3-4,away,Iraq,0.07410419505942212,0.0006048218120118679,0.007040121921718437,0.0023706331901275387,149.0,11.041525063853896,Ultra rare,100.0,0.060482181201186785,11.102007245055082
2026-06-26,21:00,Senegal,Iraq,Senegal,Iraq,4-0,home,Senegal,0.7819136367200193,0.05220584361798089,0.06735799182638968,0.0838817526901055,54.0,42.223336382881044,Tres rare,50.0,2.6102921808990445,44.83362856378009
2026-06-26,21:00,Senegal,Iraq,Senegal,Iraq,4-1,home,Senegal,0.7819136367200193,0.06511248206229041,0.08401063426235135,0.04359145722391589,54.0,42.223336382881044,Mega rare,70.0,4.557873744360329,46.78121012724137
2026-06-26,21:00,Senegal,Iraq,Senegal,Iraq,4-2,home,Senegal,0.7819136367200193,0.010917116148794485,0.014085684079721921,0.005116148095958012,54.0,42.223336382881044,Mega rare,70.0,0.7641981304156139,42.98753451329666
2026-06-26,21:00,Senegal,Iraq,Senegal,Iraq,4-3,home,Senegal,0.7819136367200193,0.0023534017948251967,0.0030364497127951464,0.001102887607635158,54.0,42.223336382881044,Ultra rare,100.0,0.23534017948251967,42.458676562363564
2026-06-26,21:00,Senegal,Iraq,Senegal,Iraq,4-4,draw,Draw,0.14398216822055845,0.000380491967777913,0.0027365879557300936,0.0027782543428459677,115.0,16.55794934536422,Ultra rare,100.0,0.0380491967777913,16.595998542142013
2026-06-27,02:00,Cape Verde,Saudi Arabia,Cape Verde,Saudi Arabia,0-0,draw,Draw,0.2845088224732096,0.0890499962876204,0.36061587729748,0.4734567308512955,123.0,34.99458516420478,Exact,20.0,1.780999925752408,36.77558508995719
2026-06-27,02:00,Cape Verde,Saudi Arabia,Cape Verde,Saudi Arabia,0-1,away,Saudi Arabia,0.3557415440455039,0.08800940016437485,0.22357059783171607,0.17641241087980752,94.0,33.43970514027737,Tres rare,50.0,4.4004700082187425,37.84017514849611
2026-06-27,02:00,Cape Verde,Saudi Arabia,Cape Verde,Saudi Arabia,0-2,away,Saudi Arabia,0.3557415440455039,0.0851643545604238,0.21634331818493008,0.19204829502402665,94.0,33.43970514027737,Tres rare,50.0,4.25821772802119,37.69792286829856
2026-06-27,02:00,Cape Verde,Saudi Arabia,Cape Verde,Saudi Arabia,0-3,away,Saudi Arabia,0.3557415440455039,0.023553098909315673,0.05983202242158639,0.0649158619700681,94.0,33.43970514027737,Tres rare,50.0,1.1776549454657836,34.61736008574315
2026-06-27,02:00,Cape Verde,Saudi Arabia,Cape Verde,Saudi Arabia,0-4,away,Saudi Arabia,0.3557415440455039,0.005838191976271297,0.014830780211585291,0.017553741755816508,94.0,33.43970514027737,Mega rare,70.0,0.4086734383389908,33.84837857861636
2026-06-27,02:00,Cape Verde,Saudi Arabia,Cape Verde,Saudi Arabia,1-0,home,Cape Verde,0.35974963348128647,0.1040572278784683,0.2895242652552096,0.2372015071808707,99.0,35.61521371464736,Rare,30.0,3.121716836354049,38.73693055100141
2026-06-27,02:00,Cape Verde,Saudi Arabia,Cape Verde,Saudi Arabia,1-1,draw,Draw,0.2845088224732096,0.10967593152305281,0.444142435861082,0.3588428983318747,123.0,34.99458516420478,Exact,20.0,2.1935186304610563,37.188103794665835
2026-06-27,02:00,Cape Verde,Saudi Arabia,Cape Verde,Saudi Arabia,1-2,away,Saudi Arabia,0.3557415440455039,0.10304373725038879,0.26176237875563907,0.38727810780272826,94.0,33.43970514027737,Exact,20.0,2.0608747450077756,35.50057988528514
2026-06-27,02:00,Cape Verde,Saudi Arabia,Cape Verde,Saudi Arabia,1-3,away,Saudi Arabia,0.3557415440455039,0.03169462273206731,0.08051396486085026,0.08338443162789146,94.0,33.43970514027737,Tres rare,50.0,1.5847311366033654,35.024436276880735
2026-06-27,02:00,Cape Verde,Saudi Arabia,Cape Verde,Saudi Arabia,1-4,away,Saudi Arabia,0.3557415440455039,0.0073600815072858055,0.01869684169646373,0.009220675011327917,94.0,33.43970514027737,Mega rare,70.0,0.5152057055100063,33.954910845787374
2026-06-27,02:00,Cape Verde,Saudi Arabia,Cape Verde,Saudi Arabia,2-0,home,Cape Verde,0.35974963348128647,0.06984278471064481,0.19432749977103153,0.17910976396301648,99.0,35.61521371464736,Tres rare,50.0,3.4921392355322407,39.1073529501796
2026-06-27,02:00,Cape Verde,Saudi Arabia,Cape Verde,Saudi Arabia,2-1,home,Cape Verde,0.35974963348128647,0.07945218476349539,0.22106427285799382,0.3395879788750443,99.0,35.61521371464736,Exact,20.0,1.5890436952699076,37.20425740991727
2026-06-27,02:00,Cape Verde,Saudi Arabia,Cape Verde,Saudi Arabia,2-2,draw,Draw,0.2845088224732096,0.03552436325893429,0.1438590674465404,0.14528786416725015,123.0,34.99458516420478,Tres rare,50.0,1.7762181629467144,36.77080332715149
2026-06-27,02:00,Cape Verde,Saudi Arabia,Cape Verde,Saudi Arabia,2-3,away,Saudi Arabia,0.3557415440455039,0.028588850138387162,0.07262435949822335,0.0358159751101502,94.0,33.43970514027737,Mega rare,70.0,2.0012195096871013,35.44092464996447
2026-06-27,02:00,Cape Verde,Saudi Arabia,Cape Verde,Saudi Arabia,2-4,away,Saudi Arabia,0.3557415440455039,0.008947312555837195,0.022728890474877493,0.007846405349497366,94.0,33.43970514027737,Mega rare,70.0,0.6263118789086036,34.06601701918597
2026-06-27,02:00,Cape Verde,Saudi Arabia,Cape Verde,Saudi Arabia,3-0,home,Cape Verde,0.35974963348128647,0.019051425263934847,0.05300784975789868,0.059713889733465635,99.0,35.61521371464736,Tres rare,50.0,0.9525712631967423,36.567784977844106
2026-06-27,02:00,Cape Verde,Saudi Arabia,Cape Verde,Saudi Arabia,3-1,home,Cape Verde,0.35974963348128647,0.023849725420291366,0.06635842958369989,0.07135557132150588,99.0,35.61521371464736,Tres rare,50.0,1.1924862710145683,36.80769998566193
2026-06-27,02:00,Cape Verde,Saudi Arabia,Cape Verde,Saudi Arabia,3-2,home,Cape Verde,0.35974963348128647,0.026208521057807483,0.0729214390714854,0.03733943344590514,99.0,35.61521371464736,Mega rare,70.0,1.8345964740465237,37.44981018869388
2026-06-27,02:00,Cape Verde,Saudi Arabia,Cape Verde,Saudi Arabia,3-3,draw,Draw,0.2845088224732096,0.012013780297811541,0.04865087144710828,0.01965362720025279,123.0,34.99458516420478,Mega rare,70.0,0.8409646208468079,35.83554978505158
2026-06-27,02:00,Cape Verde,Saudi Arabia,Cape Verde,Saudi Arabia,3-4,away,Saudi Arabia,0.3557415440455039,0.0019495746884213368,0.004952511638459886,0.0017096925103498289,94.0,33.43970514027737,Ultra rare,100.0,0.1949574688421337,33.6346626091195
2026-06-27,02:00,Cape Verde,Saudi Arabia,Cape Verde,Saudi Arabia,4-0,home,Cape Verde,0.35974963348128647,0.006004429254058181,0.01670646050737048,0.020530909258224945,99.0,35.61521371464736,Mega rare,70.0,0.42031004778407266,36.03552376243143
2026-06-27,02:00,Cape Verde,Saudi Arabia,Cape Verde,Saudi Arabia,4-1,home,Cape Verde,0.35974963348128647,0.014496507103556188,0.04033444531912714,0.02065325857179863,99.0,35.61521371464736,Mega rare,70.0,1.0147554972489332,36.629969211896295
2026-06-27,02:00,Cape Verde,Saudi Arabia,Cape Verde,Saudi Arabia,4-2,home,Cape Verde,0.35974963348128647,0.004704934270316485,0.013090802680986115,0.004692203187140701,99.0,35.61521371464736,Ultra rare,100.0,0.47049342703164854,36.08570714167901
2026-06-27,02:00,Cape Verde,Saudi Arabia,Cape Verde,Saudi Arabia,4-3,home,Cape Verde,0.35974963348128647,0.001963307012695231,0.005462619290462633,0.0019579944996095714,99.0,35.61521371464736,Ultra rare,100.0,0.19633070126952307,35.811544415916885
2026-06-27,02:00,Cape Verde,Saudi Arabia,Cape Verde,Saudi Arabia,4-4,draw,Draw,0.2845088224732096,0.0006144465902133081,0.002488256096794705,0.002512969256795603,123.0,34.99458516420478,Ultra rare,100.0,0.061444659021330804,35.05602982322611
2026-06-27,02:00,Uruguay,Spain,Uruguay,Spain,0-0,draw,Draw,0.22733501593415562,0.07949632198472026,0.40630779273116985,0.5211229149152234,112.0,25.46152178462543,Exact,20.0,1.589926439694405,27.051448224319834
2026-06-27,02:00,Uruguay,Spain,Uruguay,Spain,0-1,away,Spain,0.6445013457785898,0.11798468405201236,0.17628370809713498,0.14094841706300779,57.0,36.73657670937962,Tres rare,50.0,5.899234202600618,42.635810911980236
2026-06-27,02:00,Uruguay,Spain,Uruguay,Spain,0-2,away,Spain,0.6445013457785898,0.17145015217525797,0.25616772907531504,0.23042254354487987,57.0,36.73657670937962,Rare,30.0,5.143504565257739,41.88008127463736
2026-06-27,02:00,Uruguay,Spain,Uruguay,Spain,0-3,away,Spain,0.6445013457785898,0.0712051677867319,0.1063893259873477,0.11696307600827545,57.0,36.73657670937962,Tres rare,50.0,3.560258389336595,40.296835098716215
2026-06-27,02:00,Uruguay,Spain,Uruguay,Spain,0-4,away,Spain,0.6445013457785898,0.026504845236650813,0.0396015164035844,0.047495350908754855,57.0,36.73657670937962,Mega rare,70.0,1.855339166565557,38.591915875945176
2026-06-27,02:00,Uruguay,Spain,Uruguay,Spain,1-0,home,Uruguay,0.12816363828725466,0.053668868366236744,0.39738252406692653,0.32164180043526686,143.0,18.327400275077416,Exact,20.0,1.0733773673247349,19.40077764240215
2026-06-27,02:00,Uruguay,Spain,Uruguay,Spain,1-1,draw,Draw,0.22733501593415562,0.08494639652326266,0.4341632670561473,0.34267682144130124,112.0,25.46152178462543,Exact,20.0,1.6989279304652531,27.16044971509068
2026-06-27,02:00,Uruguay,Spain,Uruguay,Spain,1-2,away,Spain,0.6445013457785898,0.1198501751592163,0.17907098250010042,0.268456864907071,57.0,36.73657670937962,Rare,30.0,3.595505254776489,40.33208196415611
2026-06-27,02:00,Uruguay,Spain,Uruguay,Spain,1-3,away,Spain,0.6445013457785898,0.05535872778091479,0.08271278502943188,0.0868000513131989,57.0,36.73657670937962,Tres rare,50.0,2.7679363890457394,39.504513098425356
2026-06-27,02:00,Uruguay,Spain,Uruguay,Spain,1-4,away,Spain,0.6445013457785898,0.01930485663754463,0.028843843077544878,0.01441388879493616,57.0,36.73657670937962,Mega rare,70.0,1.3513399646281241,38.087916674007744
2026-06-27,02:00,Uruguay,Spain,Uruguay,Spain,2-0,home,Uruguay,0.12816363828725466,0.020811759039409797,0.154097330335293,0.14031734472634913,143.0,18.327400275077416,Tres rare,50.0,1.04058795197049,19.367988227047906
2026-06-27,02:00,Uruguay,Spain,Uruguay,Spain,2-1,home,Uruguay,0.12816363828725466,0.035553022580354074,0.26324665082891147,0.399510177237177,143.0,18.327400275077416,Exact,20.0,0.7110604516070815,19.038460726684498
2026-06-27,02:00,Uruguay,Spain,Uruguay,Spain,2-2,draw,Draw,0.22733501593415562,0.023871539601781826,0.1220080668204868,0.12037331258967206,112.0,25.46152178462543,Tres rare,50.0,1.1935769800890914,26.65509876471452
2026-06-27,02:00,Uruguay,Spain,Uruguay,Spain,2-3,away,Spain,0.6445013457785898,0.02884923213995625,0.043104320346737335,0.021540156018351898,57.0,36.73657670937962,Mega rare,70.0,2.0194462497969377,38.756022959176555
2026-06-27,02:00,Uruguay,Spain,Uruguay,Spain,2-4,away,Spain,0.6445013457785898,0.01355856169834775,0.02025816784486073,0.007086409546882054,57.0,36.73657670937962,Mega rare,70.0,0.9490993188843425,37.68567602826396
2026-06-27,02:00,Uruguay,Spain,Uruguay,Spain,3-0,home,Uruguay,0.12816363828725466,0.003279833289038646,0.024284999303932544,0.02702741523998043,143.0,18.327400275077416,Mega rare,70.0,0.22958833023270522,18.55698860531012
2026-06-27,02:00,Uruguay,Spain,Uruguay,Spain,3-1,home,Uruguay,0.12816363828725466,0.006165824004464163,0.045653854467850793,0.04849985974296676,143.0,18.327400275077416,Mega rare,70.0,0.4316076803124914,18.759007955389908
2026-06-27,02:00,Uruguay,Spain,Uruguay,Spain,3-2,home,Uruguay,0.12816363828725466,0.010174983132788702,0.07533902992055017,0.038112177434687346,143.0,18.327400275077416,Mega rare,70.0,0.7122488192952091,19.039649094372624
2026-06-27,02:00,Uruguay,Spain,Uruguay,Spain,3-3,draw,Draw,0.22733501593415562,0.007004131830645803,0.03579830202276293,0.014127459968382897,112.0,25.46152178462543,Mega rare,70.0,0.4902892281452062,25.951811012770634
2026-06-27,02:00,Uruguay,Spain,Uruguay,Spain,3-4,away,Spain,0.6445013457785898,0.0017068601796921313,0.002550260180777583,0.0008920939065415101,57.0,36.73657670937962,Ultra rare,100.0,0.17068601796921312,36.90726272734883
2026-06-27,02:00,Uruguay,Spain,Uruguay,Spain,4-0,home,Uruguay,0.12816363828725466,0.0005972182715519445,0.004422006861570053,0.0053687649645595146,143.0,18.327400275077416,Mega rare,70.0,0.04180527900863611,18.36920555408605
2026-06-27,02:00,Uruguay,Spain,Uruguay,Spain,4-1,home,Uruguay,0.12816363828725466,0.0021652506090900944,0.016032250697109403,0.008110324540812211,143.0,18.327400275077416,Mega rare,70.0,0.15156754263630662,18.478967817713723
2026-06-27,02:00,Uruguay,Spain,Uruguay,Spain,4-2,home,Uruguay,0.12816363828725466,0.0010553142439551294,0.007813904982771958,0.002767004744190001,143.0,18.327400275077416,Ultra rare,100.0,0.10553142439551294,18.432931699472928
2026-06-27,02:00,Uruguay,Spain,Uruguay,Spain,4-3,home,Uruguay,0.12816363828725466,0.0006613020972110369,0.004896505265719294,0.0017339157988315165,143.0,18.327400275077416,Ultra rare,100.0,0.06613020972110369,18.393530484798518
2026-06-27,02:00,Uruguay,Spain,Uruguay,Spain,4-4,draw,Draw,0.22733501593415562,0.0003107987499557831,0.0015885005862587313,0.001567216681663645,112.0,25.46152178462543,Ultra rare,100.0,0.03107987499557831,25.49260165962101
2026-06-27,05:00,Egypt,Iran,Egypt,Iran,0-0,draw,Draw,0.35803721611275724,0.15522079201140002,0.524094108913945,0.6361314625651947,114.0,40.81624263685433,Exact,20.0,3.1044158402280004,43.92065847708233
2026-06-27,05:00,Egypt,Iran,Egypt,Iran,0-1,away,Iran,0.25054281339873263,0.1039681575999193,0.3531943123526228,0.2806323976366114,123.0,30.816766048044116,Rare,30.0,3.119044727997579,33.93581077604169
2026-06-27,05:00,Egypt,Iran,Egypt,Iran,0-2,away,Iran,0.25054281339873263,0.06818430904600178,0.23163159473704098,0.2070496139568869,123.0,30.816766048044116,Rare,30.0,2.0455292713800537,32.86229531942417
2026-06-27,05:00,Egypt,Iran,Egypt,Iran,0-3,away,Iran,0.25054281339873263,0.012779973048935253,0.043415348478842736,0.04743185338390611,123.0,30.816766048044116,Mega rare,70.0,0.8945981134254677,31.711364161469582
2026-06-27,05:00,Egypt,Iran,Egypt,Iran,0-4,away,Iran,0.25054281339873263,0.002146918465642461,0.007293381056800852,0.00869249139042202,123.0,30.816766048044116,Mega rare,70.0,0.15028429259497228,30.967050340639087
2026-06-27,05:00,Egypt,Iran,Egypt,Iran,1-0,home,Egypt,0.3914199704885101,0.15991302054532583,0.39054138212434636,0.32408558082047695,85.0,33.27069749152336,Exact,20.0,3.1982604109065167,36.46895790242987
2026-06-27,05:00,Egypt,Iran,Egypt,Iran,1-1,draw,Draw,0.35803721611275724,0.11422948109528094,0.3856892967144294,0.28808577842058697,114.0,40.81624263685433,Rare,30.0,3.4268844328584285,44.243127069712756
2026-06-27,05:00,Egypt,Iran,Egypt,Iran,1-2,away,Iran,0.25054281339873263,0.07273505495950217,0.2470911124462547,0.3681141419290845,123.0,30.816766048044116,Exact,20.0,1.4547010991900433,32.27146714723416
2026-06-27,05:00,Egypt,Iran,Egypt,Iran,1-3,away,Iran,0.25054281339873263,0.01516222908189998,0.05150820403033436,0.053715525009590454,123.0,30.816766048044116,Tres rare,50.0,0.7581114540949989,31.574877502139113
2026-06-27,05:00,Egypt,Iran,Egypt,Iran,1-4,away,Iran,0.25054281339873263,0.0023862469634938184,0.008106413298367301,0.004025620813725913,123.0,30.816766048044116,Ultra rare,100.0,0.23862469634938185,31.0553907443935
2026-06-27,05:00,Egypt,Iran,Egypt,Iran,2-0,home,Egypt,0.3914199704885101,0.09462997094758156,0.2311063821959398,0.21575313327903228,85.0,33.27069749152336,Rare,30.0,2.838899128427447,36.10959661995081
2026-06-27,05:00,Egypt,Iran,Egypt,Iran,2-1,home,Egypt,0.3914199704885101,0.07295722408005614,0.17817695539122627,0.2772333390255374,85.0,33.27069749152336,Rare,30.0,2.188716722401684,35.459414213925044
2026-06-27,05:00,Egypt,Iran,Egypt,Iran,2-2,draw,Draw,0.35803721611275724,0.0221077251868116,0.07464546715523424,0.0696943682848235,114.0,40.81624263685433,Tres rare,50.0,1.1053862593405799,41.9216288961949
2026-06-27,05:00,Egypt,Iran,Egypt,Iran,2-3,away,Iran,0.25054281339873263,0.012057846218227008,0.04096218305501324,0.020341698678887254,123.0,30.816766048044116,Mega rare,70.0,0.8440492352758906,31.660815283320005
2026-06-27,05:00,Egypt,Iran,Egypt,Iran,2-4,away,Iran,0.25054281339873263,0.0025575313087692754,0.008688290076247043,0.0030202053677143457,123.0,30.816766048044116,Ultra rare,100.0,0.2557531308769275,31.072519178921045
2026-06-27,05:00,Egypt,Iran,Egypt,Iran,3-0,home,Egypt,0.3914199704885101,0.0227577968627345,0.05557934813918586,0.0634174531898073,85.0,33.27069749152336,Tres rare,50.0,1.137889843136725,34.40858733466008
2026-06-27,05:00,Egypt,Iran,Egypt,Iran,3-1,home,Egypt,0.3914199704885101,0.019308183880159976,0.047154664411653564,0.051359007261836884,85.0,33.27069749152336,Tres rare,50.0,0.9654091940079987,34.236106685531354
2026-06-27,05:00,Egypt,Iran,Egypt,Iran,3-2,home,Egypt,0.3914199704885101,0.014379899631296593,0.035118753042527664,0.018214269342548613,85.0,33.27069749152336,Mega rare,70.0,1.0065929741907615,34.27729046571412
2026-06-27,05:00,Egypt,Iran,Egypt,Iran,3-3,draw,Draw,0.35803721611275724,0.0044673329681555705,0.015083693755379296,0.005633287848526418,114.0,40.81624263685433,Mega rare,70.0,0.31271330777088996,41.12895594462522
2026-06-27,05:00,Egypt,Iran,Egypt,Iran,3-4,away,Iran,0.25054281339873263,0.0004913192872389938,0.0016690800511222278,0.0005802021439553225,123.0,30.816766048044116,Ultra rare,100.0,0.04913192872389938,30.865897976768014
2026-06-27,05:00,Egypt,Iran,Egypt,Iran,4-0,home,Egypt,0.3914199704885101,0.006323682586061606,0.015443768924220645,0.01922370989716148,85.0,33.27069749152336,Mega rare,70.0,0.4426577810243124,33.71335527254767
2026-06-27,05:00,Egypt,Iran,Egypt,Iran,4-1,home,Egypt,0.3914199704885101,0.010347060791369614,0.02526970854909686,0.013106082586804334,85.0,33.27069749152336,Mega rare,70.0,0.724294255395873,33.99499174691923
2026-06-27,05:00,Egypt,Iran,Egypt,Iran,4-2,home,Egypt,0.3914199704885101,0.0022759487905971653,0.005558347802404963,0.0020179779929821863,85.0,33.27069749152336,Ultra rare,100.0,0.22759487905971654,33.49829237058307
2026-06-27,05:00,Egypt,Iran,Egypt,Iran,4-3,home,Egypt,0.3914199704885101,0.0006436539532031189,0.0015719389430361985,0.0005706980394401047,85.0,33.27069749152336,Ultra rare,100.0,0.06436539532031188,33.335062886843666
2026-06-27,05:00,Egypt,Iran,Egypt,Iran,4-4,draw,Draw,0.35803721611275724,0.0001365223197855764,0.0004609597890057883,0.0004303851596595067,114.0,40.81624263685433,Ultra rare,100.0,0.013652231978557638,40.82989486883288
2026-06-27,05:00,New Zealand,Belgium,New Zealand,Belgium,0-0,draw,Draw,0.1198722542163233,0.03144205412369596,0.31081053400457653,0.4194103214529799,129.0,15.463520793905706,Exact,20.0,0.6288410824739192,16.092361876379627
2026-06-27,05:00,New Zealand,Belgium,New Zealand,Belgium,0-1,away,Belgium,0.823908906197839,0.07238025515970717,0.08560496410172075,0.0690754697236418,32.0,26.365084998330847,Tres rare,50.0,3.6190127579853586,29.984097756316206
2026-06-27,05:00,New Zealand,Belgium,New Zealand,Belgium,0-2,away,Belgium,0.823908906197839,0.16314093671736557,0.1929486708826308,0.17515365773852304,32.0,26.365084998330847,Tres rare,50.0,8.157046835868279,34.52213183419913
2026-06-27,05:00,New Zealand,Belgium,New Zealand,Belgium,0-3,away,Belgium,0.823908906197839,0.10509140337959356,0.12429281706536,0.13790297229505274,32.0,26.365084998330847,Tres rare,50.0,5.254570168979678,31.619655167310526
2026-06-27,05:00,New Zealand,Belgium,New Zealand,Belgium,0-4,away,Belgium,0.823908906197839,0.06067524671854935,0.07176131537176361,0.0868573444187332,32.0,26.365084998330847,Tres rare,50.0,3.0337623359274675,29.398847334258313
2026-06-27,05:00,New Zealand,Belgium,New Zealand,Belgium,1-0,home,New Zealand,0.05621883958583765,0.018454210128680787,0.34607815322911467,0.27753714655850675,172.0,9.669640408764076,Rare,30.0,0.5536263038604237,10.2232667126245
2026-06-27,05:00,New Zealand,Belgium,New Zealand,Belgium,1-1,draw,Draw,0.1198722542163233,0.04530525557348152,0.44785085041232575,0.37189763999768566,129.0,15.463520793905706,Exact,20.0,0.9061051114696305,16.369625905375337
2026-06-27,05:00,New Zealand,Belgium,New Zealand,Belgium,1-2,away,Belgium,0.823908906197839,0.09914547504064475,0.11726049891610775,0.17740992288646779,32.0,26.365084998330847,Tres rare,50.0,4.957273752032237,31.322358750363083
2026-06-27,05:00,New Zealand,Belgium,New Zealand,Belgium,1-3,away,Belgium,0.823908906197839,0.07103149028744953,0.0840097643028735,0.08897212753752871,32.0,26.365084998330847,Tres rare,50.0,3.551574514372476,29.916659512703323
2026-06-27,05:00,New Zealand,Belgium,New Zealand,Belgium,1-4,away,Belgium,0.823908906197839,0.038420411076154876,0.04544026411195231,0.02291636662689427,32.0,26.365084998330847,Mega rare,70.0,2.6894287753308412,29.05451377366169
2026-06-27,05:00,New Zealand,Belgium,New Zealand,Belgium,2-0,home,New Zealand,0.05621883958583765,0.006221440621152199,0.1166728169658522,0.10526139962736775,172.0,9.669640408764076,Tres rare,50.0,0.31107203105760994,9.980712439821685
2026-06-27,05:00,New Zealand,Belgium,New Zealand,Belgium,2-1,home,New Zealand,0.05621883958583765,0.01648501326641413,0.30914912680718953,0.4648536341135284,172.0,9.669640408764076,Exact,20.0,0.3297002653282826,9.999340674092359
2026-06-27,05:00,New Zealand,Belgium,New Zealand,Belgium,2-2,draw,Draw,0.1198722542163233,0.01716816201088661,0.16971046425555572,0.17616054843215195,129.0,15.463520793905706,Tres rare,50.0,0.8584081005443304,16.321928894450036
2026-06-27,05:00,New Zealand,Belgium,New Zealand,Belgium,2-3,away,Belgium,0.823908906197839,0.032181644439725564,0.038061602724642755,0.019195171055700018,32.0,26.365084998330847,Mega rare,70.0,2.2527151107807897,28.617800109111638
2026-06-27,05:00,New Zealand,Belgium,New Zealand,Belgium,2-4,away,Belgium,0.823908906197839,0.023459470007192958,0.02774578624211737,0.009794899647072886,32.0,26.365084998330847,Mega rare,70.0,1.642162900503507,28.007247898834354
2026-06-27,05:00,New Zealand,Belgium,New Zealand,Belgium,3-0,home,New Zealand,0.05621883958583765,0.0008523993094533381,0.015985337588137236,0.017626717525903116,172.0,9.669640408764076,Mega rare,70.0,0.059667951661733665,9.72930836042581
2026-06-27,05:00,New Zealand,Belgium,New Zealand,Belgium,3-1,home,New Zealand,0.05621883958583765,0.0024854958635473763,0.04661135926799864,0.04906118279981375,172.0,9.669640408764076,Mega rare,70.0,0.17398471044831634,9.843625119212392
2026-06-27,05:00,New Zealand,Belgium,New Zealand,Belgium,3-2,home,New Zealand,0.05621883958583765,0.006361890931354092,0.11930672996652757,0.0597987208437987,172.0,9.669640408764076,Tres rare,50.0,0.3180945465677046,9.987734955331781
2026-06-27,05:00,New Zealand,Belgium,New Zealand,Belgium,3-3,draw,Draw,0.1198722542163233,0.00679262178757604,0.06714632564341697,0.027879326363131975,129.0,15.463520793905706,Mega rare,70.0,0.4754835251303228,15.939004319036028
2026-06-27,05:00,New Zealand,Belgium,New Zealand,Belgium,3-4,away,Belgium,0.823908906197839,0.0025675071960378644,0.003036620427252723,0.0010719967382305546,32.0,26.365084998330847,Ultra rare,100.0,0.2567507196037864,26.621835717934633
2026-06-27,05:00,New Zealand,Belgium,New Zealand,Belgium,4-0,home,New Zealand,0.05621883958583765,0.00013493777793002269,0.002530534585941715,0.0030440408114330735,172.0,9.669640408764076,Ultra rare,100.0,0.013493777793002268,9.683134186557078
2026-06-27,05:00,New Zealand,Belgium,New Zealand,Belgium,4-1,home,New Zealand,0.05621883958583765,0.00075882081985427,0.014230427969324387,0.007132551448389861,172.0,9.669640408764076,Mega rare,70.0,0.0531174573897989,9.722757866153875
2026-06-27,05:00,New Zealand,Belgium,New Zealand,Belgium,4-2,home,New Zealand,0.05621883958583765,0.0005736453394306933,0.010757768460115327,0.0037743935757890536,172.0,9.669640408764076,Ultra rare,100.0,0.05736453394306933,9.727004942707145
2026-06-27,05:00,New Zealand,Belgium,New Zealand,Belgium,4-3,home,New Zealand,0.05621883958583765,0.0005575607200701162,0.010456128058012692,0.0036685621851883297,172.0,9.669640408764076,Ultra rare,100.0,0.05575607200701162,9.725396480771089
2026-06-27,05:00,New Zealand,Belgium,New Zealand,Belgium,4-4,draw,Draw,0.1198722542163233,0.00040644532675053523,0.004017787405174432,0.004170489049594069,129.0,15.463520793905706,Ultra rare,100.0,0.040644532675053524,15.50416532658076
2026-06-27,23:00,Croatia,Ghana,Croatia,Ghana,0-0,draw,Draw,0.2915603221397827,0.10705747284405816,0.43550553763499267,0.5506666335470126,120.0,34.987238656773926,Exact,20.0,2.141149456881163,37.12838811365509
2026-06-27,23:00,Croatia,Ghana,Croatia,Ghana,0-1,away,Ghana,0.1708446128042539,0.06906134475991617,0.3138637638736369,0.24533530846453888,138.0,23.576556566987037,Rare,30.0,2.071840342797485,25.648396909784523
2026-06-27,23:00,Croatia,Ghana,Croatia,Ghana,0-2,away,Ghana,0.1708446128042539,0.043620106031650084,0.1982407192801591,0.1743268427721784,138.0,23.576556566987037,Tres rare,50.0,2.181005301582504,25.757561868569542
2026-06-27,23:00,Croatia,Ghana,Croatia,Ghana,0-3,away,Ghana,0.1708446128042539,0.007874079610241959,0.0357854060343409,0.03846161576431724,138.0,23.576556566987037,Mega rare,70.0,0.5511855727169371,24.127742139703972
2026-06-27,23:00,Croatia,Ghana,Croatia,Ghana,0-4,away,Ghana,0.1708446128042539,0.0012739518246348296,0.005789741223018438,0.006788429148439175,138.0,23.576556566987037,Mega rare,70.0,0.08917662772443807,23.665733194711475
2026-06-27,23:00,Croatia,Ghana,Croatia,Ghana,1-0,home,Croatia,0.5375950650559634,0.1518453434585705,0.28427978144652943,0.23471107415825404,57.0,30.642918708189917,Rare,30.0,4.555360303757115,35.19827901194703
2026-06-27,23:00,Croatia,Ghana,Croatia,Ghana,1-1,draw,Draw,0.2915603221397827,0.10446322900726727,0.4249522569822392,0.3306601476971223,120.0,34.987238656773926,Exact,20.0,2.0892645801453456,37.07650323691927
2026-06-27,23:00,Croatia,Ghana,Croatia,Ghana,1-2,away,Ghana,0.1708446128042539,0.06406142628374693,0.29114058584333236,0.4267002537555039,138.0,23.576556566987037,Exact,20.0,1.2812285256749387,24.857785092661977
2026-06-27,23:00,Croatia,Ghana,Croatia,Ghana,1-3,away,Ghana,0.1708446128042539,0.012861258780687909,0.058450687618270894,0.05996637746900979,138.0,23.576556566987037,Tres rare,50.0,0.6430629390343955,24.21961950602143
2026-06-27,23:00,Croatia,Ghana,Croatia,Ghana,1-4,away,Ghana,0.1708446128042539,0.0019494109530334557,0.008859506880188887,0.004328211200755893,138.0,23.576556566987037,Ultra rare,100.0,0.19494109530334558,23.771497662290383
2026-06-27,23:00,Croatia,Ghana,Croatia,Ghana,2-0,home,Croatia,0.5375950650559634,0.12370775276613281,0.23160152375164975,0.2151203733424689,57.0,30.642918708189917,Rare,30.0,3.7112325829839845,34.3541512911739
2026-06-27,23:00,Croatia,Ghana,Croatia,Ghana,2-1,home,Croatia,0.5375950650559634,0.09185527520282806,0.17196837890847366,0.266218037448084,57.0,30.642918708189917,Rare,30.0,2.7556582560848417,33.39857696427476
2026-06-27,23:00,Croatia,Ghana,Croatia,Ghana,2-2,draw,Draw,0.2915603221397827,0.026806952764561305,0.10904961667731054,0.10606592200762545,120.0,34.987238656773926,Tres rare,50.0,1.3403476382280652,36.32758629500199
2026-06-27,23:00,Croatia,Ghana,Croatia,Ghana,2-3,away,Ghana,0.1708446128042539,0.014081234233435729,0.06399512190005333,0.03126408807480312,138.0,23.576556566987037,Mega rare,70.0,0.985686396340501,24.562242963327538
2026-06-27,23:00,Croatia,Ghana,Croatia,Ghana,2-4,away,Ghana,0.1708446128042539,0.0028764678969427342,0.013072711571642255,0.004470567063118393,138.0,23.576556566987037,Ultra rare,100.0,0.28764678969427343,23.864203356681312
2026-06-27,23:00,Croatia,Ghana,Croatia,Ghana,3-0,home,Croatia,0.5375950650559634,0.04095896622875837,0.07668200882935937,0.08705300912672648,57.0,30.642918708189917,Tres rare,50.0,2.0479483114379184,32.69086701962784
2026-06-27,23:00,Croatia,Ghana,Croatia,Ghana,3-1,home,Croatia,0.5375950650559634,0.03346784791612361,0.06265738727560762,0.06789834703687156,57.0,30.642918708189917,Tres rare,50.0,1.6733923958061805,32.3163111039961
2026-06-27,23:00,Croatia,Ghana,Croatia,Ghana,3-2,home,Croatia,0.5375950650559634,0.024005447471524506,0.04494219714148206,0.023191130829887514,57.0,30.642918708189917,Mega rare,70.0,1.6803813230067155,32.32330003119663
2026-06-27,23:00,Croatia,Ghana,Croatia,Ghana,3-3,draw,Draw,0.2915603221397827,0.007182404576603638,0.029217735890348047,0.011367325041977341,120.0,34.987238656773926,Mega rare,70.0,0.5027683203622546,35.49000697713618
2026-06-27,23:00,Croatia,Ghana,Croatia,Ghana,3-4,away,Ghana,0.1708446128042539,0.0007607692406351538,0.0034574753523135397,0.0011823771485271748,138.0,23.576556566987037,Ultra rare,100.0,0.07607692406351538,23.65263349105055
2026-06-27,23:00,Croatia,Ghana,Croatia,Ghana,4-0,home,Croatia,0.5375950650559634,0.015668931871532173,0.029334851016719215,0.03632977883990793,57.0,30.642918708189917,Mega rare,70.0,1.0968252310072522,31.73974393919717
2026-06-27,23:00,Croatia,Ghana,Croatia,Ghana,4-1,home,Croatia,0.5375950650559634,0.024691866525292667,0.046227287972332505,0.023854265066353967,57.0,30.642918708189917,Mega rare,70.0,1.7284306567704866,32.3713493649604
2026-06-27,23:00,Croatia,Ghana,Croatia,Ghana,4-2,home,Croatia,0.5375950650559634,0.005230786527259176,0.009792903864506087,0.0035373428630540607,57.0,30.642918708189917,Ultra rare,100.0,0.5230786527259176,31.165997360915835
2026-06-27,23:00,Croatia,Ghana,Croatia,Ghana,4-3,home,Croatia,0.5375950650559634,0.0014247036656009962,0.0026672826275612772,0.0009634622474492997,57.0,30.642918708189917,Ultra rare,100.0,0.14247036656009962,30.785389074750018
2026-06-27,23:00,Croatia,Ghana,Croatia,Ghana,4-4,draw,Draw,0.2915603221397827,0.00029103374667449096,0.0011839136955906118,0.0011515207620752769,120.0,34.987238656773926,Ultra rare,100.0,0.029103374667449097,35.016342031441376
2026-06-27,23:00,Panama,England,Panama,England,0-0,draw,Draw,0.11976705494937108,0.03406846974718552,0.32430666040801825,0.4342790988638808,137.0,16.408086528063837,Exact,20.0,0.6813693949437104,17.08945592300755
2026-06-27,23:00,Panama,England,Panama,England,0-1,away,England,0.8215739203464419,0.07656423347498763,0.09113451118437015,0.07343651442617927,32.0,26.290365451086142,Tres rare,50.0,3.828211673749381,30.118577124835525
2026-06-27,23:00,Panama,England,Panama,England,0-2,away,England,0.8215739203464419,0.16847400263670353,0.20053483435690786,0.18179064602333886,32.0,26.290365451086142,Tres rare,50.0,8.423700131835176,34.71406558292132
2026-06-27,23:00,Panama,England,Panama,England,0-3,away,England,0.8215739203464419,0.10595006984088923,0.1261125121569158,0.13973012964261022,32.0,26.290365451086142,Tres rare,50.0,5.297503492044461,31.5878689431306
2026-06-27,23:00,Panama,England,Panama,England,0-4,away,England,0.8215739203464419,0.059718614036304636,0.07108314746708261,0.08591858095114088,32.0,26.290365451086142,Tres rare,50.0,2.985930701815232,29.276296152901374
2026-06-27,23:00,Panama,England,Panama,England,1-0,home,Panama,0.058659024704187025,0.01962147046355574,0.357883284800651,0.2868875432829424,168.0,9.854716150303421,Rare,30.0,0.5886441139066723,10.443360264210094
2026-06-27,23:00,Panama,England,Panama,England,1-1,draw,Draw,0.11976705494937108,0.04702716382372611,0.44766385344893067,0.3689026061845589,137.0,16.408086528063837,Exact,20.0,0.9405432764745223,17.34862980453836
2026-06-27,23:00,Panama,England,Panama,England,1-2,away,England,0.8215739203464419,0.10047018781765425,0.11958980113547411,0.18068604120525267,32.0,26.290365451086142,Tres rare,50.0,5.023509390882713,31.313874841968854
2026-06-27,23:00,Panama,England,Panama,England,1-3,away,England,0.8215739203464419,0.07027152135950115,0.08364428739918496,0.0884636357888969,32.0,26.290365451086142,Tres rare,50.0,3.5135760679750576,29.8039415190612
2026-06-27,23:00,Panama,England,Panama,England,1-4,away,England,0.8215739203464419,0.03710688941640302,0.04416838091432239,0.02224439937765242,32.0,26.290365451086142,Mega rare,70.0,2.5974822591482116,28.887847710234354
2026-06-27,23:00,Panama,England,Panama,England,2-0,home,Panama,0.058659024704187025,0.006491146691977674,0.11839443453346918,0.1067711908944696,168.0,9.854716150303421,Tres rare,50.0,0.3245573345988837,10.179273484902305
2026-06-27,23:00,Panama,England,Panama,England,2-1,home,Panama,0.058659024704187025,0.01679128285626672,0.3062624422455543,0.46032577197934815,168.0,9.854716150303421,Exact,20.0,0.33582565712533435,10.190541807428755
2026-06-27,23:00,Panama,England,Panama,England,2-2,draw,Draw,0.11976705494937108,0.017071924947741537,0.16251211186248765,0.167399995389251,137.0,16.408086528063837,Tres rare,50.0,0.8535962473870768,17.261682775450915
2026-06-27,23:00,Panama,England,Panama,England,2-3,away,England,0.8215739203464419,0.031241439419454443,0.03718672780964001,0.01872824875673568,32.0,26.290365451086142,Mega rare,70.0,2.186900759361811,28.477266210447954
2026-06-27,23:00,Panama,England,Panama,England,2-4,away,England,0.8215739203464419,0.02223336065209712,0.02646439940754605,0.009329734535598282,32.0,26.290365451086142,Mega rare,70.0,1.5563352456467985,27.846700696732942
2026-06-27,23:00,Panama,England,Panama,England,3-0,home,Panama,0.058659024704187025,0.0008727059284530501,0.015917607445368832,0.017544894654819503,168.0,9.854716150303421,Mega rare,70.0,0.061089414991713505,9.915805565295134
2026-06-27,23:00,Panama,England,Panama,England,3-1,home,Panama,0.058659024704187025,0.002484288305671001,0.04531185676816315,0.047673984134590994,168.0,9.854716150303421,Mega rare,70.0,0.17390018139697005,10.028616331700391
2026-06-27,23:00,Panama,England,Panama,England,3-2,home,Panama,0.058659024704187025,0.0062078223883408985,0.11322677736742152,0.05672825710985318,168.0,9.854716150303421,Tres rare,50.0,0.31039111941704495,10.165107269720465
2026-06-27,23:00,Panama,England,Panama,England,3-3,draw,Draw,0.11976705494937108,0.0064707498460596985,0.061596757602671075,0.025379762334034585,137.0,16.408086528063837,Mega rare,70.0,0.4529524892241789,16.861039017288014
2026-06-27,23:00,Panama,England,Panama,England,3-4,away,England,0.8215739203464419,0.002387772574414636,0.0028421689411912195,0.0010019755717212903,32.0,26.290365451086142,Ultra rare,100.0,0.23877725744146358,26.529142708527605
2026-06-27,23:00,Panama,England,Panama,England,4-0,home,Panama,0.058659024704187025,0.00013556661897938505,0.0024726498964373995,0.0029732002763815184,168.0,9.854716150303421,Ultra rare,100.0,0.013556661897938506,9.86827281220136
2026-06-27,23:00,Panama,England,Panama,England,4-1,home,Panama,0.058659024704187025,0.0007442563730409931,0.013574768313743438,0.006801155742601725,168.0,9.854716150303421,Mega rare,70.0,0.05209794611286951,9.90681409641629
2026-06-27,23:00,Panama,England,Panama,England,4-2,home,Panama,0.058659024704187025,0.0005492763584309317,0.010018455435524914,0.003513573999921252,168.0,9.854716150303421,Ultra rare,100.0,0.05492763584309317,9.909643786146514
2026-06-27,23:00,Panama,England,Panama,England,4-3,home,Panama,0.058659024704187025,0.000521199176546722,0.009506345290705251,0.0033339717746566746,168.0,9.854716150303421,Ultra rare,100.0,0.0521199176546722,9.906836067958093
2026-06-27,23:00,Panama,England,Panama,England,4-4,draw,Draw,0.11976705494937108,0.0003709179051629518,0.0035308644034084476,0.0036370623584707673,137.0,16.408086528063837,Ultra rare,100.0,0.03709179051629518,16.445178318580133
2026-06-28,01:30,Colombia,Portugal,Colombia,Portugal,0-0,draw,Draw,0.2548493993898515,0.08475906006647486,0.3713020773463859,0.48476478434824555,102.0,25.994638737764856,Exact,20.0,1.6951812013294973,27.689819939094352
2026-06-28,01:30,Colombia,Portugal,Colombia,Portugal,0-1,away,Portugal,0.518191476372052,0.1061935849811166,0.19369058663762193,0.15413655729991038,55.0,28.50053120046286,Tres rare,50.0,5.30967924905583,33.81021044951869
2026-06-28,01:30,Colombia,Portugal,Colombia,Portugal,0-2,away,Portugal,0.518191476372052,0.13026989879487252,0.23760430654346282,0.21271786745943652,55.0,28.50053120046286,Rare,30.0,3.9080969638461758,32.408628164309036
2026-06-28,01:30,Colombia,Portugal,Colombia,Portugal,0-3,away,Portugal,0.518191476372052,0.04567213012106286,0.08330316447751072,0.09115097904610454,55.0,28.50053120046286,Tres rare,50.0,2.283606506053143,30.784137706516002
2026-06-28,01:30,Colombia,Portugal,Colombia,Portugal,0-4,away,Portugal,0.518191476372052,0.0143515423939585,0.026176333211980943,0.031246200092150105,55.0,28.50053120046286,Mega rare,70.0,1.004607967577095,29.505139168039953
2026-06-28,01:30,Colombia,Portugal,Colombia,Portugal,1-0,home,Colombia,0.22695912423809647,0.07557005895308785,0.33818047161165654,0.2748971861862285,154.0,34.95170513266686,Rare,30.0,2.2671017685926356,37.2188069012595
2026-06-28,01:30,Colombia,Portugal,Colombia,Portugal,1-1,draw,Draw,0.2548493993898515,0.1009731339469938,0.4423307002377067,0.35538361573212957,102.0,25.994638737764856,Exact,20.0,2.0194626789398757,28.014101416704733
2026-06-28,01:30,Colombia,Portugal,Colombia,Portugal,1-2,away,Portugal,0.518191476372052,0.12026329559763012,0.21935287597099995,0.32729678933036116,55.0,28.50053120046286,Exact,20.0,2.4052659119526023,30.905797112415463
2026-06-28,01:30,Colombia,Portugal,Colombia,Portugal,1-3,away,Portugal,0.518191476372052,0.04689365466526213,0.08553115033560453,0.08933481969661422,55.0,28.50053120046286,Tres rare,50.0,2.3446827332631064,30.845213933725965
2026-06-28,01:30,Colombia,Portugal,Colombia,Portugal,1-4,away,Portugal,0.518191476372052,0.013804736237672774,0.0251789923160419,0.012523205371154056,55.0,28.50053120046286,Mega rare,70.0,0.9663315366370941,29.46686273709995
2026-06-28,01:30,Colombia,Portugal,Colombia,Portugal,2-0,home,Colombia,0.22695912423809647,0.03870119174792897,0.17319011601370443,0.15837892637061693,154.0,34.95170513266686,Tres rare,50.0,1.9350595873964487,36.88676472006331
2026-06-28,01:30,Colombia,Portugal,Colombia,Portugal,2-1,home,Colombia,0.22695912423809647,0.05581174878769681,0.24976086810004244,0.38066893432444177,154.0,34.95170513266686,Exact,20.0,1.1162349757539363,36.06794010842079
2026-06-28,01:30,Colombia,Portugal,Colombia,Portugal,2-2,draw,Draw,0.2548493993898515,0.03163465367453854,0.13858120437245852,0.13917610018909785,102.0,25.994638737764856,Tres rare,50.0,1.581732683726927,27.576371421491782
2026-06-28,01:30,Colombia,Portugal,Colombia,Portugal,2-3,away,Portugal,0.518191476372052,0.03227382688467124,0.058865481031124496,0.029277760562120454,55.0,28.50053120046286,Mega rare,70.0,2.2591678819269867,30.759699082389847
2026-06-28,01:30,Colombia,Portugal,Colombia,Portugal,2-4,away,Portugal,0.518191476372052,0.012804522301336073,0.02335466343471983,0.008131090792961832,55.0,28.50053120046286,Mega rare,70.0,0.8963165610935251,29.396847761556383
2026-06-28,01:30,Colombia,Portugal,Colombia,Portugal,3-0,home,Colombia,0.22695912423809647,0.008054814552840607,0.03604577026881844,0.04028828472468428,154.0,34.95170513266686,Mega rare,70.0,0.5638370186988425,35.5155421513657
2026-06-28,01:30,Colombia,Portugal,Colombia,Portugal,3-1,home,Colombia,0.22695912423809647,0.012782872380586553,0.05720410795103318,0.061030692617485734,154.0,34.95170513266686,Tres rare,50.0,0.6391436190293276,35.590848751696186
2026-06-28,01:30,Colombia,Portugal,Colombia,Portugal,3-2,home,Colombia,0.22695912423809647,0.017807566680299383,0.07968991134356651,0.04048602416961191,154.0,34.95170513266686,Mega rare,70.0,1.2465296676209567,36.198234800287814
2026-06-28,01:30,Colombia,Portugal,Colombia,Portugal,3-3,draw,Draw,0.2548493993898515,0.01034805540508204,0.04533148981818644,0.018210434805286887,102.0,25.994638737764856,Mega rare,70.0,0.7243638783557428,26.719002616120598
2026-06-28,01:30,Colombia,Portugal,Colombia,Portugal,3-4,away,Portugal,0.518191476372052,0.002128805249972847,0.0038828102260396505,0.0013518277652776543,55.0,28.50053120046286,Ultra rare,100.0,0.21288052499728471,28.713411725460144
2026-06-28,01:30,Colombia,Portugal,Colombia,Portugal,4-0,home,Colombia,0.22695912423809647,0.0019369797909690495,0.008668098824943357,0.01056907262506291,154.0,34.95170513266686,Mega rare,70.0,0.13558858536783347,35.087293718034694
2026-06-28,01:30,Colombia,Portugal,Colombia,Portugal,4-1,home,Colombia,0.22695912423809647,0.005928348490486866,0.026529709201837014,0.01347827384733389,154.0,34.95170513266686,Mega rare,70.0,0.41498439433408063,35.36668952700094
2026-06-28,01:30,Colombia,Portugal,Colombia,Portugal,4-2,home,Colombia,0.22695912423809647,0.0024391634749112534,0.01091540043386071,0.003881856697226302,154.0,34.95170513266686,Ultra rare,100.0,0.24391634749112534,35.19562148015798
2026-06-28,01:30,Colombia,Portugal,Colombia,Portugal,4-3,home,Colombia,0.22695912423809647,0.0012903055355128288,0.005774193385157199,0.0020534831863538313,154.0,34.95170513266686,Ultra rare,100.0,0.12903055355128287,35.08073568621814
2026-06-28,01:30,Colombia,Portugal,Colombia,Portugal,4-4,draw,Draw,0.2548493993898515,0.0005119239829863054,0.0022425736927377004,0.002252200522828811,102.0,25.994638737764856,Ultra rare,100.0,0.05119239829863054,26.045831136063487
2026-06-28,01:30,DR Congo,Uzbekistan,DR Congo,Uzbekistan,0-0,draw,Draw,0.23225995209354808,0.07529754478014207,0.3385727268041466,0.4498135372341872,107.0,24.851814874009644,Exact,20.0,1.5059508956028413,26.357765769612485
2026-06-28,01:30,DR Congo,Uzbekistan,DR Congo,Uzbekistan,0-1,away,Uzbekistan,0.21871790150957568,0.05866311715411285,0.24217415570076148,0.18927087388158162,158.0,34.55742843851296,Tres rare,50.0,2.9331558577056422,37.4905842962186
2026-06-28,01:30,DR Congo,Uzbekistan,DR Congo,Uzbekistan,0-2,away,Uzbekistan,0.21871790150957568,0.044748975809755925,0.1847335423164035,0.16242552286113068,158.0,34.55742843851296,Tres rare,50.0,2.237448790487796,36.794877229000754
2026-06-28,01:30,DR Congo,Uzbekistan,DR Congo,Uzbekistan,0-3,away,Uzbekistan,0.21871790150957568,0.009755790415771669,0.040274032846334074,0.043279657084249544,158.0,34.55742843851296,Mega rare,70.0,0.6829053291040168,35.240333767616974
2026-06-28,01:30,DR Congo,Uzbekistan,DR Congo,Uzbekistan,0-4,away,Uzbekistan,0.21871790150957568,0.0019062591574898818,0.007869454001211239,0.009225541211056714,158.0,34.55742843851296,Mega rare,70.0,0.13343814102429172,34.69086657953725
2026-06-28,01:30,DR Congo,Uzbekistan,DR Congo,Uzbekistan,1-0,home,DR Congo,0.5490221463968763,0.11959153082740943,0.22338200542014444,0.18473383869234788,63.0,34.588395223003204,Tres rare,50.0,5.979576541370472,40.567971764373674
2026-06-28,01:30,DR Congo,Uzbekistan,DR Congo,Uzbekistan,1-1,draw,Draw,0.23225995209354808,0.09936390942197737,0.4467862777883212,0.3652809393700532,107.0,24.851814874009644,Exact,20.0,1.9872781884395474,26.83909306244919
2026-06-28,01:30,DR Congo,Uzbekistan,DR Congo,Uzbekistan,1-2,away,Uzbekistan,0.21871790150957568,0.07359157630571135,0.3038020944523627,0.4451926941094371,158.0,34.55742843851296,Exact,20.0,1.471831526114227,36.02925996462719
2026-06-28,01:30,DR Congo,Uzbekistan,DR Congo,Uzbekistan,1-3,away,Uzbekistan,0.21871790150957568,0.017843549744822808,0.07366206918061872,0.07556126485538862,158.0,34.55742843851296,Tres rare,50.0,0.8921774872411404,35.4496059257541
2026-06-28,01:30,DR Congo,Uzbekistan,DR Congo,Uzbekistan,1-4,away,Uzbekistan,0.21871790150957568,0.0032663856467730792,0.013484353109335191,0.006586673362570922,158.0,34.55742843851296,Mega rare,70.0,0.22864699527411556,34.786075433787076
2026-06-28,01:30,DR Congo,Uzbekistan,DR Congo,Uzbekistan,2-0,home,DR Congo,0.5490221463968763,0.10910156576700879,0.2037880641454795,0.18959615932706256,63.0,34.588395223003204,Tres rare,50.0,5.455078288350439,40.04347351135364
2026-06-28,01:30,DR Congo,Uzbekistan,DR Congo,Uzbekistan,2-1,home,DR Congo,0.5490221463968763,0.0978372970163203,0.18274782052863336,0.28336861502746963,63.0,34.588395223003204,Rare,30.0,2.9351189104896087,37.52351413349281
2026-06-28,01:30,DR Congo,Uzbekistan,DR Congo,Uzbekistan,2-2,draw,Draw,0.23225995209354808,0.03448371679201412,0.1550548036951827,0.15846101134749319,107.0,24.851814874009644,Tres rare,50.0,1.724185839600706,26.57600071361035
2026-06-28,01:30,DR Congo,Uzbekistan,DR Congo,Uzbekistan,2-3,away,Uzbekistan,0.21871790150957568,0.02187628742635969,0.09031009080932227,0.044113578507026435,158.0,34.55742843851296,Mega rare,70.0,1.5313401198451781,36.08876855835813
2026-06-28,01:30,DR Congo,Uzbekistan,DR Congo,Uzbekistan,2-4,away,Uzbekistan,0.21871790150957568,0.005397078151938928,0.022280316970936832,0.007618253421467929,158.0,34.55742843851296,Mega rare,70.0,0.37779547063572494,34.93522390914868
2026-06-28,01:30,DR Congo,Uzbekistan,DR Congo,Uzbekistan,3-0,home,DR Congo,0.5490221463968763,0.040449966972808345,0.07555547352767562,0.0859145855101831,63.0,34.588395223003204,Tres rare,50.0,2.022498348640417,36.61089357164362
2026-06-28,01:30,DR Congo,Uzbekistan,DR Congo,Uzbekistan,3-1,home,DR Congo,0.5490221463968763,0.03991749216689153,0.07456087726188271,0.08092982299143593,63.0,34.588395223003204,Tres rare,50.0,1.9958746083445764,36.58426983134778
2026-06-28,01:30,DR Congo,Uzbekistan,DR Congo,Uzbekistan,3-2,home,DR Congo,0.5490221463968763,0.03457892957996819,0.06458911079583653,0.03338394008225541,63.0,34.588395223003204,Mega rare,70.0,2.4205250705977734,37.00892029360098
2026-06-28,01:30,DR Congo,Uzbekistan,DR Congo,Uzbekistan,3-3,draw,Draw,0.23225995209354808,0.012495046642072847,0.05618353195318644,0.022967103455570587,107.0,24.851814874009644,Mega rare,70.0,0.8746532649450993,25.726468138954743
2026-06-28,01:30,DR Congo,Uzbekistan,DR Congo,Uzbekistan,3-4,away,Uzbekistan,0.21871790150957568,0.0015984065082299253,0.006598571050703969,0.002256233003749364,158.0,34.55742843851296,Ultra rare,100.0,0.15984065082299254,34.71726908933595
2026-06-28,01:30,DR Congo,Uzbekistan,DR Congo,Uzbekistan,4-0,home,DR Congo,0.5490221463968763,0.01732781072989122,0.0323661808123344,0.04014957794402955,63.0,34.588395223003204,Mega rare,70.0,1.2129467510923853,35.80134197409559
2026-06-28,01:30,DR Congo,Uzbekistan,DR Congo,Uzbekistan,4-1,home,DR Congo,0.5490221463968763,0.03297801425666905,0.06159880142399229,0.03183834969299292,63.0,34.588395223003204,Mega rare,70.0,2.3084609979668334,36.89685622097004
2026-06-28,01:30,DR Congo,Uzbekistan,DR Congo,Uzbekistan,4-2,home,DR Congo,0.5490221463968763,0.008437307058761716,0.015759833142797806,0.0057020095679284925,63.0,34.588395223003204,Mega rare,70.0,0.5906114941133201,35.17900671711652
2026-06-28,01:30,DR Congo,Uzbekistan,DR Congo,Uzbekistan,4-3,home,DR Congo,0.5490221463968763,0.002775413377998419,0.0051841246780419195,0.0018756498401785455,63.0,34.588395223003204,Ultra rare,100.0,0.2775413377998419,34.86593656080304
2026-06-28,01:30,DR Congo,Uzbekistan,DR Congo,Uzbekistan,4-4,draw,Draw,0.23225995209354808,0.0006847196058936987,0.003078817307265364,0.003146452045578209,107.0,24.851814874009644,Ultra rare,100.0,0.06847196058936987,24.920286834599015
2026-06-28,04:00,Algeria,Austria,Algeria,Austria,0-0,draw,Draw,0.41817785250366857,0.1692546202773764,0.5520466695964352,0.6618381257253579,103.0,43.07231880787786,Exact,20.0,3.3850924055475278,46.45741121342539
2026-06-28,04:00,Algeria,Austria,Algeria,Austria,0-1,away,Austria,0.3350392174303444,0.13523803543177348,0.3364843826868141,0.26993426612887667,107.0,35.84919626504686,Rare,30.0,4.057141062953205,39.90633732800006
2026-06-28,04:00,Algeria,Austria,Algeria,Austria,0-2,away,Austria,0.3350392174303444,0.1058012543735384,0.26324302665081833,0.23757596630719416,107.0,35.84919626504686,Rare,30.0,3.174037631206152,39.02323389625301
2026-06-28,04:00,Algeria,Austria,Algeria,Austria,0-3,away,Austria,0.3350392174303444,0.0236561561556203,0.058858641914999524,0.06492411550494293,107.0,35.84919626504686,Tres rare,50.0,1.182807807781015,37.032004072827874
2026-06-28,04:00,Algeria,Austria,Algeria,Austria,0-4,away,Austria,0.3350392174303444,0.004740647451811071,0.011795156786074498,0.014193453640406478,107.0,35.84919626504686,Mega rare,70.0,0.331845321626775,36.18104158667363
2026-06-28,04:00,Algeria,Austria,Algeria,Austria,1-0,home,Algeria,0.24678293006598698,0.1332208979227739,0.45703343462797835,0.3801659645851421,96.0,23.69116128633475,Exact,20.0,2.664417958455478,26.355579244790228
2026-06-28,04:00,Algeria,Austria,Algeria,Austria,1-1,draw,Draw,0.41817785250366857,0.11352058001715237,0.3702626139624578,0.2731696742292041,103.0,43.07231880787786,Rare,30.0,3.405617400514571,46.477936208392435
2026-06-28,04:00,Algeria,Austria,Algeria,Austria,1-2,away,Austria,0.3350392174303444,0.08622794506198878,0.2145428745093929,0.3227070651175764,107.0,35.84919626504686,Exact,20.0,1.7245589012397755,37.57375516628663
2026-06-28,04:00,Algeria,Austria,Algeria,Austria,1-3,away,Austria,0.3350392174303444,0.02144248853612623,0.053350837989564436,0.0561737819164687,107.0,35.84919626504686,Tres rare,50.0,1.0721244268063115,36.92132069185317
2026-06-28,04:00,Algeria,Austria,Algeria,Austria,1-4,away,Austria,0.3350392174303444,0.004025644209711636,0.010016164479888023,0.005021975289602805,107.0,35.84919626504686,Mega rare,70.0,0.2817950946798145,36.13099135972667
2026-06-28,04:00,Algeria,Austria,Algeria,Austria,2-0,home,Algeria,0.24678293006598698,0.060230314220164304,0.20662874823679084,0.19336084159674663,96.0,23.69116128633475,Tres rare,50.0,3.011515711008215,26.702676997342966
2026-06-28,04:00,Algeria,Austria,Algeria,Austria,2-1,home,Algeria,0.24678293006598698,0.05539398269618227,0.19003701794619943,0.2963908139450791,96.0,23.69116128633475,Rare,30.0,1.6618194808854683,25.35298076722022
2026-06-28,04:00,Algeria,Austria,Algeria,Austria,2-2,draw,Draw,0.41817785250366857,0.020023786895253384,0.06531026952243812,0.06023017304643022,103.0,43.07231880787786,Tres rare,50.0,1.0011893447626692,44.073508152640535
2026-06-28,04:00,Algeria,Austria,Algeria,Austria,2-3,away,Austria,0.3350392174303444,0.013028060464339356,0.03241498494823432,0.016252454095552104,107.0,35.84919626504686,Mega rare,70.0,0.9119642325037549,36.76116049755061
2026-06-28,04:00,Algeria,Austria,Algeria,Austria,2-4,away,Austria,0.3350392174303444,0.003296391998544647,0.008201719458455336,0.0028785652207215322,107.0,35.84919626504686,Ultra rare,100.0,0.32963919985446466,36.17883546490132
2026-06-28,04:00,Algeria,Austria,Algeria,Austria,3-0,home,Algeria,0.24678293006598698,0.01106660810707423,0.03796558942118751,0.04342282810394256,96.0,23.69116128633475,Mega rare,70.0,0.7746625674951961,24.465823853829946
2026-06-28,04:00,Algeria,Austria,Algeria,Austria,3-1,home,Algeria,0.24678293006598698,0.011200401937047253,0.03842458838154618,0.04195017688814037,96.0,23.69116128633475,Mega rare,70.0,0.7840281355933076,24.475189421928057
2026-06-28,04:00,Algeria,Austria,Algeria,Austria,3-2,home,Algeria,0.24678293006598698,0.009950752037527185,0.034137484822228926,0.01774748418641027,96.0,23.69116128633475,Mega rare,70.0,0.696552642626903,24.387713928961652
2026-06-28,04:00,Algeria,Austria,Algeria,Austria,3-3,draw,Draw,0.41817785250366857,0.0036877055792596944,0.012027946889403897,0.004436945845358528,103.0,43.07231880787786,Ultra rare,100.0,0.3687705579259694,43.44108936580383
2026-06-28,04:00,Algeria,Austria,Algeria,Austria,3-4,away,Austria,0.3350392174303444,0.0004838152994006794,0.001203775933549428,0.00042249037575708336,107.0,35.84919626504686,Ultra rare,100.0,0.04838152994006794,35.89757779498692
2026-06-28,04:00,Algeria,Austria,Algeria,Austria,4-0,home,Algeria,0.24678293006598698,0.0023493746002126613,0.008059867179287129,0.010056443189334591,96.0,23.69116128633475,Mega rare,70.0,0.1644562220148863,23.85561750834964
2026-06-28,04:00,Algeria,Austria,Algeria,Austria,4-1,home,Algeria,0.24678293006598698,0.0045857151554398335,0.015731954823868237,0.008178769493765312,96.0,23.69116128633475,Mega rare,70.0,0.32100006088078836,24.01216134721554
2026-06-28,04:00,Algeria,Austria,Algeria,Austria,4-2,home,Algeria,0.24678293006598698,0.0012032626266984942,0.004127965353891268,0.0015022401373510426,96.0,23.69116128633475,Ultra rare,100.0,0.12032626266984942,23.8114875490046
2026-06-28,04:00,Algeria,Austria,Algeria,Austria,4-3,home,Algeria,0.24678293006598698,0.00040593663762959466,0.0013926239698874693,0.0005068006740487803,96.0,23.69116128633475,Ultra rare,100.0,0.04059366376295947,23.73175495009771
2026-06-28,04:00,Algeria,Austria,Algeria,Austria,4-4,draw,Draw,0.41817785250366857,0.00010271108948726918,0.0003350060092253058,0.00030894788912640993,103.0,43.07231880787786,Ultra rare,100.0,0.01027110894872692,43.08258991682659
2026-06-28,04:00,Jordan,Argentina,Jordan,Argentina,0-0,draw,Draw,0.1282608846740682,0.04781843044142114,0.3939228768533202,0.508377973282549,145.0,18.59782827773989,Exact,20.0,0.9563686088284228,19.554196886568313
2026-06-28,04:00,Jordan,Argentina,Jordan,Argentina,0-1,away,Argentina,0.8094261393873677,0.0970932553580134,0.11838102609297961,0.09494875074816131,32.0,25.901636460395768,Tres rare,50.0,4.85466276790067,30.756299228296438
2026-06-28,04:00,Jordan,Argentina,Jordan,Argentina,0-2,away,Argentina,0.8094261393873677,0.19302628434009309,0.23534744528688345,0.21235826374942837,32.0,25.901636460395768,Rare,30.0,5.790788530202793,31.69242499059856
2026-06-28,04:00,Jordan,Argentina,Jordan,Argentina,0-3,away,Argentina,0.8094261393873677,0.1096743924732736,0.13372058717401664,0.14747151034852446,32.0,25.901636460395768,Tres rare,50.0,5.48371962366368,31.385356084059445
2026-06-28,04:00,Jordan,Argentina,Jordan,Argentina,0-4,away,Argentina,0.8094261393873677,0.055851410215275,0.06809687475864915,0.08192672510427546,32.0,25.901636460395768,Tres rare,50.0,2.79257051076375,28.694206971159517
2026-06-28,04:00,Jordan,Argentina,Jordan,Argentina,1-0,home,Jordan,0.06231297593856395,0.024521871918496176,0.41965188407346604,0.33715767118087725,165.0,10.281641029863051,Exact,20.0,0.4904374383699235,10.772078468232975
2026-06-28,04:00,Jordan,Argentina,Jordan,Argentina,1-1,draw,Draw,0.1282608846740682,0.053099604890618594,0.4374286007549156,0.3473996148437562,145.0,18.59782827773989,Exact,20.0,1.0619920978123718,19.65982037555226
2026-06-28,04:00,Jordan,Argentina,Jordan,Argentina,1-2,away,Argentina,0.8094261393873677,0.10249440282640576,0.12496637928800992,0.18793238014761185,32.0,25.901636460395768,Tres rare,50.0,5.124720141320288,31.026356601716056
2026-06-28,04:00,Jordan,Argentina,Jordan,Argentina,1-3,away,Argentina,0.8094261393873677,0.06476833377237173,0.07896884064741724,0.08313085155739457,32.0,25.901636460395768,Tres rare,50.0,3.2384166886185866,29.140053149014353
2026-06-28,04:00,Jordan,Argentina,Jordan,Argentina,1-4,away,Argentina,0.8094261393873677,0.030899990920460967,0.03767483763871987,0.018885938093801066,32.0,25.901636460395768,Mega rare,70.0,2.1629993644322676,28.064635824828034
2026-06-28,04:00,Jordan,Argentina,Jordan,Argentina,2-0,home,Jordan,0.06231297593856395,0.007223087418902269,0.12361137250224966,0.1117261462995449,165.0,10.281641029863051,Tres rare,50.0,0.36115437094511343,10.642795400808165
2026-06-28,04:00,Jordan,Argentina,Jordan,Argentina,2-1,home,Jordan,0.06231297593856395,0.01688129495635507,0.28889585825994124,0.43519756410621196,165.0,10.281641029863051,Exact,20.0,0.3376258991271014,10.619266928990152
2026-06-28,04:00,Jordan,Argentina,Jordan,Argentina,2-2,draw,Draw,0.1282608846740682,0.015506893586645228,0.12774405341874803,0.12681565311363158,145.0,18.59782827773989,Tres rare,50.0,0.7753446793322614,19.37317295707215
2026-06-28,04:00,Jordan,Argentina,Jordan,Argentina,2-3,away,Argentina,0.8094261393873677,0.02563856904632305,0.03125984498169296,0.01567018026215258,32.0,25.901636460395768,Mega rare,70.0,1.7946998332426134,27.69633629363838
2026-06-28,04:00,Jordan,Argentina,Jordan,Argentina,2-4,away,Argentina,0.8094261393873677,0.016484975011960255,0.020099318431925663,0.007052880787201411,32.0,25.901636460395768,Mega rare,70.0,1.1539482508372179,27.055584711232985
2026-06-28,04:00,Jordan,Argentina,Jordan,Argentina,3-0,home,Jordan,0.06231297593856395,0.0008646667362981567,0.014797362378745713,0.016346729490080255,165.0,10.281641029863051,Mega rare,70.0,0.06052667154087097,10.342167701403921
2026-06-28,04:00,Jordan,Argentina,Jordan,Argentina,3-1,home,Jordan,0.06231297593856395,0.002223838548211422,0.0380573734229567,0.040131185738682774,165.0,10.281641029863051,Mega rare,70.0,0.15566869837479955,10.437309728237851
2026-06-28,04:00,Jordan,Argentina,Jordan,Argentina,3-2,home,Jordan,0.06231297593856395,0.0050206618879042875,0.08592044798038764,0.043144001086525885,165.0,10.281641029863051,Mega rare,70.0,0.3514463321533001,10.63308736201635
2026-06-28,04:00,Jordan,Argentina,Jordan,Argentina,3-3,draw,Draw,0.1282608846740682,0.004728209772390693,0.038950462796720146,0.015466953635649504,145.0,18.59782827773989,Mega rare,70.0,0.3309746840673485,18.92880296180724
2026-06-28,04:00,Jordan,Argentina,Jordan,Argentina,3-4,away,Argentina,0.8094261393873677,0.0015763604078607282,0.0019219786367941495,0.0006744251675382955,32.0,25.901636460395768,Ultra rare,100.0,0.15763604078607282,26.05927250118184
2026-06-28,04:00,Jordan,Argentina,Jordan,Argentina,4-0,home,Jordan,0.06231297593856395,0.00011959498514833562,0.0020466733131161005,0.0024665143924296243,165.0,10.281641029863051,Ultra rare,100.0,0.011959498514833562,10.293600528377885
2026-06-28,04:00,Jordan,Argentina,Jordan,Argentina,4-1,home,Jordan,0.06231297593856395,0.0005932028101928059,0.010151699583232797,0.005097563480454099,165.0,10.281641029863051,Mega rare,70.0,0.041524196713496414,10.323165226576547
2026-06-28,04:00,Jordan,Argentina,Jordan,Argentina,4-2,home,Jordan,0.06231297593856395,0.00039554142850428247,0.006769047087948079,0.002379301403185042,165.0,10.281641029863051,Ultra rare,100.0,0.03955414285042825,10.32119517271348
2026-06-28,04:00,Jordan,Argentina,Jordan,Argentina,4-3,home,Jordan,0.06231297593856395,0.00033909799741200434,0.005803109728835652,0.002039777082543667,165.0,10.281641029863051,Ultra rare,100.0,0.03390979974120043,10.315550829604252
2026-06-28,04:00,Jordan,Argentina,Jordan,Argentina,4-4,draw,Draw,0.1282608846740682,0.00021803174755356897,0.0017961211283769234,0.0017830675312897454,145.0,18.59782827773989,Ultra rare,100.0,0.021803174755356897,18.619631452495245
