event_id,commence_time,home_team,away_team,bookmaker_key,bookmaker,bookmaker_last_update,market,market_last_update,outcome,price,point
54697f453437ab26276d773be1d72e9b,2026-06-28T02:00:00Z,Jordan,Argentina,tipico_de,Tipico,2026-06-28T01:42:09Z,h2h,2026-06-28T01:42:09Z,Argentina,1.13,
54697f453437ab26276d773be1d72e9b,2026-06-28T02:00:00Z,Jordan,Argentina,tipico_de,Tipico,2026-06-28T01:42:09Z,h2h,2026-06-28T01:42:09Z,Jordan,17.0,
54697f453437ab26276d773be1d72e9b,2026-06-28T02:00:00Z,Jordan,Argentina,tipico_de,Tipico,2026-06-28T01:42:09Z,h2h,2026-06-28T01:42:09Z,Draw,9.0,
54697f453437ab26276d773be1d72e9b,2026-06-28T02:00:00Z,Jordan,Argentina,winamax_fr,Winamax (FR),2026-06-28T01:41:59Z,h2h,2026-06-28T01:41:59Z,Argentina,1.13,
54697f453437ab26276d773be1d72e9b,2026-06-28T02:00:00Z,Jordan,Argentina,winamax_fr,Winamax (FR),2026-06-28T01:41:59Z,h2h,2026-06-28T01:41:59Z,Jordan,16.0,
54697f453437ab26276d773be1d72e9b,2026-06-28T02:00:00Z,Jordan,Argentina,winamax_fr,Winamax (FR),2026-06-28T01:41:59Z,h2h,2026-06-28T01:41:59Z,Draw,9.0,
54697f453437ab26276d773be1d72e9b,2026-06-28T02:00:00Z,Jordan,Argentina,coolbet,Coolbet,2026-06-28T01:42:11Z,h2h,2026-06-28T01:42:11Z,Argentina,1.17,
54697f453437ab26276d773be1d72e9b,2026-06-28T02:00:00Z,Jordan,Argentina,coolbet,Coolbet,2026-06-28T01:42:11Z,h2h,2026-06-28T01:42:11Z,Jordan,17.5,
54697f453437ab26276d773be1d72e9b,2026-06-28T02:00:00Z,Jordan,Argentina,coolbet,Coolbet,2026-06-28T01:42:11Z,h2h,2026-06-28T01:42:11Z,Draw,9.45,
54697f453437ab26276d773be1d72e9b,2026-06-28T02:00:00Z,Jordan,Argentina,coolbet,Coolbet,2026-06-28T01:42:11Z,totals,2026-06-28T01:42:11Z,Over,1.81,3.0
54697f453437ab26276d773be1d72e9b,2026-06-28T02:00:00Z,Jordan,Argentina,coolbet,Coolbet,2026-06-28T01:42:11Z,totals,2026-06-28T01:42:11Z,Under,2.07,3.0
54697f453437ab26276d773be1d72e9b,2026-06-28T02:00:00Z,Jordan,Argentina,winamax_de,Winamax (DE),2026-06-28T01:42:11Z,h2h,2026-06-28T01:42:11Z,Argentina,1.14,
54697f453437ab26276d773be1d72e9b,2026-06-28T02:00:00Z,Jordan,Argentina,winamax_de,Winamax (DE),2026-06-28T01:42:11Z,h2h,2026-06-28T01:42:11Z,Jordan,17.0,
54697f453437ab26276d773be1d72e9b,2026-06-28T02:00:00Z,Jordan,Argentina,winamax_de,Winamax (DE),2026-06-28T01:42:11Z,h2h,2026-06-28T01:42:11Z,Draw,9.0,
54697f453437ab26276d773be1d72e9b,2026-06-28T02:00:00Z,Jordan,Argentina,gtbets,GTbets,2026-06-28T01:41:58Z,h2h,2026-06-28T01:41:58Z,Argentina,1.15,
54697f453437ab26276d773be1d72e9b,2026-06-28T02:00:00Z,Jordan,Argentina,gtbets,GTbets,2026-06-28T01:41:58Z,h2h,2026-06-28T01:41:58Z,Jordan,19.02,
54697f453437ab26276d773be1d72e9b,2026-06-28T02:00:00Z,Jordan,Argentina,gtbets,GTbets,2026-06-28T01:41:58Z,h2h,2026-06-28T01:41:58Z,Draw,8.4,
54697f453437ab26276d773be1d72e9b,2026-06-28T02:00:00Z,Jordan,Argentina,gtbets,GTbets,2026-06-28T01:41:58Z,spreads,2026-06-28T01:41:58Z,Argentina,2.12,-2.5
54697f453437ab26276d773be1d72e9b,2026-06-28T02:00:00Z,Jordan,Argentina,gtbets,GTbets,2026-06-28T01:41:58Z,spreads,2026-06-28T01:41:58Z,Jordan,1.73,2.5
54697f453437ab26276d773be1d72e9b,2026-06-28T02:00:00Z,Jordan,Argentina,gtbets,GTbets,2026-06-28T01:41:58Z,totals,2026-06-28T01:41:58Z,Over,2.32,3.5
54697f453437ab26276d773be1d72e9b,2026-06-28T02:00:00Z,Jordan,Argentina,gtbets,GTbets,2026-06-28T01:41:58Z,totals,2026-06-28T01:41:58Z,Under,1.63,3.5
54697f453437ab26276d773be1d72e9b,2026-06-28T02:00:00Z,Jordan,Argentina,unibet_fr,Unibet (FR),2026-06-28T01:42:10Z,h2h,2026-06-28T01:42:10Z,Argentina,1.14,
54697f453437ab26276d773be1d72e9b,2026-06-28T02:00:00Z,Jordan,Argentina,unibet_fr,Unibet (FR),2026-06-28T01:42:10Z,h2h,2026-06-28T01:42:10Z,Jordan,20.0,
54697f453437ab26276d773be1d72e9b,2026-06-28T02:00:00Z,Jordan,Argentina,unibet_fr,Unibet (FR),2026-06-28T01:42:10Z,h2h,2026-06-28T01:42:10Z,Draw,9.5,
54697f453437ab26276d773be1d72e9b,2026-06-28T02:00:00Z,Jordan,Argentina,pinnacle,Pinnacle,2026-06-28T01:42:09Z,h2h,2026-06-28T01:42:09Z,Argentina,1.15,
54697f453437ab26276d773be1d72e9b,2026-06-28T02:00:00Z,Jordan,Argentina,pinnacle,Pinnacle,2026-06-28T01:42:09Z,h2h,2026-06-28T01:42:09Z,Jordan,20.11,
54697f453437ab26276d773be1d72e9b,2026-06-28T02:00:00Z,Jordan,Argentina,pinnacle,Pinnacle,2026-06-28T01:42:09Z,h2h,2026-06-28T01:42:09Z,Draw,9.09,
54697f453437ab26276d773be1d72e9b,2026-06-28T02:00:00Z,Jordan,Argentina,pinnacle,Pinnacle,2026-06-28T01:42:09Z,spreads,2026-06-28T01:42:09Z,Argentina,2.02,-2.25
54697f453437ab26276d773be1d72e9b,2026-06-28T02:00:00Z,Jordan,Argentina,pinnacle,Pinnacle,2026-06-28T01:42:09Z,spreads,2026-06-28T01:42:09Z,Jordan,1.89,2.25
54697f453437ab26276d773be1d72e9b,2026-06-28T02:00:00Z,Jordan,Argentina,pinnacle,Pinnacle,2026-06-28T01:42:09Z,totals,2026-06-28T01:42:09Z,Over,1.87,3.0
54697f453437ab26276d773be1d72e9b,2026-06-28T02:00:00Z,Jordan,Argentina,pinnacle,Pinnacle,2026-06-28T01:42:09Z,totals,2026-06-28T01:42:09Z,Under,2.02,3.0
54697f453437ab26276d773be1d72e9b,2026-06-28T02:00:00Z,Jordan,Argentina,betonlineag,BetOnline.ag,2026-06-28T01:41:46Z,h2h,2026-06-28T01:41:46Z,Argentina,1.15,
54697f453437ab26276d773be1d72e9b,2026-06-28T02:00:00Z,Jordan,Argentina,betonlineag,BetOnline.ag,2026-06-28T01:41:46Z,h2h,2026-06-28T01:41:46Z,Jordan,19.5,
54697f453437ab26276d773be1d72e9b,2026-06-28T02:00:00Z,Jordan,Argentina,betonlineag,BetOnline.ag,2026-06-28T01:41:46Z,h2h,2026-06-28T01:41:46Z,Draw,9.15,
54697f453437ab26276d773be1d72e9b,2026-06-28T02:00:00Z,Jordan,Argentina,betonlineag,BetOnline.ag,2026-06-28T01:41:46Z,spreads,2026-06-28T01:41:46Z,Argentina,2.23,-2.5
54697f453437ab26276d773be1d72e9b,2026-06-28T02:00:00Z,Jordan,Argentina,betonlineag,BetOnline.ag,2026-06-28T01:41:46Z,spreads,2026-06-28T01:41:46Z,Jordan,1.71,2.5
54697f453437ab26276d773be1d72e9b,2026-06-28T02:00:00Z,Jordan,Argentina,betonlineag,BetOnline.ag,2026-06-28T01:41:46Z,totals,2026-06-28T01:41:46Z,Over,1.83,3.0
54697f453437ab26276d773be1d72e9b,2026-06-28T02:00:00Z,Jordan,Argentina,betonlineag,BetOnline.ag,2026-06-28T01:41:46Z,totals,2026-06-28T01:41:46Z,Under,2.04,3.0
54697f453437ab26276d773be1d72e9b,2026-06-28T02:00:00Z,Jordan,Argentina,leovegas_se,LeoVegas (SE),2026-06-28T01:42:21Z,h2h,2026-06-28T01:42:21Z,Argentina,1.13,
54697f453437ab26276d773be1d72e9b,2026-06-28T02:00:00Z,Jordan,Argentina,leovegas_se,LeoVegas (SE),2026-06-28T01:42:21Z,h2h,2026-06-28T01:42:21Z,Jordan,21.0,
54697f453437ab26276d773be1d72e9b,2026-06-28T02:00:00Z,Jordan,Argentina,leovegas_se,LeoVegas (SE),2026-06-28T01:42:21Z,h2h,2026-06-28T01:42:21Z,Draw,9.0,
54697f453437ab26276d773be1d72e9b,2026-06-28T02:00:00Z,Jordan,Argentina,unibet_nl,Unibet (NL),2026-06-28T01:42:22Z,h2h,2026-06-28T01:42:21Z,Argentina,1.14,
54697f453437ab26276d773be1d72e9b,2026-06-28T02:00:00Z,Jordan,Argentina,unibet_nl,Unibet (NL),2026-06-28T01:42:22Z,h2h,2026-06-28T01:42:21Z,Jordan,21.0,
54697f453437ab26276d773be1d72e9b,2026-06-28T02:00:00Z,Jordan,Argentina,unibet_nl,Unibet (NL),2026-06-28T01:42:22Z,h2h,2026-06-28T01:42:21Z,Draw,9.5,
54697f453437ab26276d773be1d72e9b,2026-06-28T02:00:00Z,Jordan,Argentina,unibet_nl,Unibet (NL),2026-06-28T01:42:22Z,totals,2026-06-28T01:42:21Z,Over,1.51,2.5
54697f453437ab26276d773be1d72e9b,2026-06-28T02:00:00Z,Jordan,Argentina,unibet_nl,Unibet (NL),2026-06-28T01:42:22Z,totals,2026-06-28T01:42:21Z,Under,2.45,2.5
54697f453437ab26276d773be1d72e9b,2026-06-28T02:00:00Z,Jordan,Argentina,unibet_se,Unibet (SE),2026-06-28T01:42:09Z,h2h,2026-06-28T01:42:09Z,Argentina,1.14,
54697f453437ab26276d773be1d72e9b,2026-06-28T02:00:00Z,Jordan,Argentina,unibet_se,Unibet (SE),2026-06-28T01:42:09Z,h2h,2026-06-28T01:42:09Z,Jordan,21.0,
54697f453437ab26276d773be1d72e9b,2026-06-28T02:00:00Z,Jordan,Argentina,unibet_se,Unibet (SE),2026-06-28T01:42:09Z,h2h,2026-06-28T01:42:09Z,Draw,9.5,
54697f453437ab26276d773be1d72e9b,2026-06-28T02:00:00Z,Jordan,Argentina,unibet_se,Unibet (SE),2026-06-28T01:42:09Z,totals,2026-06-28T01:42:09Z,Over,1.55,2.5
54697f453437ab26276d773be1d72e9b,2026-06-28T02:00:00Z,Jordan,Argentina,unibet_se,Unibet (SE),2026-06-28T01:42:09Z,totals,2026-06-28T01:42:09Z,Under,2.5,2.5
54697f453437ab26276d773be1d72e9b,2026-06-28T02:00:00Z,Jordan,Argentina,mybookieag,MyBookie.ag,2026-06-28T01:41:26Z,h2h,2026-06-28T01:41:26Z,Argentina,1.12,
54697f453437ab26276d773be1d72e9b,2026-06-28T02:00:00Z,Jordan,Argentina,mybookieag,MyBookie.ag,2026-06-28T01:41:26Z,h2h,2026-06-28T01:41:26Z,Jordan,17.5,
54697f453437ab26276d773be1d72e9b,2026-06-28T02:00:00Z,Jordan,Argentina,mybookieag,MyBookie.ag,2026-06-28T01:41:26Z,h2h,2026-06-28T01:41:26Z,Draw,9.0,
54697f453437ab26276d773be1d72e9b,2026-06-28T02:00:00Z,Jordan,Argentina,mybookieag,MyBookie.ag,2026-06-28T01:41:26Z,spreads,2026-06-28T01:41:26Z,Argentina,1.74,-2.0
54697f453437ab26276d773be1d72e9b,2026-06-28T02:00:00Z,Jordan,Argentina,mybookieag,MyBookie.ag,2026-06-28T01:41:26Z,spreads,2026-06-28T01:41:26Z,Jordan,2.1,2.0
54697f453437ab26276d773be1d72e9b,2026-06-28T02:00:00Z,Jordan,Argentina,mybookieag,MyBookie.ag,2026-06-28T01:41:26Z,totals,2026-06-28T01:41:26Z,Over,1.84,3.0
54697f453437ab26276d773be1d72e9b,2026-06-28T02:00:00Z,Jordan,Argentina,mybookieag,MyBookie.ag,2026-06-28T01:41:26Z,totals,2026-06-28T01:41:26Z,Under,1.97,3.0
54697f453437ab26276d773be1d72e9b,2026-06-28T02:00:00Z,Jordan,Argentina,everygame,Everygame,2026-06-28T01:41:26Z,h2h,2026-06-28T01:41:26Z,Argentina,1.14,
54697f453437ab26276d773be1d72e9b,2026-06-28T02:00:00Z,Jordan,Argentina,everygame,Everygame,2026-06-28T01:41:26Z,h2h,2026-06-28T01:41:26Z,Jordan,19.0,
54697f453437ab26276d773be1d72e9b,2026-06-28T02:00:00Z,Jordan,Argentina,everygame,Everygame,2026-06-28T01:41:26Z,h2h,2026-06-28T01:41:26Z,Draw,8.5,
54697f453437ab26276d773be1d72e9b,2026-06-28T02:00:00Z,Jordan,Argentina,sport888,888sport,2026-06-28T01:41:45Z,h2h,2026-06-28T01:41:45Z,Argentina,1.12,
54697f453437ab26276d773be1d72e9b,2026-06-28T02:00:00Z,Jordan,Argentina,sport888,888sport,2026-06-28T01:41:45Z,h2h,2026-06-28T01:41:45Z,Jordan,19.0,
54697f453437ab26276d773be1d72e9b,2026-06-28T02:00:00Z,Jordan,Argentina,sport888,888sport,2026-06-28T01:41:45Z,h2h,2026-06-28T01:41:45Z,Draw,7.5,
54697f453437ab26276d773be1d72e9b,2026-06-28T02:00:00Z,Jordan,Argentina,williamhill,William Hill,2026-06-28T01:41:22Z,h2h,2026-06-28T01:41:22Z,Argentina,1.12,
54697f453437ab26276d773be1d72e9b,2026-06-28T02:00:00Z,Jordan,Argentina,williamhill,William Hill,2026-06-28T01:41:22Z,h2h,2026-06-28T01:41:22Z,Jordan,19.0,
54697f453437ab26276d773be1d72e9b,2026-06-28T02:00:00Z,Jordan,Argentina,williamhill,William Hill,2026-06-28T01:41:22Z,h2h,2026-06-28T01:41:22Z,Draw,8.0,
54697f453437ab26276d773be1d72e9b,2026-06-28T02:00:00Z,Jordan,Argentina,williamhill,William Hill,2026-06-28T01:41:22Z,totals,2026-06-28T01:41:22Z,Over,1.44,2.5
54697f453437ab26276d773be1d72e9b,2026-06-28T02:00:00Z,Jordan,Argentina,williamhill,William Hill,2026-06-28T01:41:22Z,totals,2026-06-28T01:41:22Z,Under,2.62,2.5
54697f453437ab26276d773be1d72e9b,2026-06-28T02:00:00Z,Jordan,Argentina,betclic_fr,Betclic (FR),2026-06-28T01:41:02Z,h2h,2026-06-28T01:41:02Z,Argentina,1.13,
54697f453437ab26276d773be1d72e9b,2026-06-28T02:00:00Z,Jordan,Argentina,betclic_fr,Betclic (FR),2026-06-28T01:41:02Z,h2h,2026-06-28T01:41:02Z,Jordan,18.0,
54697f453437ab26276d773be1d72e9b,2026-06-28T02:00:00Z,Jordan,Argentina,betclic_fr,Betclic (FR),2026-06-28T01:41:02Z,h2h,2026-06-28T01:41:02Z,Draw,9.0,
54697f453437ab26276d773be1d72e9b,2026-06-28T02:00:00Z,Jordan,Argentina,pmu_fr,PMU (FR),2026-06-28T01:42:10Z,h2h,2026-06-28T01:42:10Z,Argentina,1.14,
54697f453437ab26276d773be1d72e9b,2026-06-28T02:00:00Z,Jordan,Argentina,pmu_fr,PMU (FR),2026-06-28T01:42:10Z,h2h,2026-06-28T01:42:10Z,Jordan,21.0,
54697f453437ab26276d773be1d72e9b,2026-06-28T02:00:00Z,Jordan,Argentina,pmu_fr,PMU (FR),2026-06-28T01:42:10Z,h2h,2026-06-28T01:42:10Z,Draw,9.0,
54697f453437ab26276d773be1d72e9b,2026-06-28T02:00:00Z,Jordan,Argentina,pmu_fr,PMU (FR),2026-06-28T01:42:10Z,totals,2026-06-28T01:42:10Z,Over,1.49,2.5
54697f453437ab26276d773be1d72e9b,2026-06-28T02:00:00Z,Jordan,Argentina,pmu_fr,PMU (FR),2026-06-28T01:42:10Z,totals,2026-06-28T01:42:10Z,Under,2.4,2.5
54697f453437ab26276d773be1d72e9b,2026-06-28T02:00:00Z,Jordan,Argentina,betfair_ex_eu,Betfair,2026-06-28T01:42:21Z,h2h,2026-06-28T01:42:21Z,Argentina,1.16,
54697f453437ab26276d773be1d72e9b,2026-06-28T02:00:00Z,Jordan,Argentina,betfair_ex_eu,Betfair,2026-06-28T01:42:21Z,h2h,2026-06-28T01:42:21Z,Jordan,25.0,
54697f453437ab26276d773be1d72e9b,2026-06-28T02:00:00Z,Jordan,Argentina,betfair_ex_eu,Betfair,2026-06-28T01:42:21Z,h2h,2026-06-28T01:42:21Z,Draw,9.8,
54697f453437ab26276d773be1d72e9b,2026-06-28T02:00:00Z,Jordan,Argentina,betanysports,BetAnything,2026-06-28T01:42:12Z,h2h,2026-06-28T01:42:12Z,Argentina,1.15,
54697f453437ab26276d773be1d72e9b,2026-06-28T02:00:00Z,Jordan,Argentina,betanysports,BetAnything,2026-06-28T01:42:12Z,h2h,2026-06-28T01:42:12Z,Jordan,19.5,
54697f453437ab26276d773be1d72e9b,2026-06-28T02:00:00Z,Jordan,Argentina,betanysports,BetAnything,2026-06-28T01:42:12Z,h2h,2026-06-28T01:42:12Z,Draw,9.15,
54697f453437ab26276d773be1d72e9b,2026-06-28T02:00:00Z,Jordan,Argentina,betanysports,BetAnything,2026-06-28T01:42:12Z,spreads,2026-06-28T01:42:12Z,Argentina,2.2,-2.5
54697f453437ab26276d773be1d72e9b,2026-06-28T02:00:00Z,Jordan,Argentina,betanysports,BetAnything,2026-06-28T01:42:12Z,spreads,2026-06-28T01:42:12Z,Jordan,1.71,2.5
54697f453437ab26276d773be1d72e9b,2026-06-28T02:00:00Z,Jordan,Argentina,betanysports,BetAnything,2026-06-28T01:42:12Z,totals,2026-06-28T01:42:12Z,Over,1.53,2.5
54697f453437ab26276d773be1d72e9b,2026-06-28T02:00:00Z,Jordan,Argentina,betanysports,BetAnything,2026-06-28T01:42:12Z,totals,2026-06-28T01:42:12Z,Under,2.6,2.5
54697f453437ab26276d773be1d72e9b,2026-06-28T02:00:00Z,Jordan,Argentina,matchbook,Matchbook,2026-06-28T01:42:11Z,h2h,2026-06-28T01:42:11Z,Argentina,1.16,
54697f453437ab26276d773be1d72e9b,2026-06-28T02:00:00Z,Jordan,Argentina,matchbook,Matchbook,2026-06-28T01:42:11Z,h2h,2026-06-28T01:42:11Z,Jordan,25.0,
54697f453437ab26276d773be1d72e9b,2026-06-28T02:00:00Z,Jordan,Argentina,matchbook,Matchbook,2026-06-28T01:42:11Z,h2h,2026-06-28T01:42:11Z,Draw,9.6,
54697f453437ab26276d773be1d72e9b,2026-06-28T02:00:00Z,Jordan,Argentina,matchbook,Matchbook,2026-06-28T01:42:11Z,spreads,2026-06-28T01:42:11Z,Argentina,2.02,-2.25
54697f453437ab26276d773be1d72e9b,2026-06-28T02:00:00Z,Jordan,Argentina,matchbook,Matchbook,2026-06-28T01:42:11Z,spreads,2026-06-28T01:42:11Z,Jordan,1.95,2.25
54697f453437ab26276d773be1d72e9b,2026-06-28T02:00:00Z,Jordan,Argentina,onexbet,1xBet,2026-06-28T01:42:09Z,h2h,2026-06-28T01:42:09Z,Argentina,1.15,
54697f453437ab26276d773be1d72e9b,2026-06-28T02:00:00Z,Jordan,Argentina,onexbet,1xBet,2026-06-28T01:42:09Z,h2h,2026-06-28T01:42:09Z,Jordan,24.0,
54697f453437ab26276d773be1d72e9b,2026-06-28T02:00:00Z,Jordan,Argentina,onexbet,1xBet,2026-06-28T01:42:09Z,h2h,2026-06-28T01:42:09Z,Draw,9.5,
54697f453437ab26276d773be1d72e9b,2026-06-28T02:00:00Z,Jordan,Argentina,onexbet,1xBet,2026-06-28T01:42:09Z,spreads,2026-06-28T01:42:09Z,Argentina,2.22,-2.5
54697f453437ab26276d773be1d72e9b,2026-06-28T02:00:00Z,Jordan,Argentina,onexbet,1xBet,2026-06-28T01:42:09Z,spreads,2026-06-28T01:42:09Z,Jordan,1.71,2.5
54697f453437ab26276d773be1d72e9b,2026-06-28T02:00:00Z,Jordan,Argentina,onexbet,1xBet,2026-06-28T01:42:09Z,totals,2026-06-28T01:42:09Z,Over,2.35,3.5
54697f453437ab26276d773be1d72e9b,2026-06-28T02:00:00Z,Jordan,Argentina,onexbet,1xBet,2026-06-28T01:42:09Z,totals,2026-06-28T01:42:09Z,Under,1.64,3.5
54697f453437ab26276d773be1d72e9b,2026-06-28T02:00:00Z,Jordan,Argentina,codere_it,Codere (IT),2026-06-28T01:41:58Z,h2h,2026-06-28T01:41:58Z,Argentina,1.14,
54697f453437ab26276d773be1d72e9b,2026-06-28T02:00:00Z,Jordan,Argentina,codere_it,Codere (IT),2026-06-28T01:41:58Z,h2h,2026-06-28T01:41:58Z,Jordan,20.0,
54697f453437ab26276d773be1d72e9b,2026-06-28T02:00:00Z,Jordan,Argentina,codere_it,Codere (IT),2026-06-28T01:41:58Z,h2h,2026-06-28T01:41:58Z,Draw,8.2,
54697f453437ab26276d773be1d72e9b,2026-06-28T02:00:00Z,Jordan,Argentina,codere_it,Codere (IT),2026-06-28T01:41:58Z,totals,2026-06-28T01:41:58Z,Over,2.23,3.5
54697f453437ab26276d773be1d72e9b,2026-06-28T02:00:00Z,Jordan,Argentina,codere_it,Codere (IT),2026-06-28T01:41:58Z,totals,2026-06-28T01:41:58Z,Under,1.56,3.5
54697f453437ab26276d773be1d72e9b,2026-06-28T02:00:00Z,Jordan,Argentina,betsson,Betsson,2026-06-28T01:42:10Z,h2h,2026-06-28T01:42:10Z,Argentina,1.15,
54697f453437ab26276d773be1d72e9b,2026-06-28T02:00:00Z,Jordan,Argentina,betsson,Betsson,2026-06-28T01:42:10Z,h2h,2026-06-28T01:42:10Z,Jordan,25.0,
54697f453437ab26276d773be1d72e9b,2026-06-28T02:00:00Z,Jordan,Argentina,betsson,Betsson,2026-06-28T01:42:10Z,h2h,2026-06-28T01:42:10Z,Draw,7.8,
54697f453437ab26276d773be1d72e9b,2026-06-28T02:00:00Z,Jordan,Argentina,betsson,Betsson,2026-06-28T01:42:10Z,totals,2026-06-28T01:42:10Z,Over,1.52,2.5
54697f453437ab26276d773be1d72e9b,2026-06-28T02:00:00Z,Jordan,Argentina,betsson,Betsson,2026-06-28T01:42:10Z,totals,2026-06-28T01:42:10Z,Under,2.6,2.5
54697f453437ab26276d773be1d72e9b,2026-06-28T02:00:00Z,Jordan,Argentina,nordicbet,Nordic Bet,2026-06-28T01:42:22Z,h2h,2026-06-28T01:42:22Z,Argentina,1.15,
54697f453437ab26276d773be1d72e9b,2026-06-28T02:00:00Z,Jordan,Argentina,nordicbet,Nordic Bet,2026-06-28T01:42:22Z,h2h,2026-06-28T01:42:22Z,Jordan,25.0,
54697f453437ab26276d773be1d72e9b,2026-06-28T02:00:00Z,Jordan,Argentina,nordicbet,Nordic Bet,2026-06-28T01:42:22Z,h2h,2026-06-28T01:42:22Z,Draw,7.8,
54697f453437ab26276d773be1d72e9b,2026-06-28T02:00:00Z,Jordan,Argentina,nordicbet,Nordic Bet,2026-06-28T01:42:22Z,totals,2026-06-28T01:42:22Z,Over,1.52,2.5
54697f453437ab26276d773be1d72e9b,2026-06-28T02:00:00Z,Jordan,Argentina,nordicbet,Nordic Bet,2026-06-28T01:42:22Z,totals,2026-06-28T01:42:22Z,Under,2.6,2.5
8756200e539155e571557c4f2e0d7f05,2026-06-28T02:00:00Z,Algeria,Austria,winamax_fr,Winamax (FR),2026-06-28T01:41:59Z,h2h,2026-06-28T01:41:59Z,Algeria,3.3,
8756200e539155e571557c4f2e0d7f05,2026-06-28T02:00:00Z,Algeria,Austria,winamax_fr,Winamax (FR),2026-06-28T01:41:59Z,h2h,2026-06-28T01:41:59Z,Austria,3.5,
8756200e539155e571557c4f2e0d7f05,2026-06-28T02:00:00Z,Algeria,Austria,winamax_fr,Winamax (FR),2026-06-28T01:41:59Z,h2h,2026-06-28T01:41:59Z,Draw,2.1,
8756200e539155e571557c4f2e0d7f05,2026-06-28T02:00:00Z,Algeria,Austria,coolbet,Coolbet,2026-06-28T01:42:11Z,h2h,2026-06-28T01:42:11Z,Algeria,3.6,
8756200e539155e571557c4f2e0d7f05,2026-06-28T02:00:00Z,Algeria,Austria,coolbet,Coolbet,2026-06-28T01:42:11Z,h2h,2026-06-28T01:42:11Z,Austria,3.85,
8756200e539155e571557c4f2e0d7f05,2026-06-28T02:00:00Z,Algeria,Austria,coolbet,Coolbet,2026-06-28T01:42:11Z,h2h,2026-06-28T01:42:11Z,Draw,2.04,
8756200e539155e571557c4f2e0d7f05,2026-06-28T02:00:00Z,Algeria,Austria,coolbet,Coolbet,2026-06-28T01:42:11Z,totals,2026-06-28T01:42:11Z,Over,1.69,1.5
8756200e539155e571557c4f2e0d7f05,2026-06-28T02:00:00Z,Algeria,Austria,coolbet,Coolbet,2026-06-28T01:42:11Z,totals,2026-06-28T01:42:11Z,Under,2.25,1.5
8756200e539155e571557c4f2e0d7f05,2026-06-28T02:00:00Z,Algeria,Austria,gtbets,GTbets,2026-06-28T01:41:58Z,h2h,2026-06-28T01:41:58Z,Algeria,3.46,
8756200e539155e571557c4f2e0d7f05,2026-06-28T02:00:00Z,Algeria,Austria,gtbets,GTbets,2026-06-28T01:41:58Z,h2h,2026-06-28T01:41:58Z,Austria,3.44,
8756200e539155e571557c4f2e0d7f05,2026-06-28T02:00:00Z,Algeria,Austria,gtbets,GTbets,2026-06-28T01:41:58Z,h2h,2026-06-28T01:41:58Z,Draw,2.11,
8756200e539155e571557c4f2e0d7f05,2026-06-28T02:00:00Z,Algeria,Austria,gtbets,GTbets,2026-06-28T01:41:58Z,spreads,2026-06-28T01:41:58Z,Algeria,3.27,-0.5
8756200e539155e571557c4f2e0d7f05,2026-06-28T02:00:00Z,Algeria,Austria,gtbets,GTbets,2026-06-28T01:41:58Z,spreads,2026-06-28T01:41:58Z,Austria,1.34,0.5
8756200e539155e571557c4f2e0d7f05,2026-06-28T02:00:00Z,Algeria,Austria,gtbets,GTbets,2026-06-28T01:41:58Z,totals,2026-06-28T01:41:58Z,Over,1.73,1.5
8756200e539155e571557c4f2e0d7f05,2026-06-28T02:00:00Z,Algeria,Austria,gtbets,GTbets,2026-06-28T01:41:58Z,totals,2026-06-28T01:41:58Z,Under,2.14,1.5
8756200e539155e571557c4f2e0d7f05,2026-06-28T02:00:00Z,Algeria,Austria,unibet_fr,Unibet (FR),2026-06-28T01:42:10Z,h2h,2026-06-28T01:42:10Z,Algeria,3.35,
8756200e539155e571557c4f2e0d7f05,2026-06-28T02:00:00Z,Algeria,Austria,unibet_fr,Unibet (FR),2026-06-28T01:42:10Z,h2h,2026-06-28T01:42:10Z,Austria,3.8,
8756200e539155e571557c4f2e0d7f05,2026-06-28T02:00:00Z,Algeria,Austria,unibet_fr,Unibet (FR),2026-06-28T01:42:10Z,h2h,2026-06-28T01:42:10Z,Draw,2.05,
8756200e539155e571557c4f2e0d7f05,2026-06-28T02:00:00Z,Algeria,Austria,pinnacle,Pinnacle,2026-06-28T01:42:09Z,h2h,2026-06-28T01:42:09Z,Algeria,3.53,
8756200e539155e571557c4f2e0d7f05,2026-06-28T02:00:00Z,Algeria,Austria,pinnacle,Pinnacle,2026-06-28T01:42:09Z,h2h,2026-06-28T01:42:09Z,Austria,3.69,
8756200e539155e571557c4f2e0d7f05,2026-06-28T02:00:00Z,Algeria,Austria,pinnacle,Pinnacle,2026-06-28T01:42:09Z,h2h,2026-06-28T01:42:09Z,Draw,2.11,
8756200e539155e571557c4f2e0d7f05,2026-06-28T02:00:00Z,Algeria,Austria,pinnacle,Pinnacle,2026-06-28T01:42:09Z,spreads,2026-06-28T01:42:09Z,Algeria,1.91,0.0
8756200e539155e571557c4f2e0d7f05,2026-06-28T02:00:00Z,Algeria,Austria,pinnacle,Pinnacle,2026-06-28T01:42:09Z,spreads,2026-06-28T01:42:09Z,Austria,2.0,-0.0
8756200e539155e571557c4f2e0d7f05,2026-06-28T02:00:00Z,Algeria,Austria,pinnacle,Pinnacle,2026-06-28T01:42:09Z,totals,2026-06-28T01:42:09Z,Over,1.85,1.75
8756200e539155e571557c4f2e0d7f05,2026-06-28T02:00:00Z,Algeria,Austria,pinnacle,Pinnacle,2026-06-28T01:42:09Z,totals,2026-06-28T01:42:09Z,Under,2.05,1.75
8756200e539155e571557c4f2e0d7f05,2026-06-28T02:00:00Z,Algeria,Austria,betonlineag,BetOnline.ag,2026-06-28T01:41:46Z,h2h,2026-06-28T01:41:46Z,Algeria,3.76,
8756200e539155e571557c4f2e0d7f05,2026-06-28T02:00:00Z,Algeria,Austria,betonlineag,BetOnline.ag,2026-06-28T01:41:46Z,h2h,2026-06-28T01:41:46Z,Austria,3.72,
8756200e539155e571557c4f2e0d7f05,2026-06-28T02:00:00Z,Algeria,Austria,betonlineag,BetOnline.ag,2026-06-28T01:41:46Z,h2h,2026-06-28T01:41:46Z,Draw,2.02,
8756200e539155e571557c4f2e0d7f05,2026-06-28T02:00:00Z,Algeria,Austria,betonlineag,BetOnline.ag,2026-06-28T01:41:46Z,spreads,2026-06-28T01:41:46Z,Algeria,1.94,0.0
8756200e539155e571557c4f2e0d7f05,2026-06-28T02:00:00Z,Algeria,Austria,betonlineag,BetOnline.ag,2026-06-28T01:41:46Z,spreads,2026-06-28T01:41:46Z,Austria,1.91,0.0
8756200e539155e571557c4f2e0d7f05,2026-06-28T02:00:00Z,Algeria,Austria,betonlineag,BetOnline.ag,2026-06-28T01:41:46Z,totals,2026-06-28T01:41:46Z,Over,1.69,1.5
8756200e539155e571557c4f2e0d7f05,2026-06-28T02:00:00Z,Algeria,Austria,betonlineag,BetOnline.ag,2026-06-28T01:41:46Z,totals,2026-06-28T01:41:46Z,Under,2.27,1.5
8756200e539155e571557c4f2e0d7f05,2026-06-28T02:00:00Z,Algeria,Austria,leovegas_se,LeoVegas (SE),2026-06-28T01:42:21Z,h2h,2026-06-28T01:42:21Z,Algeria,3.55,
8756200e539155e571557c4f2e0d7f05,2026-06-28T02:00:00Z,Algeria,Austria,leovegas_se,LeoVegas (SE),2026-06-28T01:42:21Z,h2h,2026-06-28T01:42:21Z,Austria,3.6,
8756200e539155e571557c4f2e0d7f05,2026-06-28T02:00:00Z,Algeria,Austria,leovegas_se,LeoVegas (SE),2026-06-28T01:42:21Z,h2h,2026-06-28T01:42:21Z,Draw,2.05,
8756200e539155e571557c4f2e0d7f05,2026-06-28T02:00:00Z,Algeria,Austria,unibet_nl,Unibet (NL),2026-06-28T01:42:22Z,h2h,2026-06-28T01:42:21Z,Algeria,3.6,
8756200e539155e571557c4f2e0d7f05,2026-06-28T02:00:00Z,Algeria,Austria,unibet_nl,Unibet (NL),2026-06-28T01:42:22Z,h2h,2026-06-28T01:42:21Z,Austria,3.7,
8756200e539155e571557c4f2e0d7f05,2026-06-28T02:00:00Z,Algeria,Austria,unibet_nl,Unibet (NL),2026-06-28T01:42:22Z,h2h,2026-06-28T01:42:21Z,Draw,2.08,
8756200e539155e571557c4f2e0d7f05,2026-06-28T02:00:00Z,Algeria,Austria,unibet_nl,Unibet (NL),2026-06-28T01:42:22Z,totals,2026-06-28T01:42:21Z,Over,1.66,1.5
8756200e539155e571557c4f2e0d7f05,2026-06-28T02:00:00Z,Algeria,Austria,unibet_nl,Unibet (NL),2026-06-28T01:42:22Z,totals,2026-06-28T01:42:21Z,Under,2.17,1.5
8756200e539155e571557c4f2e0d7f05,2026-06-28T02:00:00Z,Algeria,Austria,unibet_se,Unibet (SE),2026-06-28T01:42:09Z,h2h,2026-06-28T01:42:09Z,Algeria,3.6,
8756200e539155e571557c4f2e0d7f05,2026-06-28T02:00:00Z,Algeria,Austria,unibet_se,Unibet (SE),2026-06-28T01:42:09Z,h2h,2026-06-28T01:42:09Z,Austria,3.7,
8756200e539155e571557c4f2e0d7f05,2026-06-28T02:00:00Z,Algeria,Austria,unibet_se,Unibet (SE),2026-06-28T01:42:09Z,h2h,2026-06-28T01:42:09Z,Draw,2.08,
8756200e539155e571557c4f2e0d7f05,2026-06-28T02:00:00Z,Algeria,Austria,unibet_se,Unibet (SE),2026-06-28T01:42:09Z,totals,2026-06-28T01:42:09Z,Over,1.68,1.5
8756200e539155e571557c4f2e0d7f05,2026-06-28T02:00:00Z,Algeria,Austria,unibet_se,Unibet (SE),2026-06-28T01:42:09Z,totals,2026-06-28T01:42:09Z,Under,2.2,1.5
8756200e539155e571557c4f2e0d7f05,2026-06-28T02:00:00Z,Algeria,Austria,mybookieag,MyBookie.ag,2026-06-28T01:41:26Z,h2h,2026-06-28T01:41:26Z,Algeria,3.53,
8756200e539155e571557c4f2e0d7f05,2026-06-28T02:00:00Z,Algeria,Austria,mybookieag,MyBookie.ag,2026-06-28T01:41:26Z,h2h,2026-06-28T01:41:26Z,Austria,3.49,
8756200e539155e571557c4f2e0d7f05,2026-06-28T02:00:00Z,Algeria,Austria,mybookieag,MyBookie.ag,2026-06-28T01:41:26Z,h2h,2026-06-28T01:41:26Z,Draw,2.04,
8756200e539155e571557c4f2e0d7f05,2026-06-28T02:00:00Z,Algeria,Austria,mybookieag,MyBookie.ag,2026-06-28T01:41:26Z,spreads,2026-06-28T01:41:26Z,Algeria,1.92,0.0
8756200e539155e571557c4f2e0d7f05,2026-06-28T02:00:00Z,Algeria,Austria,mybookieag,MyBookie.ag,2026-06-28T01:41:26Z,spreads,2026-06-28T01:41:26Z,Austria,1.88,0.0
8756200e539155e571557c4f2e0d7f05,2026-06-28T02:00:00Z,Algeria,Austria,mybookieag,MyBookie.ag,2026-06-28T01:41:26Z,totals,2026-06-28T01:41:26Z,Over,1.71,1.5
8756200e539155e571557c4f2e0d7f05,2026-06-28T02:00:00Z,Algeria,Austria,mybookieag,MyBookie.ag,2026-06-28T01:41:26Z,totals,2026-06-28T01:41:26Z,Under,2.14,1.5
8756200e539155e571557c4f2e0d7f05,2026-06-28T02:00:00Z,Algeria,Austria,everygame,Everygame,2026-06-28T01:41:26Z,h2h,2026-06-28T01:41:26Z,Algeria,3.45,
8756200e539155e571557c4f2e0d7f05,2026-06-28T02:00:00Z,Algeria,Austria,everygame,Everygame,2026-06-28T01:41:26Z,h2h,2026-06-28T01:41:26Z,Austria,3.6,
8756200e539155e571557c4f2e0d7f05,2026-06-28T02:00:00Z,Algeria,Austria,everygame,Everygame,2026-06-28T01:41:26Z,h2h,2026-06-28T01:41:26Z,Draw,2.05,
8756200e539155e571557c4f2e0d7f05,2026-06-28T02:00:00Z,Algeria,Austria,sport888,888sport,2026-06-28T01:41:45Z,h2h,2026-06-28T01:41:45Z,Algeria,3.4,
8756200e539155e571557c4f2e0d7f05,2026-06-28T02:00:00Z,Algeria,Austria,sport888,888sport,2026-06-28T01:41:45Z,h2h,2026-06-28T01:41:45Z,Austria,3.4,
8756200e539155e571557c4f2e0d7f05,2026-06-28T02:00:00Z,Algeria,Austria,sport888,888sport,2026-06-28T01:41:45Z,h2h,2026-06-28T01:41:45Z,Draw,1.95,
8756200e539155e571557c4f2e0d7f05,2026-06-28T02:00:00Z,Algeria,Austria,williamhill,William Hill,2026-06-28T01:41:22Z,h2h,2026-06-28T01:41:22Z,Algeria,3.4,
8756200e539155e571557c4f2e0d7f05,2026-06-28T02:00:00Z,Algeria,Austria,williamhill,William Hill,2026-06-28T01:41:22Z,h2h,2026-06-28T01:41:22Z,Austria,3.4,
8756200e539155e571557c4f2e0d7f05,2026-06-28T02:00:00Z,Algeria,Austria,williamhill,William Hill,2026-06-28T01:41:22Z,h2h,2026-06-28T01:41:22Z,Draw,1.95,
8756200e539155e571557c4f2e0d7f05,2026-06-28T02:00:00Z,Algeria,Austria,williamhill,William Hill,2026-06-28T01:41:22Z,totals,2026-06-28T01:41:22Z,Over,2.75,2.5
8756200e539155e571557c4f2e0d7f05,2026-06-28T02:00:00Z,Algeria,Austria,williamhill,William Hill,2026-06-28T01:41:22Z,totals,2026-06-28T01:41:22Z,Under,1.4,2.5
8756200e539155e571557c4f2e0d7f05,2026-06-28T02:00:00Z,Algeria,Austria,betclic_fr,Betclic (FR),2026-06-28T01:41:02Z,h2h,2026-06-28T01:41:02Z,Algeria,3.55,
8756200e539155e571557c4f2e0d7f05,2026-06-28T02:00:00Z,Algeria,Austria,betclic_fr,Betclic (FR),2026-06-28T01:41:02Z,h2h,2026-06-28T01:41:02Z,Austria,3.55,
8756200e539155e571557c4f2e0d7f05,2026-06-28T02:00:00Z,Algeria,Austria,betclic_fr,Betclic (FR),2026-06-28T01:41:02Z,h2h,2026-06-28T01:41:02Z,Draw,2.02,
8756200e539155e571557c4f2e0d7f05,2026-06-28T02:00:00Z,Algeria,Austria,winamax_de,Winamax (DE),2026-06-28T01:42:11Z,h2h,2026-06-28T01:42:11Z,Algeria,3.35,
8756200e539155e571557c4f2e0d7f05,2026-06-28T02:00:00Z,Algeria,Austria,winamax_de,Winamax (DE),2026-06-28T01:42:11Z,h2h,2026-06-28T01:42:11Z,Austria,3.55,
8756200e539155e571557c4f2e0d7f05,2026-06-28T02:00:00Z,Algeria,Austria,winamax_de,Winamax (DE),2026-06-28T01:42:11Z,h2h,2026-06-28T01:42:11Z,Draw,2.15,
8756200e539155e571557c4f2e0d7f05,2026-06-28T02:00:00Z,Algeria,Austria,tipico_de,Tipico,2026-06-28T01:42:09Z,h2h,2026-06-28T01:42:09Z,Algeria,3.6,
8756200e539155e571557c4f2e0d7f05,2026-06-28T02:00:00Z,Algeria,Austria,tipico_de,Tipico,2026-06-28T01:42:09Z,h2h,2026-06-28T01:42:09Z,Austria,3.3,
8756200e539155e571557c4f2e0d7f05,2026-06-28T02:00:00Z,Algeria,Austria,tipico_de,Tipico,2026-06-28T01:42:09Z,h2h,2026-06-28T01:42:09Z,Draw,2.1,
8756200e539155e571557c4f2e0d7f05,2026-06-28T02:00:00Z,Algeria,Austria,pmu_fr,PMU (FR),2026-06-28T01:42:10Z,h2h,2026-06-28T01:42:10Z,Algeria,3.6,
8756200e539155e571557c4f2e0d7f05,2026-06-28T02:00:00Z,Algeria,Austria,pmu_fr,PMU (FR),2026-06-28T01:42:10Z,h2h,2026-06-28T01:42:10Z,Austria,3.6,
8756200e539155e571557c4f2e0d7f05,2026-06-28T02:00:00Z,Algeria,Austria,pmu_fr,PMU (FR),2026-06-28T01:42:10Z,h2h,2026-06-28T01:42:10Z,Draw,2.08,
8756200e539155e571557c4f2e0d7f05,2026-06-28T02:00:00Z,Algeria,Austria,pmu_fr,PMU (FR),2026-06-28T01:42:10Z,totals,2026-06-28T01:42:10Z,Over,1.63,1.5
8756200e539155e571557c4f2e0d7f05,2026-06-28T02:00:00Z,Algeria,Austria,pmu_fr,PMU (FR),2026-06-28T01:42:10Z,totals,2026-06-28T01:42:10Z,Under,2.12,1.5
8756200e539155e571557c4f2e0d7f05,2026-06-28T02:00:00Z,Algeria,Austria,betfair_ex_eu,Betfair,2026-06-28T01:42:21Z,h2h,2026-06-28T01:42:21Z,Algeria,3.65,
8756200e539155e571557c4f2e0d7f05,2026-06-28T02:00:00Z,Algeria,Austria,betfair_ex_eu,Betfair,2026-06-28T01:42:21Z,h2h,2026-06-28T01:42:21Z,Austria,3.85,
8756200e539155e571557c4f2e0d7f05,2026-06-28T02:00:00Z,Algeria,Austria,betfair_ex_eu,Betfair,2026-06-28T01:42:21Z,h2h,2026-06-28T01:42:21Z,Draw,2.12,
8756200e539155e571557c4f2e0d7f05,2026-06-28T02:00:00Z,Algeria,Austria,betanysports,BetAnything,2026-06-28T01:42:12Z,h2h,2026-06-28T01:42:12Z,Algeria,3.76,
8756200e539155e571557c4f2e0d7f05,2026-06-28T02:00:00Z,Algeria,Austria,betanysports,BetAnything,2026-06-28T01:42:12Z,h2h,2026-06-28T01:42:12Z,Austria,3.72,
8756200e539155e571557c4f2e0d7f05,2026-06-28T02:00:00Z,Algeria,Austria,betanysports,BetAnything,2026-06-28T01:42:12Z,h2h,2026-06-28T01:42:12Z,Draw,2.02,
8756200e539155e571557c4f2e0d7f05,2026-06-28T02:00:00Z,Algeria,Austria,betanysports,BetAnything,2026-06-28T01:42:12Z,spreads,2026-06-28T01:42:12Z,Algeria,1.91,0.0
8756200e539155e571557c4f2e0d7f05,2026-06-28T02:00:00Z,Algeria,Austria,betanysports,BetAnything,2026-06-28T01:42:12Z,spreads,2026-06-28T01:42:12Z,Austria,1.91,0.0
8756200e539155e571557c4f2e0d7f05,2026-06-28T02:00:00Z,Algeria,Austria,betanysports,BetAnything,2026-06-28T01:42:12Z,totals,2026-06-28T01:42:12Z,Over,1.91,1.75
8756200e539155e571557c4f2e0d7f05,2026-06-28T02:00:00Z,Algeria,Austria,betanysports,BetAnything,2026-06-28T01:42:12Z,totals,2026-06-28T01:42:12Z,Under,1.83,1.75
8756200e539155e571557c4f2e0d7f05,2026-06-28T02:00:00Z,Algeria,Austria,matchbook,Matchbook,2026-06-28T01:42:11Z,h2h,2026-06-28T01:42:11Z,Algeria,3.65,
8756200e539155e571557c4f2e0d7f05,2026-06-28T02:00:00Z,Algeria,Austria,matchbook,Matchbook,2026-06-28T01:42:11Z,h2h,2026-06-28T01:42:11Z,Austria,3.75,
8756200e539155e571557c4f2e0d7f05,2026-06-28T02:00:00Z,Algeria,Austria,matchbook,Matchbook,2026-06-28T01:42:11Z,h2h,2026-06-28T01:42:11Z,Draw,2.14,
8756200e539155e571557c4f2e0d7f05,2026-06-28T02:00:00Z,Algeria,Austria,matchbook,Matchbook,2026-06-28T01:42:11Z,spreads,2026-06-28T01:42:11Z,Algeria,1.96,0.0
8756200e539155e571557c4f2e0d7f05,2026-06-28T02:00:00Z,Algeria,Austria,matchbook,Matchbook,2026-06-28T01:42:11Z,spreads,2026-06-28T01:42:11Z,Austria,2.0,0.0
8756200e539155e571557c4f2e0d7f05,2026-06-28T02:00:00Z,Algeria,Austria,matchbook,Matchbook,2026-06-28T01:42:11Z,totals,2026-06-28T01:42:11Z,Over,1.61,1.5
8756200e539155e571557c4f2e0d7f05,2026-06-28T02:00:00Z,Algeria,Austria,matchbook,Matchbook,2026-06-28T01:42:11Z,totals,2026-06-28T01:42:11Z,Under,2.58,1.5
8756200e539155e571557c4f2e0d7f05,2026-06-28T02:00:00Z,Algeria,Austria,onexbet,1xBet,2026-06-28T01:42:09Z,h2h,2026-06-28T01:42:09Z,Algeria,3.73,
8756200e539155e571557c4f2e0d7f05,2026-06-28T02:00:00Z,Algeria,Austria,onexbet,1xBet,2026-06-28T01:42:09Z,h2h,2026-06-28T01:42:09Z,Austria,3.92,
8756200e539155e571557c4f2e0d7f05,2026-06-28T02:00:00Z,Algeria,Austria,onexbet,1xBet,2026-06-28T01:42:09Z,h2h,2026-06-28T01:42:09Z,Draw,2.03,
8756200e539155e571557c4f2e0d7f05,2026-06-28T02:00:00Z,Algeria,Austria,onexbet,1xBet,2026-06-28T01:42:09Z,spreads,2026-06-28T01:42:09Z,Algeria,1.9,0.0
8756200e539155e571557c4f2e0d7f05,2026-06-28T02:00:00Z,Algeria,Austria,onexbet,1xBet,2026-06-28T01:42:09Z,spreads,2026-06-28T01:42:09Z,Austria,1.97,0.0
8756200e539155e571557c4f2e0d7f05,2026-06-28T02:00:00Z,Algeria,Austria,onexbet,1xBet,2026-06-28T01:42:09Z,totals,2026-06-28T01:42:09Z,Over,1.86,1.5
8756200e539155e571557c4f2e0d7f05,2026-06-28T02:00:00Z,Algeria,Austria,onexbet,1xBet,2026-06-28T01:42:09Z,totals,2026-06-28T01:42:09Z,Under,2.01,1.5
8756200e539155e571557c4f2e0d7f05,2026-06-28T02:00:00Z,Algeria,Austria,codere_it,Codere (IT),2026-06-28T01:41:58Z,h2h,2026-06-28T01:41:58Z,Algeria,3.55,
8756200e539155e571557c4f2e0d7f05,2026-06-28T02:00:00Z,Algeria,Austria,codere_it,Codere (IT),2026-06-28T01:41:58Z,h2h,2026-06-28T01:41:58Z,Austria,3.5,
8756200e539155e571557c4f2e0d7f05,2026-06-28T02:00:00Z,Algeria,Austria,codere_it,Codere (IT),2026-06-28T01:41:58Z,h2h,2026-06-28T01:41:58Z,Draw,2.08,
8756200e539155e571557c4f2e0d7f05,2026-06-28T02:00:00Z,Algeria,Austria,codere_it,Codere (IT),2026-06-28T01:41:58Z,totals,2026-06-28T01:41:58Z,Over,1.66,1.5
8756200e539155e571557c4f2e0d7f05,2026-06-28T02:00:00Z,Algeria,Austria,codere_it,Codere (IT),2026-06-28T01:41:58Z,totals,2026-06-28T01:41:58Z,Under,2.05,1.5
8756200e539155e571557c4f2e0d7f05,2026-06-28T02:00:00Z,Algeria,Austria,betsson,Betsson,2026-06-28T01:42:10Z,h2h,2026-06-28T01:42:10Z,Algeria,3.45,
8756200e539155e571557c4f2e0d7f05,2026-06-28T02:00:00Z,Algeria,Austria,betsson,Betsson,2026-06-28T01:42:10Z,h2h,2026-06-28T01:42:10Z,Austria,3.6,
8756200e539155e571557c4f2e0d7f05,2026-06-28T02:00:00Z,Algeria,Austria,betsson,Betsson,2026-06-28T01:42:10Z,h2h,2026-06-28T01:42:10Z,Draw,2.12,
8756200e539155e571557c4f2e0d7f05,2026-06-28T02:00:00Z,Algeria,Austria,betsson,Betsson,2026-06-28T01:42:10Z,totals,2026-06-28T01:42:10Z,Over,2.8,2.5
8756200e539155e571557c4f2e0d7f05,2026-06-28T02:00:00Z,Algeria,Austria,betsson,Betsson,2026-06-28T01:42:10Z,totals,2026-06-28T01:42:10Z,Under,1.45,2.5
8756200e539155e571557c4f2e0d7f05,2026-06-28T02:00:00Z,Algeria,Austria,nordicbet,Nordic Bet,2026-06-28T01:42:22Z,h2h,2026-06-28T01:42:22Z,Algeria,3.45,
8756200e539155e571557c4f2e0d7f05,2026-06-28T02:00:00Z,Algeria,Austria,nordicbet,Nordic Bet,2026-06-28T01:42:22Z,h2h,2026-06-28T01:42:22Z,Austria,3.6,
8756200e539155e571557c4f2e0d7f05,2026-06-28T02:00:00Z,Algeria,Austria,nordicbet,Nordic Bet,2026-06-28T01:42:22Z,h2h,2026-06-28T01:42:22Z,Draw,2.12,
8756200e539155e571557c4f2e0d7f05,2026-06-28T02:00:00Z,Algeria,Austria,nordicbet,Nordic Bet,2026-06-28T01:42:22Z,totals,2026-06-28T01:42:22Z,Over,2.8,2.5
8756200e539155e571557c4f2e0d7f05,2026-06-28T02:00:00Z,Algeria,Austria,nordicbet,Nordic Bet,2026-06-28T01:42:22Z,totals,2026-06-28T01:42:22Z,Under,1.45,2.5
def55b09ef3d6854e3c01e74b5c63415,2026-06-28T19:00:00Z,South Africa,Canada,pmu_fr,PMU (FR),2026-06-28T01:42:10Z,h2h,2026-06-28T01:42:10Z,Canada,1.64,
def55b09ef3d6854e3c01e74b5c63415,2026-06-28T19:00:00Z,South Africa,Canada,pmu_fr,PMU (FR),2026-06-28T01:42:10Z,h2h,2026-06-28T01:42:10Z,South Africa,6.25,
def55b09ef3d6854e3c01e74b5c63415,2026-06-28T19:00:00Z,South Africa,Canada,pmu_fr,PMU (FR),2026-06-28T01:42:10Z,h2h,2026-06-28T01:42:10Z,Draw,3.75,
def55b09ef3d6854e3c01e74b5c63415,2026-06-28T19:00:00Z,South Africa,Canada,pmu_fr,PMU (FR),2026-06-28T01:42:10Z,totals,2026-06-28T01:42:10Z,Over,2.12,2.5
def55b09ef3d6854e3c01e74b5c63415,2026-06-28T19:00:00Z,South Africa,Canada,pmu_fr,PMU (FR),2026-06-28T01:42:10Z,totals,2026-06-28T01:42:10Z,Under,1.62,2.5
def55b09ef3d6854e3c01e74b5c63415,2026-06-28T19:00:00Z,South Africa,Canada,unibet_nl,Unibet (NL),2026-06-28T01:42:22Z,h2h,2026-06-28T01:42:21Z,Canada,1.64,
def55b09ef3d6854e3c01e74b5c63415,2026-06-28T19:00:00Z,South Africa,Canada,unibet_nl,Unibet (NL),2026-06-28T01:42:22Z,h2h,2026-06-28T01:42:21Z,South Africa,6.4,
def55b09ef3d6854e3c01e74b5c63415,2026-06-28T19:00:00Z,South Africa,Canada,unibet_nl,Unibet (NL),2026-06-28T01:42:22Z,h2h,2026-06-28T01:42:21Z,Draw,3.75,
def55b09ef3d6854e3c01e74b5c63415,2026-06-28T19:00:00Z,South Africa,Canada,unibet_nl,Unibet (NL),2026-06-28T01:42:22Z,totals,2026-06-28T01:42:21Z,Over,2.17,2.5
def55b09ef3d6854e3c01e74b5c63415,2026-06-28T19:00:00Z,South Africa,Canada,unibet_nl,Unibet (NL),2026-06-28T01:42:22Z,totals,2026-06-28T01:42:21Z,Under,1.66,2.5
def55b09ef3d6854e3c01e74b5c63415,2026-06-28T19:00:00Z,South Africa,Canada,leovegas_se,LeoVegas (SE),2026-06-28T01:42:21Z,h2h,2026-06-28T01:42:21Z,Canada,1.62,
def55b09ef3d6854e3c01e74b5c63415,2026-06-28T19:00:00Z,South Africa,Canada,leovegas_se,LeoVegas (SE),2026-06-28T01:42:21Z,h2h,2026-06-28T01:42:21Z,South Africa,6.1,
def55b09ef3d6854e3c01e74b5c63415,2026-06-28T19:00:00Z,South Africa,Canada,leovegas_se,LeoVegas (SE),2026-06-28T01:42:21Z,h2h,2026-06-28T01:42:21Z,Draw,3.7,
def55b09ef3d6854e3c01e74b5c63415,2026-06-28T19:00:00Z,South Africa,Canada,unibet_se,Unibet (SE),2026-06-28T01:42:09Z,h2h,2026-06-28T01:42:09Z,Canada,1.64,
def55b09ef3d6854e3c01e74b5c63415,2026-06-28T19:00:00Z,South Africa,Canada,unibet_se,Unibet (SE),2026-06-28T01:42:09Z,h2h,2026-06-28T01:42:09Z,South Africa,6.4,
def55b09ef3d6854e3c01e74b5c63415,2026-06-28T19:00:00Z,South Africa,Canada,unibet_se,Unibet (SE),2026-06-28T01:42:09Z,h2h,2026-06-28T01:42:09Z,Draw,3.75,
def55b09ef3d6854e3c01e74b5c63415,2026-06-28T19:00:00Z,South Africa,Canada,unibet_se,Unibet (SE),2026-06-28T01:42:09Z,totals,2026-06-28T01:42:09Z,Over,2.2,2.5
def55b09ef3d6854e3c01e74b5c63415,2026-06-28T19:00:00Z,South Africa,Canada,unibet_se,Unibet (SE),2026-06-28T01:42:09Z,totals,2026-06-28T01:42:09Z,Under,1.68,2.5
def55b09ef3d6854e3c01e74b5c63415,2026-06-28T19:00:00Z,South Africa,Canada,unibet_fr,Unibet (FR),2026-06-28T01:42:10Z,h2h,2026-06-28T01:42:10Z,Canada,1.7,
def55b09ef3d6854e3c01e74b5c63415,2026-06-28T19:00:00Z,South Africa,Canada,unibet_fr,Unibet (FR),2026-06-28T01:42:10Z,h2h,2026-06-28T01:42:10Z,South Africa,5.6,
def55b09ef3d6854e3c01e74b5c63415,2026-06-28T19:00:00Z,South Africa,Canada,unibet_fr,Unibet (FR),2026-06-28T01:42:10Z,h2h,2026-06-28T01:42:10Z,Draw,3.7,
def55b09ef3d6854e3c01e74b5c63415,2026-06-28T19:00:00Z,South Africa,Canada,betclic_fr,Betclic (FR),2026-06-28T01:41:02Z,h2h,2026-06-28T01:41:02Z,Canada,1.7,
def55b09ef3d6854e3c01e74b5c63415,2026-06-28T19:00:00Z,South Africa,Canada,betclic_fr,Betclic (FR),2026-06-28T01:41:02Z,h2h,2026-06-28T01:41:02Z,South Africa,5.5,
def55b09ef3d6854e3c01e74b5c63415,2026-06-28T19:00:00Z,South Africa,Canada,betclic_fr,Betclic (FR),2026-06-28T01:41:02Z,h2h,2026-06-28T01:41:02Z,Draw,3.6,
def55b09ef3d6854e3c01e74b5c63415,2026-06-28T19:00:00Z,South Africa,Canada,codere_it,Codere (IT),2026-06-28T01:41:58Z,h2h,2026-06-28T01:41:58Z,Canada,1.71,
def55b09ef3d6854e3c01e74b5c63415,2026-06-28T19:00:00Z,South Africa,Canada,codere_it,Codere (IT),2026-06-28T01:41:58Z,h2h,2026-06-28T01:41:58Z,South Africa,5.4,
def55b09ef3d6854e3c01e74b5c63415,2026-06-28T19:00:00Z,South Africa,Canada,codere_it,Codere (IT),2026-06-28T01:41:58Z,h2h,2026-06-28T01:41:58Z,Draw,3.6,
def55b09ef3d6854e3c01e74b5c63415,2026-06-28T19:00:00Z,South Africa,Canada,codere_it,Codere (IT),2026-06-28T01:41:58Z,totals,2026-06-28T01:41:58Z,Over,2.08,2.5
def55b09ef3d6854e3c01e74b5c63415,2026-06-28T19:00:00Z,South Africa,Canada,codere_it,Codere (IT),2026-06-28T01:41:58Z,totals,2026-06-28T01:41:58Z,Under,1.64,2.5
def55b09ef3d6854e3c01e74b5c63415,2026-06-28T19:00:00Z,South Africa,Canada,tipico_de,Tipico,2026-06-28T01:42:09Z,h2h,2026-06-28T01:42:09Z,Canada,1.67,
def55b09ef3d6854e3c01e74b5c63415,2026-06-28T19:00:00Z,South Africa,Canada,tipico_de,Tipico,2026-06-28T01:42:09Z,h2h,2026-06-28T01:42:09Z,South Africa,5.5,
def55b09ef3d6854e3c01e74b5c63415,2026-06-28T19:00:00Z,South Africa,Canada,tipico_de,Tipico,2026-06-28T01:42:09Z,h2h,2026-06-28T01:42:09Z,Draw,3.7,
def55b09ef3d6854e3c01e74b5c63415,2026-06-28T19:00:00Z,South Africa,Canada,coolbet,Coolbet,2026-06-28T01:42:11Z,h2h,2026-06-28T01:42:11Z,Canada,1.73,
def55b09ef3d6854e3c01e74b5c63415,2026-06-28T19:00:00Z,South Africa,Canada,coolbet,Coolbet,2026-06-28T01:42:11Z,h2h,2026-06-28T01:42:11Z,South Africa,5.8,
def55b09ef3d6854e3c01e74b5c63415,2026-06-28T19:00:00Z,South Africa,Canada,coolbet,Coolbet,2026-06-28T01:42:11Z,h2h,2026-06-28T01:42:11Z,Draw,3.65,
def55b09ef3d6854e3c01e74b5c63415,2026-06-28T19:00:00Z,South Africa,Canada,coolbet,Coolbet,2026-06-28T01:42:11Z,totals,2026-06-28T01:42:11Z,Over,2.2,2.5
def55b09ef3d6854e3c01e74b5c63415,2026-06-28T19:00:00Z,South Africa,Canada,coolbet,Coolbet,2026-06-28T01:42:11Z,totals,2026-06-28T01:42:11Z,Under,1.73,2.5
def55b09ef3d6854e3c01e74b5c63415,2026-06-28T19:00:00Z,South Africa,Canada,mybookieag,MyBookie.ag,2026-06-28T01:41:26Z,h2h,2026-06-28T01:41:26Z,Canada,1.7,
def55b09ef3d6854e3c01e74b5c63415,2026-06-28T19:00:00Z,South Africa,Canada,mybookieag,MyBookie.ag,2026-06-28T01:41:26Z,h2h,2026-06-28T01:41:26Z,South Africa,5.3,
def55b09ef3d6854e3c01e74b5c63415,2026-06-28T19:00:00Z,South Africa,Canada,mybookieag,MyBookie.ag,2026-06-28T01:41:26Z,h2h,2026-06-28T01:41:26Z,Draw,3.55,
def55b09ef3d6854e3c01e74b5c63415,2026-06-28T19:00:00Z,South Africa,Canada,mybookieag,MyBookie.ag,2026-06-28T01:41:26Z,spreads,2026-06-28T01:41:26Z,Canada,1.7,-0.5
def55b09ef3d6854e3c01e74b5c63415,2026-06-28T19:00:00Z,South Africa,Canada,mybookieag,MyBookie.ag,2026-06-28T01:41:26Z,spreads,2026-06-28T01:41:26Z,South Africa,2.16,0.5
def55b09ef3d6854e3c01e74b5c63415,2026-06-28T19:00:00Z,South Africa,Canada,mybookieag,MyBookie.ag,2026-06-28T01:41:26Z,totals,2026-06-28T01:41:26Z,Over,2.17,2.5
def55b09ef3d6854e3c01e74b5c63415,2026-06-28T19:00:00Z,South Africa,Canada,mybookieag,MyBookie.ag,2026-06-28T01:41:26Z,totals,2026-06-28T01:41:26Z,Under,1.7,2.5
def55b09ef3d6854e3c01e74b5c63415,2026-06-28T19:00:00Z,South Africa,Canada,gtbets,GTbets,2026-06-28T01:41:58Z,h2h,2026-06-28T01:41:58Z,Canada,1.69,
def55b09ef3d6854e3c01e74b5c63415,2026-06-28T19:00:00Z,South Africa,Canada,gtbets,GTbets,2026-06-28T01:41:58Z,h2h,2026-06-28T01:41:58Z,South Africa,5.32,
def55b09ef3d6854e3c01e74b5c63415,2026-06-28T19:00:00Z,South Africa,Canada,gtbets,GTbets,2026-06-28T01:41:58Z,h2h,2026-06-28T01:41:58Z,Draw,3.5,
def55b09ef3d6854e3c01e74b5c63415,2026-06-28T19:00:00Z,South Africa,Canada,gtbets,GTbets,2026-06-28T01:41:58Z,spreads,2026-06-28T01:41:58Z,Canada,3.1,-1.5
def55b09ef3d6854e3c01e74b5c63415,2026-06-28T19:00:00Z,South Africa,Canada,gtbets,GTbets,2026-06-28T01:41:58Z,spreads,2026-06-28T01:41:58Z,South Africa,1.37,1.5
def55b09ef3d6854e3c01e74b5c63415,2026-06-28T19:00:00Z,South Africa,Canada,gtbets,GTbets,2026-06-28T01:41:58Z,totals,2026-06-28T01:41:58Z,Over,2.22,2.5
def55b09ef3d6854e3c01e74b5c63415,2026-06-28T19:00:00Z,South Africa,Canada,gtbets,GTbets,2026-06-28T01:41:58Z,totals,2026-06-28T01:41:58Z,Under,1.69,2.5
def55b09ef3d6854e3c01e74b5c63415,2026-06-28T19:00:00Z,South Africa,Canada,winamax_fr,Winamax (FR),2026-06-28T01:41:59Z,h2h,2026-06-28T01:41:59Z,Canada,1.68,
def55b09ef3d6854e3c01e74b5c63415,2026-06-28T19:00:00Z,South Africa,Canada,winamax_fr,Winamax (FR),2026-06-28T01:41:59Z,h2h,2026-06-28T01:41:59Z,South Africa,5.2,
def55b09ef3d6854e3c01e74b5c63415,2026-06-28T19:00:00Z,South Africa,Canada,winamax_fr,Winamax (FR),2026-06-28T01:41:59Z,h2h,2026-06-28T01:41:59Z,Draw,3.6,
def55b09ef3d6854e3c01e74b5c63415,2026-06-28T19:00:00Z,South Africa,Canada,winamax_de,Winamax (DE),2026-06-28T01:42:11Z,h2h,2026-06-28T01:42:11Z,Canada,1.7,
def55b09ef3d6854e3c01e74b5c63415,2026-06-28T19:00:00Z,South Africa,Canada,winamax_de,Winamax (DE),2026-06-28T01:42:11Z,h2h,2026-06-28T01:42:11Z,South Africa,5.3,
def55b09ef3d6854e3c01e74b5c63415,2026-06-28T19:00:00Z,South Africa,Canada,winamax_de,Winamax (DE),2026-06-28T01:42:11Z,h2h,2026-06-28T01:42:11Z,Draw,3.6,
def55b09ef3d6854e3c01e74b5c63415,2026-06-28T19:00:00Z,South Africa,Canada,onexbet,1xBet,2026-06-28T01:42:09Z,h2h,2026-06-28T01:42:09Z,Canada,1.76,
def55b09ef3d6854e3c01e74b5c63415,2026-06-28T19:00:00Z,South Africa,Canada,onexbet,1xBet,2026-06-28T01:42:09Z,h2h,2026-06-28T01:42:09Z,South Africa,5.64,
def55b09ef3d6854e3c01e74b5c63415,2026-06-28T19:00:00Z,South Africa,Canada,onexbet,1xBet,2026-06-28T01:42:09Z,h2h,2026-06-28T01:42:09Z,Draw,3.72,
def55b09ef3d6854e3c01e74b5c63415,2026-06-28T19:00:00Z,South Africa,Canada,onexbet,1xBet,2026-06-28T01:42:09Z,spreads,2026-06-28T01:42:09Z,Canada,3.12,-1.5
def55b09ef3d6854e3c01e74b5c63415,2026-06-28T19:00:00Z,South Africa,Canada,onexbet,1xBet,2026-06-28T01:42:09Z,spreads,2026-06-28T01:42:09Z,South Africa,1.4,1.5
def55b09ef3d6854e3c01e74b5c63415,2026-06-28T19:00:00Z,South Africa,Canada,onexbet,1xBet,2026-06-28T01:42:09Z,totals,2026-06-28T01:42:09Z,Over,2.18,2.5
def55b09ef3d6854e3c01e74b5c63415,2026-06-28T19:00:00Z,South Africa,Canada,onexbet,1xBet,2026-06-28T01:42:09Z,totals,2026-06-28T01:42:09Z,Under,1.73,2.5
def55b09ef3d6854e3c01e74b5c63415,2026-06-28T19:00:00Z,South Africa,Canada,sport888,888sport,2026-06-28T01:41:45Z,h2h,2026-06-28T01:41:45Z,Canada,1.67,
def55b09ef3d6854e3c01e74b5c63415,2026-06-28T19:00:00Z,South Africa,Canada,sport888,888sport,2026-06-28T01:41:45Z,h2h,2026-06-28T01:41:45Z,South Africa,5.0,
def55b09ef3d6854e3c01e74b5c63415,2026-06-28T19:00:00Z,South Africa,Canada,sport888,888sport,2026-06-28T01:41:45Z,h2h,2026-06-28T01:41:45Z,Draw,3.4,
def55b09ef3d6854e3c01e74b5c63415,2026-06-28T19:00:00Z,South Africa,Canada,williamhill,William Hill,2026-06-28T01:41:22Z,h2h,2026-06-28T01:41:22Z,Canada,1.7,
def55b09ef3d6854e3c01e74b5c63415,2026-06-28T19:00:00Z,South Africa,Canada,williamhill,William Hill,2026-06-28T01:41:22Z,h2h,2026-06-28T01:41:22Z,South Africa,5.0,
def55b09ef3d6854e3c01e74b5c63415,2026-06-28T19:00:00Z,South Africa,Canada,williamhill,William Hill,2026-06-28T01:41:22Z,h2h,2026-06-28T01:41:22Z,Draw,3.4,
def55b09ef3d6854e3c01e74b5c63415,2026-06-28T19:00:00Z,South Africa,Canada,williamhill,William Hill,2026-06-28T01:41:22Z,totals,2026-06-28T01:41:22Z,Over,2.1,2.5
def55b09ef3d6854e3c01e74b5c63415,2026-06-28T19:00:00Z,South Africa,Canada,williamhill,William Hill,2026-06-28T01:41:22Z,totals,2026-06-28T01:41:22Z,Under,1.67,2.5
def55b09ef3d6854e3c01e74b5c63415,2026-06-28T19:00:00Z,South Africa,Canada,everygame,Everygame,2026-06-28T01:41:26Z,h2h,2026-06-28T01:41:26Z,Canada,1.7,
def55b09ef3d6854e3c01e74b5c63415,2026-06-28T19:00:00Z,South Africa,Canada,everygame,Everygame,2026-06-28T01:41:26Z,h2h,2026-06-28T01:41:26Z,South Africa,5.5,
def55b09ef3d6854e3c01e74b5c63415,2026-06-28T19:00:00Z,South Africa,Canada,everygame,Everygame,2026-06-28T01:41:26Z,h2h,2026-06-28T01:41:26Z,Draw,3.6,
def55b09ef3d6854e3c01e74b5c63415,2026-06-28T19:00:00Z,South Africa,Canada,pinnacle,Pinnacle,2026-06-28T01:42:09Z,h2h,2026-06-28T01:42:09Z,Canada,1.7,
def55b09ef3d6854e3c01e74b5c63415,2026-06-28T19:00:00Z,South Africa,Canada,pinnacle,Pinnacle,2026-06-28T01:42:09Z,h2h,2026-06-28T01:42:09Z,South Africa,5.62,
def55b09ef3d6854e3c01e74b5c63415,2026-06-28T19:00:00Z,South Africa,Canada,pinnacle,Pinnacle,2026-06-28T01:42:09Z,h2h,2026-06-28T01:42:09Z,Draw,3.67,
def55b09ef3d6854e3c01e74b5c63415,2026-06-28T19:00:00Z,South Africa,Canada,pinnacle,Pinnacle,2026-06-28T01:42:09Z,spreads,2026-06-28T01:42:09Z,Canada,1.93,-0.75
def55b09ef3d6854e3c01e74b5c63415,2026-06-28T19:00:00Z,South Africa,Canada,pinnacle,Pinnacle,2026-06-28T01:42:09Z,spreads,2026-06-28T01:42:09Z,South Africa,1.98,0.75
def55b09ef3d6854e3c01e74b5c63415,2026-06-28T19:00:00Z,South Africa,Canada,pinnacle,Pinnacle,2026-06-28T01:42:09Z,totals,2026-06-28T01:42:09Z,Over,1.93,2.25
def55b09ef3d6854e3c01e74b5c63415,2026-06-28T19:00:00Z,South Africa,Canada,pinnacle,Pinnacle,2026-06-28T01:42:09Z,totals,2026-06-28T01:42:09Z,Under,1.96,2.25
def55b09ef3d6854e3c01e74b5c63415,2026-06-28T19:00:00Z,South Africa,Canada,matchbook,Matchbook,2026-06-28T01:42:11Z,h2h,2026-06-28T01:42:11Z,Canada,1.75,
def55b09ef3d6854e3c01e74b5c63415,2026-06-28T19:00:00Z,South Africa,Canada,matchbook,Matchbook,2026-06-28T01:42:11Z,h2h,2026-06-28T01:42:11Z,South Africa,6.0,
def55b09ef3d6854e3c01e74b5c63415,2026-06-28T19:00:00Z,South Africa,Canada,matchbook,Matchbook,2026-06-28T01:42:11Z,h2h,2026-06-28T01:42:11Z,Draw,3.7,
def55b09ef3d6854e3c01e74b5c63415,2026-06-28T19:00:00Z,South Africa,Canada,matchbook,Matchbook,2026-06-28T01:42:11Z,spreads,2026-06-28T01:42:11Z,Canada,1.96,-0.75
def55b09ef3d6854e3c01e74b5c63415,2026-06-28T19:00:00Z,South Africa,Canada,matchbook,Matchbook,2026-06-28T01:42:11Z,spreads,2026-06-28T01:42:11Z,South Africa,2.0,0.75
def55b09ef3d6854e3c01e74b5c63415,2026-06-28T19:00:00Z,South Africa,Canada,betfair_ex_eu,Betfair,2026-06-28T01:42:21Z,h2h,2026-06-28T01:42:21Z,Canada,1.75,
def55b09ef3d6854e3c01e74b5c63415,2026-06-28T19:00:00Z,South Africa,Canada,betfair_ex_eu,Betfair,2026-06-28T01:42:21Z,h2h,2026-06-28T01:42:21Z,South Africa,6.0,
def55b09ef3d6854e3c01e74b5c63415,2026-06-28T19:00:00Z,South Africa,Canada,betfair_ex_eu,Betfair,2026-06-28T01:42:21Z,h2h,2026-06-28T01:42:21Z,Draw,3.7,
def55b09ef3d6854e3c01e74b5c63415,2026-06-28T19:00:00Z,South Africa,Canada,betsson,Betsson,2026-06-28T01:42:10Z,h2h,2026-06-28T01:42:10Z,Canada,1.75,
def55b09ef3d6854e3c01e74b5c63415,2026-06-28T19:00:00Z,South Africa,Canada,betsson,Betsson,2026-06-28T01:42:10Z,h2h,2026-06-28T01:42:10Z,South Africa,5.35,
def55b09ef3d6854e3c01e74b5c63415,2026-06-28T19:00:00Z,South Africa,Canada,betsson,Betsson,2026-06-28T01:42:10Z,h2h,2026-06-28T01:42:10Z,Draw,3.65,
def55b09ef3d6854e3c01e74b5c63415,2026-06-28T19:00:00Z,South Africa,Canada,betsson,Betsson,2026-06-28T01:42:10Z,totals,2026-06-28T01:42:10Z,Over,2.2,2.5
def55b09ef3d6854e3c01e74b5c63415,2026-06-28T19:00:00Z,South Africa,Canada,betsson,Betsson,2026-06-28T01:42:10Z,totals,2026-06-28T01:42:10Z,Under,1.7,2.5
def55b09ef3d6854e3c01e74b5c63415,2026-06-28T19:00:00Z,South Africa,Canada,nordicbet,Nordic Bet,2026-06-28T01:42:22Z,h2h,2026-06-28T01:42:22Z,Canada,1.75,
def55b09ef3d6854e3c01e74b5c63415,2026-06-28T19:00:00Z,South Africa,Canada,nordicbet,Nordic Bet,2026-06-28T01:42:22Z,h2h,2026-06-28T01:42:22Z,South Africa,5.35,
def55b09ef3d6854e3c01e74b5c63415,2026-06-28T19:00:00Z,South Africa,Canada,nordicbet,Nordic Bet,2026-06-28T01:42:22Z,h2h,2026-06-28T01:42:22Z,Draw,3.65,
def55b09ef3d6854e3c01e74b5c63415,2026-06-28T19:00:00Z,South Africa,Canada,nordicbet,Nordic Bet,2026-06-28T01:42:22Z,totals,2026-06-28T01:42:22Z,Over,2.2,2.5
def55b09ef3d6854e3c01e74b5c63415,2026-06-28T19:00:00Z,South Africa,Canada,nordicbet,Nordic Bet,2026-06-28T01:42:22Z,totals,2026-06-28T01:42:22Z,Under,1.7,2.5
def55b09ef3d6854e3c01e74b5c63415,2026-06-28T19:00:00Z,South Africa,Canada,betanysports,BetAnything,2026-06-28T01:42:12Z,h2h,2026-06-28T01:42:12Z,Canada,1.69,
def55b09ef3d6854e3c01e74b5c63415,2026-06-28T19:00:00Z,South Africa,Canada,betanysports,BetAnything,2026-06-28T01:42:12Z,h2h,2026-06-28T01:42:12Z,South Africa,5.5,
def55b09ef3d6854e3c01e74b5c63415,2026-06-28T19:00:00Z,South Africa,Canada,betanysports,BetAnything,2026-06-28T01:42:12Z,h2h,2026-06-28T01:42:12Z,Draw,3.67,
def55b09ef3d6854e3c01e74b5c63415,2026-06-28T19:00:00Z,South Africa,Canada,betanysports,BetAnything,2026-06-28T01:42:12Z,spreads,2026-06-28T01:42:12Z,Canada,1.69,-0.5
def55b09ef3d6854e3c01e74b5c63415,2026-06-28T19:00:00Z,South Africa,Canada,betanysports,BetAnything,2026-06-28T01:42:12Z,spreads,2026-06-28T01:42:12Z,South Africa,2.24,0.5
def55b09ef3d6854e3c01e74b5c63415,2026-06-28T19:00:00Z,South Africa,Canada,betanysports,BetAnything,2026-06-28T01:42:12Z,totals,2026-06-28T01:42:12Z,Over,1.42,1.5
def55b09ef3d6854e3c01e74b5c63415,2026-06-28T19:00:00Z,South Africa,Canada,betanysports,BetAnything,2026-06-28T01:42:12Z,totals,2026-06-28T01:42:12Z,Under,2.9,1.5
def55b09ef3d6854e3c01e74b5c63415,2026-06-28T19:00:00Z,South Africa,Canada,betonlineag,BetOnline.ag,2026-06-28T01:41:46Z,h2h,2026-06-28T01:41:46Z,Canada,1.71,
def55b09ef3d6854e3c01e74b5c63415,2026-06-28T19:00:00Z,South Africa,Canada,betonlineag,BetOnline.ag,2026-06-28T01:41:46Z,h2h,2026-06-28T01:41:46Z,South Africa,5.65,
def55b09ef3d6854e3c01e74b5c63415,2026-06-28T19:00:00Z,South Africa,Canada,betonlineag,BetOnline.ag,2026-06-28T01:41:46Z,h2h,2026-06-28T01:41:46Z,Draw,3.64,
def55b09ef3d6854e3c01e74b5c63415,2026-06-28T19:00:00Z,South Africa,Canada,betonlineag,BetOnline.ag,2026-06-28T01:41:46Z,spreads,2026-06-28T01:41:46Z,Canada,1.71,-0.5
def55b09ef3d6854e3c01e74b5c63415,2026-06-28T19:00:00Z,South Africa,Canada,betonlineag,BetOnline.ag,2026-06-28T01:41:46Z,spreads,2026-06-28T01:41:46Z,South Africa,2.23,0.5
def55b09ef3d6854e3c01e74b5c63415,2026-06-28T19:00:00Z,South Africa,Canada,betonlineag,BetOnline.ag,2026-06-28T01:41:46Z,totals,2026-06-28T01:41:46Z,Over,1.7,2.0
def55b09ef3d6854e3c01e74b5c63415,2026-06-28T19:00:00Z,South Africa,Canada,betonlineag,BetOnline.ag,2026-06-28T01:41:46Z,totals,2026-06-28T01:41:46Z,Under,2.26,2.0
4f3d72fba877939d36a5315618184093,2026-06-29T17:00:00Z,Brazil,Japan,coolbet,Coolbet,2026-06-28T01:42:11Z,h2h,2026-06-28T01:42:11Z,Brazil,1.71,
4f3d72fba877939d36a5315618184093,2026-06-29T17:00:00Z,Brazil,Japan,coolbet,Coolbet,2026-06-28T01:42:11Z,h2h,2026-06-28T01:42:11Z,Japan,5.5,
4f3d72fba877939d36a5315618184093,2026-06-29T17:00:00Z,Brazil,Japan,coolbet,Coolbet,2026-06-28T01:42:11Z,h2h,2026-06-28T01:42:11Z,Draw,3.9,
4f3d72fba877939d36a5315618184093,2026-06-29T17:00:00Z,Brazil,Japan,coolbet,Coolbet,2026-06-28T01:42:11Z,totals,2026-06-28T01:42:11Z,Over,2.06,2.5
4f3d72fba877939d36a5315618184093,2026-06-29T17:00:00Z,Brazil,Japan,coolbet,Coolbet,2026-06-28T01:42:11Z,totals,2026-06-28T01:42:11Z,Under,1.82,2.5
4f3d72fba877939d36a5315618184093,2026-06-29T17:00:00Z,Brazil,Japan,unibet_se,Unibet (SE),2026-06-28T01:42:09Z,h2h,2026-06-28T01:42:09Z,Brazil,1.66,
4f3d72fba877939d36a5315618184093,2026-06-29T17:00:00Z,Brazil,Japan,unibet_se,Unibet (SE),2026-06-28T01:42:09Z,h2h,2026-06-28T01:42:09Z,Japan,6.0,
4f3d72fba877939d36a5315618184093,2026-06-29T17:00:00Z,Brazil,Japan,unibet_se,Unibet (SE),2026-06-28T01:42:09Z,h2h,2026-06-28T01:42:09Z,Draw,4.0,
4f3d72fba877939d36a5315618184093,2026-06-29T17:00:00Z,Brazil,Japan,unibet_se,Unibet (SE),2026-06-28T01:42:09Z,totals,2026-06-28T01:42:09Z,Over,1.94,2.5
4f3d72fba877939d36a5315618184093,2026-06-29T17:00:00Z,Brazil,Japan,unibet_se,Unibet (SE),2026-06-28T01:42:09Z,totals,2026-06-28T01:42:09Z,Under,1.87,2.5
4f3d72fba877939d36a5315618184093,2026-06-29T17:00:00Z,Brazil,Japan,gtbets,GTbets,2026-06-28T01:41:58Z,h2h,2026-06-28T01:41:58Z,Brazil,1.71,
4f3d72fba877939d36a5315618184093,2026-06-29T17:00:00Z,Brazil,Japan,gtbets,GTbets,2026-06-28T01:41:58Z,h2h,2026-06-28T01:41:58Z,Japan,5.05,
4f3d72fba877939d36a5315618184093,2026-06-29T17:00:00Z,Brazil,Japan,gtbets,GTbets,2026-06-28T01:41:58Z,h2h,2026-06-28T01:41:58Z,Draw,3.74,
4f3d72fba877939d36a5315618184093,2026-06-29T17:00:00Z,Brazil,Japan,gtbets,GTbets,2026-06-28T01:41:58Z,spreads,2026-06-28T01:41:58Z,Brazil,1.7,-0.5
4f3d72fba877939d36a5315618184093,2026-06-29T17:00:00Z,Brazil,Japan,gtbets,GTbets,2026-06-28T01:41:58Z,spreads,2026-06-28T01:41:58Z,Japan,2.17,0.5
4f3d72fba877939d36a5315618184093,2026-06-29T17:00:00Z,Brazil,Japan,gtbets,GTbets,2026-06-28T01:41:58Z,totals,2026-06-28T01:41:58Z,Over,2.03,2.5
4f3d72fba877939d36a5315618184093,2026-06-29T17:00:00Z,Brazil,Japan,gtbets,GTbets,2026-06-28T01:41:58Z,totals,2026-06-28T01:41:58Z,Under,1.79,2.5
4f3d72fba877939d36a5315618184093,2026-06-29T17:00:00Z,Brazil,Japan,leovegas_se,LeoVegas (SE),2026-06-28T01:42:21Z,h2h,2026-06-28T01:42:21Z,Brazil,1.63,
4f3d72fba877939d36a5315618184093,2026-06-29T17:00:00Z,Brazil,Japan,leovegas_se,LeoVegas (SE),2026-06-28T01:42:21Z,h2h,2026-06-28T01:42:21Z,Japan,5.6,
4f3d72fba877939d36a5315618184093,2026-06-29T17:00:00Z,Brazil,Japan,leovegas_se,LeoVegas (SE),2026-06-28T01:42:21Z,h2h,2026-06-28T01:42:21Z,Draw,3.9,
4f3d72fba877939d36a5315618184093,2026-06-29T17:00:00Z,Brazil,Japan,unibet_fr,Unibet (FR),2026-06-28T01:42:10Z,h2h,2026-06-28T01:42:10Z,Brazil,1.67,
4f3d72fba877939d36a5315618184093,2026-06-29T17:00:00Z,Brazil,Japan,unibet_fr,Unibet (FR),2026-06-28T01:42:10Z,h2h,2026-06-28T01:42:10Z,Japan,5.0,
4f3d72fba877939d36a5315618184093,2026-06-29T17:00:00Z,Brazil,Japan,unibet_fr,Unibet (FR),2026-06-28T01:42:10Z,h2h,2026-06-28T01:42:10Z,Draw,4.0,
4f3d72fba877939d36a5315618184093,2026-06-29T17:00:00Z,Brazil,Japan,mybookieag,MyBookie.ag,2026-06-28T01:41:26Z,h2h,2026-06-28T01:41:26Z,Brazil,1.68,
4f3d72fba877939d36a5315618184093,2026-06-29T17:00:00Z,Brazil,Japan,mybookieag,MyBookie.ag,2026-06-28T01:41:26Z,h2h,2026-06-28T01:41:26Z,Japan,5.1,
4f3d72fba877939d36a5315618184093,2026-06-29T17:00:00Z,Brazil,Japan,mybookieag,MyBookie.ag,2026-06-28T01:41:26Z,h2h,2026-06-28T01:41:26Z,Draw,3.75,
4f3d72fba877939d36a5315618184093,2026-06-29T17:00:00Z,Brazil,Japan,mybookieag,MyBookie.ag,2026-06-28T01:41:26Z,spreads,2026-06-28T01:41:26Z,Brazil,1.64,-0.5
4f3d72fba877939d36a5315618184093,2026-06-29T17:00:00Z,Brazil,Japan,mybookieag,MyBookie.ag,2026-06-28T01:41:26Z,spreads,2026-06-28T01:41:26Z,Japan,2.12,0.5
4f3d72fba877939d36a5315618184093,2026-06-29T17:00:00Z,Brazil,Japan,mybookieag,MyBookie.ag,2026-06-28T01:41:26Z,totals,2026-06-28T01:41:26Z,Over,1.99,2.5
4f3d72fba877939d36a5315618184093,2026-06-29T17:00:00Z,Brazil,Japan,mybookieag,MyBookie.ag,2026-06-28T01:41:26Z,totals,2026-06-28T01:41:26Z,Under,1.74,2.5
4f3d72fba877939d36a5315618184093,2026-06-29T17:00:00Z,Brazil,Japan,pmu_fr,PMU (FR),2026-06-28T01:42:10Z,h2h,2026-06-28T01:42:10Z,Brazil,1.61,
4f3d72fba877939d36a5315618184093,2026-06-29T17:00:00Z,Brazil,Japan,pmu_fr,PMU (FR),2026-06-28T01:42:10Z,h2h,2026-06-28T01:42:10Z,Japan,5.4,
4f3d72fba877939d36a5315618184093,2026-06-29T17:00:00Z,Brazil,Japan,pmu_fr,PMU (FR),2026-06-28T01:42:10Z,h2h,2026-06-28T01:42:10Z,Draw,3.8,
4f3d72fba877939d36a5315618184093,2026-06-29T17:00:00Z,Brazil,Japan,pmu_fr,PMU (FR),2026-06-28T01:42:10Z,totals,2026-06-28T01:42:10Z,Over,1.88,2.5
4f3d72fba877939d36a5315618184093,2026-06-29T17:00:00Z,Brazil,Japan,pmu_fr,PMU (FR),2026-06-28T01:42:10Z,totals,2026-06-28T01:42:10Z,Under,1.81,2.5
4f3d72fba877939d36a5315618184093,2026-06-29T17:00:00Z,Brazil,Japan,unibet_nl,Unibet (NL),2026-06-28T01:42:22Z,h2h,2026-06-28T01:42:21Z,Brazil,1.66,
4f3d72fba877939d36a5315618184093,2026-06-29T17:00:00Z,Brazil,Japan,unibet_nl,Unibet (NL),2026-06-28T01:42:22Z,h2h,2026-06-28T01:42:21Z,Japan,6.0,
4f3d72fba877939d36a5315618184093,2026-06-29T17:00:00Z,Brazil,Japan,unibet_nl,Unibet (NL),2026-06-28T01:42:22Z,h2h,2026-06-28T01:42:21Z,Draw,4.0,
4f3d72fba877939d36a5315618184093,2026-06-29T17:00:00Z,Brazil,Japan,unibet_nl,Unibet (NL),2026-06-28T01:42:22Z,totals,2026-06-28T01:42:21Z,Over,1.92,2.5
4f3d72fba877939d36a5315618184093,2026-06-29T17:00:00Z,Brazil,Japan,unibet_nl,Unibet (NL),2026-06-28T01:42:22Z,totals,2026-06-28T01:42:21Z,Under,1.85,2.5
4f3d72fba877939d36a5315618184093,2026-06-29T17:00:00Z,Brazil,Japan,betclic_fr,Betclic (FR),2026-06-28T01:41:02Z,h2h,2026-06-28T01:41:02Z,Brazil,1.67,
4f3d72fba877939d36a5315618184093,2026-06-29T17:00:00Z,Brazil,Japan,betclic_fr,Betclic (FR),2026-06-28T01:41:02Z,h2h,2026-06-28T01:41:02Z,Japan,5.25,
4f3d72fba877939d36a5315618184093,2026-06-29T17:00:00Z,Brazil,Japan,betclic_fr,Betclic (FR),2026-06-28T01:41:02Z,h2h,2026-06-28T01:41:02Z,Draw,3.85,
4f3d72fba877939d36a5315618184093,2026-06-29T17:00:00Z,Brazil,Japan,tipico_de,Tipico,2026-06-28T01:42:09Z,h2h,2026-06-28T01:42:09Z,Brazil,1.65,
4f3d72fba877939d36a5315618184093,2026-06-29T17:00:00Z,Brazil,Japan,tipico_de,Tipico,2026-06-28T01:42:09Z,h2h,2026-06-28T01:42:09Z,Japan,5.3,
4f3d72fba877939d36a5315618184093,2026-06-29T17:00:00Z,Brazil,Japan,tipico_de,Tipico,2026-06-28T01:42:09Z,h2h,2026-06-28T01:42:09Z,Draw,3.9,
4f3d72fba877939d36a5315618184093,2026-06-29T17:00:00Z,Brazil,Japan,winamax_de,Winamax (DE),2026-06-28T01:42:11Z,h2h,2026-06-28T01:42:11Z,Brazil,1.68,
4f3d72fba877939d36a5315618184093,2026-06-29T17:00:00Z,Brazil,Japan,winamax_de,Winamax (DE),2026-06-28T01:42:11Z,h2h,2026-06-28T01:42:11Z,Japan,4.9,
4f3d72fba877939d36a5315618184093,2026-06-29T17:00:00Z,Brazil,Japan,winamax_de,Winamax (DE),2026-06-28T01:42:11Z,h2h,2026-06-28T01:42:11Z,Draw,3.9,
4f3d72fba877939d36a5315618184093,2026-06-29T17:00:00Z,Brazil,Japan,winamax_fr,Winamax (FR),2026-06-28T01:41:59Z,h2h,2026-06-28T01:41:59Z,Brazil,1.66,
4f3d72fba877939d36a5315618184093,2026-06-29T17:00:00Z,Brazil,Japan,winamax_fr,Winamax (FR),2026-06-28T01:41:59Z,h2h,2026-06-28T01:41:59Z,Japan,4.9,
4f3d72fba877939d36a5315618184093,2026-06-29T17:00:00Z,Brazil,Japan,winamax_fr,Winamax (FR),2026-06-28T01:41:59Z,h2h,2026-06-28T01:41:59Z,Draw,3.85,
4f3d72fba877939d36a5315618184093,2026-06-29T17:00:00Z,Brazil,Japan,onexbet,1xBet,2026-06-28T01:42:09Z,h2h,2026-06-28T01:42:09Z,Brazil,1.74,
4f3d72fba877939d36a5315618184093,2026-06-29T17:00:00Z,Brazil,Japan,onexbet,1xBet,2026-06-28T01:42:09Z,h2h,2026-06-28T01:42:09Z,Japan,5.53,
4f3d72fba877939d36a5315618184093,2026-06-29T17:00:00Z,Brazil,Japan,onexbet,1xBet,2026-06-28T01:42:09Z,h2h,2026-06-28T01:42:09Z,Draw,3.86,
4f3d72fba877939d36a5315618184093,2026-06-29T17:00:00Z,Brazil,Japan,onexbet,1xBet,2026-06-28T01:42:09Z,spreads,2026-06-28T01:42:09Z,Brazil,3.12,-1.5
4f3d72fba877939d36a5315618184093,2026-06-29T17:00:00Z,Brazil,Japan,onexbet,1xBet,2026-06-28T01:42:09Z,spreads,2026-06-28T01:42:09Z,Japan,1.4,1.5
4f3d72fba877939d36a5315618184093,2026-06-29T17:00:00Z,Brazil,Japan,onexbet,1xBet,2026-06-28T01:42:09Z,totals,2026-06-28T01:42:09Z,Over,2.05,2.5
4f3d72fba877939d36a5315618184093,2026-06-29T17:00:00Z,Brazil,Japan,onexbet,1xBet,2026-06-28T01:42:09Z,totals,2026-06-28T01:42:09Z,Under,1.82,2.5
4f3d72fba877939d36a5315618184093,2026-06-29T17:00:00Z,Brazil,Japan,sport888,888sport,2026-06-28T01:41:45Z,h2h,2026-06-28T01:41:45Z,Brazil,1.67,
4f3d72fba877939d36a5315618184093,2026-06-29T17:00:00Z,Brazil,Japan,sport888,888sport,2026-06-28T01:41:45Z,h2h,2026-06-28T01:41:45Z,Japan,4.8,
4f3d72fba877939d36a5315618184093,2026-06-29T17:00:00Z,Brazil,Japan,sport888,888sport,2026-06-28T01:41:45Z,h2h,2026-06-28T01:41:45Z,Draw,3.5,
4f3d72fba877939d36a5315618184093,2026-06-29T17:00:00Z,Brazil,Japan,williamhill,William Hill,2026-06-28T01:41:22Z,h2h,2026-06-28T01:41:22Z,Brazil,1.7,
4f3d72fba877939d36a5315618184093,2026-06-29T17:00:00Z,Brazil,Japan,williamhill,William Hill,2026-06-28T01:41:22Z,h2h,2026-06-28T01:41:22Z,Japan,5.0,
4f3d72fba877939d36a5315618184093,2026-06-29T17:00:00Z,Brazil,Japan,williamhill,William Hill,2026-06-28T01:41:22Z,h2h,2026-06-28T01:41:22Z,Draw,3.6,
4f3d72fba877939d36a5315618184093,2026-06-29T17:00:00Z,Brazil,Japan,williamhill,William Hill,2026-06-28T01:41:22Z,totals,2026-06-28T01:41:22Z,Over,1.95,2.5
4f3d72fba877939d36a5315618184093,2026-06-29T17:00:00Z,Brazil,Japan,williamhill,William Hill,2026-06-28T01:41:22Z,totals,2026-06-28T01:41:22Z,Under,1.8,2.5
4f3d72fba877939d36a5315618184093,2026-06-29T17:00:00Z,Brazil,Japan,betfair_ex_eu,Betfair,2026-06-28T01:42:21Z,h2h,2026-06-28T01:42:21Z,Brazil,1.74,
4f3d72fba877939d36a5315618184093,2026-06-29T17:00:00Z,Brazil,Japan,betfair_ex_eu,Betfair,2026-06-28T01:42:21Z,h2h,2026-06-28T01:42:21Z,Japan,5.5,
4f3d72fba877939d36a5315618184093,2026-06-29T17:00:00Z,Brazil,Japan,betfair_ex_eu,Betfair,2026-06-28T01:42:21Z,h2h,2026-06-28T01:42:21Z,Draw,4.1,
4f3d72fba877939d36a5315618184093,2026-06-29T17:00:00Z,Brazil,Japan,matchbook,Matchbook,2026-06-28T01:42:11Z,h2h,2026-06-28T01:42:11Z,Brazil,1.73,
4f3d72fba877939d36a5315618184093,2026-06-29T17:00:00Z,Brazil,Japan,matchbook,Matchbook,2026-06-28T01:42:11Z,h2h,2026-06-28T01:42:11Z,Japan,5.5,
4f3d72fba877939d36a5315618184093,2026-06-29T17:00:00Z,Brazil,Japan,matchbook,Matchbook,2026-06-28T01:42:11Z,h2h,2026-06-28T01:42:11Z,Draw,4.1,
4f3d72fba877939d36a5315618184093,2026-06-29T17:00:00Z,Brazil,Japan,matchbook,Matchbook,2026-06-28T01:42:11Z,spreads,2026-06-28T01:42:11Z,Brazil,1.96,-0.75
4f3d72fba877939d36a5315618184093,2026-06-29T17:00:00Z,Brazil,Japan,matchbook,Matchbook,2026-06-28T01:42:11Z,spreads,2026-06-28T01:42:11Z,Japan,2.02,0.75
4f3d72fba877939d36a5315618184093,2026-06-29T17:00:00Z,Brazil,Japan,pinnacle,Pinnacle,2026-06-28T01:42:09Z,h2h,2026-06-28T01:42:09Z,Brazil,1.7,
4f3d72fba877939d36a5315618184093,2026-06-29T17:00:00Z,Brazil,Japan,pinnacle,Pinnacle,2026-06-28T01:42:09Z,h2h,2026-06-28T01:42:09Z,Japan,5.27,
4f3d72fba877939d36a5315618184093,2026-06-29T17:00:00Z,Brazil,Japan,pinnacle,Pinnacle,2026-06-28T01:42:09Z,h2h,2026-06-28T01:42:09Z,Draw,3.88,
4f3d72fba877939d36a5315618184093,2026-06-29T17:00:00Z,Brazil,Japan,pinnacle,Pinnacle,2026-06-28T01:42:09Z,spreads,2026-06-28T01:42:09Z,Brazil,1.92,-0.75
4f3d72fba877939d36a5315618184093,2026-06-29T17:00:00Z,Brazil,Japan,pinnacle,Pinnacle,2026-06-28T01:42:09Z,spreads,2026-06-28T01:42:09Z,Japan,1.99,0.75
4f3d72fba877939d36a5315618184093,2026-06-29T17:00:00Z,Brazil,Japan,pinnacle,Pinnacle,2026-06-28T01:42:09Z,totals,2026-06-28T01:42:09Z,Over,2.08,2.5
4f3d72fba877939d36a5315618184093,2026-06-29T17:00:00Z,Brazil,Japan,pinnacle,Pinnacle,2026-06-28T01:42:09Z,totals,2026-06-28T01:42:09Z,Under,1.83,2.5
4f3d72fba877939d36a5315618184093,2026-06-29T17:00:00Z,Brazil,Japan,everygame,Everygame,2026-06-28T01:41:26Z,h2h,2026-06-28T01:41:26Z,Brazil,1.67,
4f3d72fba877939d36a5315618184093,2026-06-29T17:00:00Z,Brazil,Japan,everygame,Everygame,2026-06-28T01:41:26Z,h2h,2026-06-28T01:41:26Z,Japan,5.25,
4f3d72fba877939d36a5315618184093,2026-06-29T17:00:00Z,Brazil,Japan,everygame,Everygame,2026-06-28T01:41:26Z,h2h,2026-06-28T01:41:26Z,Draw,3.85,
4f3d72fba877939d36a5315618184093,2026-06-29T17:00:00Z,Brazil,Japan,codere_it,Codere (IT),2026-06-28T01:41:58Z,h2h,2026-06-28T01:41:58Z,Brazil,1.69,
4f3d72fba877939d36a5315618184093,2026-06-29T17:00:00Z,Brazil,Japan,codere_it,Codere (IT),2026-06-28T01:41:58Z,h2h,2026-06-28T01:41:58Z,Japan,5.2,
4f3d72fba877939d36a5315618184093,2026-06-29T17:00:00Z,Brazil,Japan,codere_it,Codere (IT),2026-06-28T01:41:58Z,h2h,2026-06-28T01:41:58Z,Draw,3.8,
4f3d72fba877939d36a5315618184093,2026-06-29T17:00:00Z,Brazil,Japan,codere_it,Codere (IT),2026-06-28T01:41:58Z,totals,2026-06-28T01:41:58Z,Over,1.97,2.5
4f3d72fba877939d36a5315618184093,2026-06-29T17:00:00Z,Brazil,Japan,codere_it,Codere (IT),2026-06-28T01:41:58Z,totals,2026-06-28T01:41:58Z,Under,1.72,2.5
4f3d72fba877939d36a5315618184093,2026-06-29T17:00:00Z,Brazil,Japan,nordicbet,Nordic Bet,2026-06-28T01:42:22Z,h2h,2026-06-28T01:42:22Z,Brazil,1.72,
4f3d72fba877939d36a5315618184093,2026-06-29T17:00:00Z,Brazil,Japan,nordicbet,Nordic Bet,2026-06-28T01:42:22Z,h2h,2026-06-28T01:42:22Z,Japan,5.25,
4f3d72fba877939d36a5315618184093,2026-06-29T17:00:00Z,Brazil,Japan,nordicbet,Nordic Bet,2026-06-28T01:42:22Z,h2h,2026-06-28T01:42:22Z,Draw,3.8,
4f3d72fba877939d36a5315618184093,2026-06-29T17:00:00Z,Brazil,Japan,nordicbet,Nordic Bet,2026-06-28T01:42:22Z,totals,2026-06-28T01:42:22Z,Over,2.05,2.5
4f3d72fba877939d36a5315618184093,2026-06-29T17:00:00Z,Brazil,Japan,nordicbet,Nordic Bet,2026-06-28T01:42:22Z,totals,2026-06-28T01:42:22Z,Under,1.78,2.5
4f3d72fba877939d36a5315618184093,2026-06-29T17:00:00Z,Brazil,Japan,betsson,Betsson,2026-06-28T01:42:10Z,h2h,2026-06-28T01:42:10Z,Brazil,1.72,
4f3d72fba877939d36a5315618184093,2026-06-29T17:00:00Z,Brazil,Japan,betsson,Betsson,2026-06-28T01:42:10Z,h2h,2026-06-28T01:42:10Z,Japan,5.25,
4f3d72fba877939d36a5315618184093,2026-06-29T17:00:00Z,Brazil,Japan,betsson,Betsson,2026-06-28T01:42:10Z,h2h,2026-06-28T01:42:10Z,Draw,3.8,
4f3d72fba877939d36a5315618184093,2026-06-29T17:00:00Z,Brazil,Japan,betsson,Betsson,2026-06-28T01:42:10Z,totals,2026-06-28T01:42:10Z,Over,2.05,2.5
4f3d72fba877939d36a5315618184093,2026-06-29T17:00:00Z,Brazil,Japan,betsson,Betsson,2026-06-28T01:42:10Z,totals,2026-06-28T01:42:10Z,Under,1.78,2.5
4f3d72fba877939d36a5315618184093,2026-06-29T17:00:00Z,Brazil,Japan,betanysports,BetAnything,2026-06-28T01:42:12Z,h2h,2026-06-28T01:42:12Z,Brazil,1.7,
4f3d72fba877939d36a5315618184093,2026-06-29T17:00:00Z,Brazil,Japan,betanysports,BetAnything,2026-06-28T01:42:12Z,h2h,2026-06-28T01:42:12Z,Japan,5.0,
4f3d72fba877939d36a5315618184093,2026-06-29T17:00:00Z,Brazil,Japan,betanysports,BetAnything,2026-06-28T01:42:12Z,h2h,2026-06-28T01:42:12Z,Draw,3.85,
4f3d72fba877939d36a5315618184093,2026-06-29T17:00:00Z,Brazil,Japan,betanysports,BetAnything,2026-06-28T01:42:12Z,spreads,2026-06-28T01:42:12Z,Brazil,2.3,-1.0
4f3d72fba877939d36a5315618184093,2026-06-29T17:00:00Z,Brazil,Japan,betanysports,BetAnything,2026-06-28T01:42:12Z,spreads,2026-06-28T01:42:12Z,Japan,1.67,1.0
4f3d72fba877939d36a5315618184093,2026-06-29T17:00:00Z,Brazil,Japan,betanysports,BetAnything,2026-06-28T01:42:12Z,totals,2026-06-28T01:42:12Z,Over,2.9,3.0
4f3d72fba877939d36a5315618184093,2026-06-29T17:00:00Z,Brazil,Japan,betanysports,BetAnything,2026-06-28T01:42:12Z,totals,2026-06-28T01:42:12Z,Under,1.42,3.0
4f3d72fba877939d36a5315618184093,2026-06-29T17:00:00Z,Brazil,Japan,betonlineag,BetOnline.ag,2026-06-28T01:41:46Z,h2h,2026-06-28T01:41:46Z,Brazil,1.7,
4f3d72fba877939d36a5315618184093,2026-06-29T17:00:00Z,Brazil,Japan,betonlineag,BetOnline.ag,2026-06-28T01:41:46Z,h2h,2026-06-28T01:41:46Z,Japan,5.5,
4f3d72fba877939d36a5315618184093,2026-06-29T17:00:00Z,Brazil,Japan,betonlineag,BetOnline.ag,2026-06-28T01:41:46Z,h2h,2026-06-28T01:41:46Z,Draw,3.85,
4f3d72fba877939d36a5315618184093,2026-06-29T17:00:00Z,Brazil,Japan,betonlineag,BetOnline.ag,2026-06-28T01:41:46Z,spreads,2026-06-28T01:41:46Z,Brazil,1.7,-0.5
4f3d72fba877939d36a5315618184093,2026-06-29T17:00:00Z,Brazil,Japan,betonlineag,BetOnline.ag,2026-06-28T01:41:46Z,spreads,2026-06-28T01:41:46Z,Japan,2.26,0.5
4f3d72fba877939d36a5315618184093,2026-06-29T17:00:00Z,Brazil,Japan,betonlineag,BetOnline.ag,2026-06-28T01:41:46Z,totals,2026-06-28T01:41:46Z,Over,2.06,2.5
4f3d72fba877939d36a5315618184093,2026-06-29T17:00:00Z,Brazil,Japan,betonlineag,BetOnline.ag,2026-06-28T01:41:46Z,totals,2026-06-28T01:41:46Z,Under,1.82,2.5
4930db8e83436874d09e59bd0e29c1a5,2026-06-29T20:30:00Z,Germany,Paraguay,tipico_de,Tipico,2026-06-28T01:42:09Z,h2h,2026-06-28T01:42:09Z,Germany,1.35,
4930db8e83436874d09e59bd0e29c1a5,2026-06-29T20:30:00Z,Germany,Paraguay,tipico_de,Tipico,2026-06-28T01:42:09Z,h2h,2026-06-28T01:42:09Z,Paraguay,8.2,
4930db8e83436874d09e59bd0e29c1a5,2026-06-29T20:30:00Z,Germany,Paraguay,tipico_de,Tipico,2026-06-28T01:42:09Z,h2h,2026-06-28T01:42:09Z,Draw,5.3,
4930db8e83436874d09e59bd0e29c1a5,2026-06-29T20:30:00Z,Germany,Paraguay,unibet_fr,Unibet (FR),2026-06-28T01:42:10Z,h2h,2026-06-28T01:42:10Z,Germany,1.34,
4930db8e83436874d09e59bd0e29c1a5,2026-06-29T20:30:00Z,Germany,Paraguay,unibet_fr,Unibet (FR),2026-06-28T01:42:10Z,h2h,2026-06-28T01:42:10Z,Paraguay,9.5,
4930db8e83436874d09e59bd0e29c1a5,2026-06-29T20:30:00Z,Germany,Paraguay,unibet_fr,Unibet (FR),2026-06-28T01:42:10Z,h2h,2026-06-28T01:42:10Z,Draw,5.2,
4930db8e83436874d09e59bd0e29c1a5,2026-06-29T20:30:00Z,Germany,Paraguay,pmu_fr,PMU (FR),2026-06-28T01:42:10Z,h2h,2026-06-28T01:42:10Z,Germany,1.35,
4930db8e83436874d09e59bd0e29c1a5,2026-06-29T20:30:00Z,Germany,Paraguay,pmu_fr,PMU (FR),2026-06-28T01:42:10Z,h2h,2026-06-28T01:42:10Z,Paraguay,8.5,
4930db8e83436874d09e59bd0e29c1a5,2026-06-29T20:30:00Z,Germany,Paraguay,pmu_fr,PMU (FR),2026-06-28T01:42:10Z,h2h,2026-06-28T01:42:10Z,Draw,4.7,
4930db8e83436874d09e59bd0e29c1a5,2026-06-29T20:30:00Z,Germany,Paraguay,pmu_fr,PMU (FR),2026-06-28T01:42:10Z,totals,2026-06-28T01:42:10Z,Over,1.7,2.5
4930db8e83436874d09e59bd0e29c1a5,2026-06-29T20:30:00Z,Germany,Paraguay,pmu_fr,PMU (FR),2026-06-28T01:42:10Z,totals,2026-06-28T01:42:10Z,Under,2.02,2.5
4930db8e83436874d09e59bd0e29c1a5,2026-06-29T20:30:00Z,Germany,Paraguay,unibet_se,Unibet (SE),2026-06-28T01:42:09Z,h2h,2026-06-28T01:42:09Z,Germany,1.38,
4930db8e83436874d09e59bd0e29c1a5,2026-06-29T20:30:00Z,Germany,Paraguay,unibet_se,Unibet (SE),2026-06-28T01:42:09Z,h2h,2026-06-28T01:42:09Z,Paraguay,10.0,
4930db8e83436874d09e59bd0e29c1a5,2026-06-29T20:30:00Z,Germany,Paraguay,unibet_se,Unibet (SE),2026-06-28T01:42:09Z,h2h,2026-06-28T01:42:09Z,Draw,5.0,
4930db8e83436874d09e59bd0e29c1a5,2026-06-29T20:30:00Z,Germany,Paraguay,unibet_se,Unibet (SE),2026-06-28T01:42:09Z,totals,2026-06-28T01:42:09Z,Over,1.76,2.5
4930db8e83436874d09e59bd0e29c1a5,2026-06-29T20:30:00Z,Germany,Paraguay,unibet_se,Unibet (SE),2026-06-28T01:42:09Z,totals,2026-06-28T01:42:09Z,Under,2.1,2.5
4930db8e83436874d09e59bd0e29c1a5,2026-06-29T20:30:00Z,Germany,Paraguay,unibet_nl,Unibet (NL),2026-06-28T01:42:22Z,h2h,2026-06-28T01:42:21Z,Germany,1.38,
4930db8e83436874d09e59bd0e29c1a5,2026-06-29T20:30:00Z,Germany,Paraguay,unibet_nl,Unibet (NL),2026-06-28T01:42:22Z,h2h,2026-06-28T01:42:21Z,Paraguay,10.0,
4930db8e83436874d09e59bd0e29c1a5,2026-06-29T20:30:00Z,Germany,Paraguay,unibet_nl,Unibet (NL),2026-06-28T01:42:22Z,h2h,2026-06-28T01:42:21Z,Draw,5.0,
4930db8e83436874d09e59bd0e29c1a5,2026-06-29T20:30:00Z,Germany,Paraguay,unibet_nl,Unibet (NL),2026-06-28T01:42:22Z,totals,2026-06-28T01:42:21Z,Over,1.73,2.5
4930db8e83436874d09e59bd0e29c1a5,2026-06-29T20:30:00Z,Germany,Paraguay,unibet_nl,Unibet (NL),2026-06-28T01:42:22Z,totals,2026-06-28T01:42:21Z,Under,2.06,2.5
4930db8e83436874d09e59bd0e29c1a5,2026-06-29T20:30:00Z,Germany,Paraguay,winamax_de,Winamax (DE),2026-06-28T01:42:11Z,h2h,2026-06-28T01:42:11Z,Germany,1.36,
4930db8e83436874d09e59bd0e29c1a5,2026-06-29T20:30:00Z,Germany,Paraguay,winamax_de,Winamax (DE),2026-06-28T01:42:11Z,h2h,2026-06-28T01:42:11Z,Paraguay,7.75,
4930db8e83436874d09e59bd0e29c1a5,2026-06-29T20:30:00Z,Germany,Paraguay,winamax_de,Winamax (DE),2026-06-28T01:42:11Z,h2h,2026-06-28T01:42:11Z,Draw,5.3,
4930db8e83436874d09e59bd0e29c1a5,2026-06-29T20:30:00Z,Germany,Paraguay,leovegas_se,LeoVegas (SE),2026-06-28T01:42:21Z,h2h,2026-06-28T01:42:21Z,Germany,1.36,
4930db8e83436874d09e59bd0e29c1a5,2026-06-29T20:30:00Z,Germany,Paraguay,leovegas_se,LeoVegas (SE),2026-06-28T01:42:21Z,h2h,2026-06-28T01:42:21Z,Paraguay,9.0,
4930db8e83436874d09e59bd0e29c1a5,2026-06-29T20:30:00Z,Germany,Paraguay,leovegas_se,LeoVegas (SE),2026-06-28T01:42:21Z,h2h,2026-06-28T01:42:21Z,Draw,4.8,
4930db8e83436874d09e59bd0e29c1a5,2026-06-29T20:30:00Z,Germany,Paraguay,gtbets,GTbets,2026-06-28T01:41:58Z,h2h,2026-06-28T01:41:58Z,Germany,1.38,
4930db8e83436874d09e59bd0e29c1a5,2026-06-29T20:30:00Z,Germany,Paraguay,gtbets,GTbets,2026-06-28T01:41:58Z,h2h,2026-06-28T01:41:58Z,Paraguay,8.14,
4930db8e83436874d09e59bd0e29c1a5,2026-06-29T20:30:00Z,Germany,Paraguay,gtbets,GTbets,2026-06-28T01:41:58Z,h2h,2026-06-28T01:41:58Z,Draw,4.92,
4930db8e83436874d09e59bd0e29c1a5,2026-06-29T20:30:00Z,Germany,Paraguay,gtbets,GTbets,2026-06-28T01:41:58Z,spreads,2026-06-28T01:41:58Z,Germany,2.11,-1.5
4930db8e83436874d09e59bd0e29c1a5,2026-06-29T20:30:00Z,Germany,Paraguay,gtbets,GTbets,2026-06-28T01:41:58Z,spreads,2026-06-28T01:41:58Z,Paraguay,1.74,1.5
4930db8e83436874d09e59bd0e29c1a5,2026-06-29T20:30:00Z,Germany,Paraguay,gtbets,GTbets,2026-06-28T01:41:58Z,totals,2026-06-28T01:41:58Z,Over,1.75,2.5
4930db8e83436874d09e59bd0e29c1a5,2026-06-29T20:30:00Z,Germany,Paraguay,gtbets,GTbets,2026-06-28T01:41:58Z,totals,2026-06-28T01:41:58Z,Under,2.08,2.5
4930db8e83436874d09e59bd0e29c1a5,2026-06-29T20:30:00Z,Germany,Paraguay,winamax_fr,Winamax (FR),2026-06-28T01:41:59Z,h2h,2026-06-28T01:41:59Z,Germany,1.35,
4930db8e83436874d09e59bd0e29c1a5,2026-06-29T20:30:00Z,Germany,Paraguay,winamax_fr,Winamax (FR),2026-06-28T01:41:59Z,h2h,2026-06-28T01:41:59Z,Paraguay,7.5,
4930db8e83436874d09e59bd0e29c1a5,2026-06-29T20:30:00Z,Germany,Paraguay,winamax_fr,Winamax (FR),2026-06-28T01:41:59Z,h2h,2026-06-28T01:41:59Z,Draw,5.2,
4930db8e83436874d09e59bd0e29c1a5,2026-06-29T20:30:00Z,Germany,Paraguay,mybookieag,MyBookie.ag,2026-06-28T01:41:26Z,h2h,2026-06-28T01:41:26Z,Germany,1.36,
4930db8e83436874d09e59bd0e29c1a5,2026-06-29T20:30:00Z,Germany,Paraguay,mybookieag,MyBookie.ag,2026-06-28T01:41:26Z,h2h,2026-06-28T01:41:26Z,Paraguay,8.2,
4930db8e83436874d09e59bd0e29c1a5,2026-06-29T20:30:00Z,Germany,Paraguay,mybookieag,MyBookie.ag,2026-06-28T01:41:26Z,h2h,2026-06-28T01:41:26Z,Draw,5.0,
4930db8e83436874d09e59bd0e29c1a5,2026-06-29T20:30:00Z,Germany,Paraguay,mybookieag,MyBookie.ag,2026-06-28T01:41:26Z,spreads,2026-06-28T01:41:26Z,Germany,1.97,-1.5
4930db8e83436874d09e59bd0e29c1a5,2026-06-29T20:30:00Z,Germany,Paraguay,mybookieag,MyBookie.ag,2026-06-28T01:41:26Z,spreads,2026-06-28T01:41:26Z,Paraguay,1.75,1.5
4930db8e83436874d09e59bd0e29c1a5,2026-06-29T20:30:00Z,Germany,Paraguay,mybookieag,MyBookie.ag,2026-06-28T01:41:26Z,totals,2026-06-28T01:41:26Z,Over,1.69,2.5
4930db8e83436874d09e59bd0e29c1a5,2026-06-29T20:30:00Z,Germany,Paraguay,mybookieag,MyBookie.ag,2026-06-28T01:41:26Z,totals,2026-06-28T01:41:26Z,Under,2.05,2.5
4930db8e83436874d09e59bd0e29c1a5,2026-06-29T20:30:00Z,Germany,Paraguay,betclic_fr,Betclic (FR),2026-06-28T01:41:02Z,h2h,2026-06-28T01:41:02Z,Germany,1.36,
4930db8e83436874d09e59bd0e29c1a5,2026-06-29T20:30:00Z,Germany,Paraguay,betclic_fr,Betclic (FR),2026-06-28T01:41:02Z,h2h,2026-06-28T01:41:02Z,Paraguay,8.5,
4930db8e83436874d09e59bd0e29c1a5,2026-06-29T20:30:00Z,Germany,Paraguay,betclic_fr,Betclic (FR),2026-06-28T01:41:02Z,h2h,2026-06-28T01:41:02Z,Draw,5.1,
4930db8e83436874d09e59bd0e29c1a5,2026-06-29T20:30:00Z,Germany,Paraguay,onexbet,1xBet,2026-06-28T01:42:09Z,h2h,2026-06-28T01:42:09Z,Germany,1.39,
4930db8e83436874d09e59bd0e29c1a5,2026-06-29T20:30:00Z,Germany,Paraguay,onexbet,1xBet,2026-06-28T01:42:09Z,h2h,2026-06-28T01:42:09Z,Paraguay,9.25,
4930db8e83436874d09e59bd0e29c1a5,2026-06-29T20:30:00Z,Germany,Paraguay,onexbet,1xBet,2026-06-28T01:42:09Z,h2h,2026-06-28T01:42:09Z,Draw,5.28,
4930db8e83436874d09e59bd0e29c1a5,2026-06-29T20:30:00Z,Germany,Paraguay,onexbet,1xBet,2026-06-28T01:42:09Z,spreads,2026-06-28T01:42:09Z,Germany,2.08,-1.5
4930db8e83436874d09e59bd0e29c1a5,2026-06-29T20:30:00Z,Germany,Paraguay,onexbet,1xBet,2026-06-28T01:42:09Z,spreads,2026-06-28T01:42:09Z,Paraguay,1.8,1.5
4930db8e83436874d09e59bd0e29c1a5,2026-06-29T20:30:00Z,Germany,Paraguay,onexbet,1xBet,2026-06-28T01:42:09Z,totals,2026-06-28T01:42:09Z,Over,1.76,2.5
4930db8e83436874d09e59bd0e29c1a5,2026-06-29T20:30:00Z,Germany,Paraguay,onexbet,1xBet,2026-06-28T01:42:09Z,totals,2026-06-28T01:42:09Z,Under,2.14,2.5
4930db8e83436874d09e59bd0e29c1a5,2026-06-29T20:30:00Z,Germany,Paraguay,pinnacle,Pinnacle,2026-06-28T01:42:09Z,h2h,2026-06-28T01:42:09Z,Germany,1.37,
4930db8e83436874d09e59bd0e29c1a5,2026-06-29T20:30:00Z,Germany,Paraguay,pinnacle,Pinnacle,2026-06-28T01:42:09Z,h2h,2026-06-28T01:42:09Z,Paraguay,8.57,
4930db8e83436874d09e59bd0e29c1a5,2026-06-29T20:30:00Z,Germany,Paraguay,pinnacle,Pinnacle,2026-06-28T01:42:09Z,h2h,2026-06-28T01:42:09Z,Draw,5.15,
4930db8e83436874d09e59bd0e29c1a5,2026-06-29T20:30:00Z,Germany,Paraguay,pinnacle,Pinnacle,2026-06-28T01:42:09Z,spreads,2026-06-28T01:42:09Z,Germany,1.85,-1.25
4930db8e83436874d09e59bd0e29c1a5,2026-06-29T20:30:00Z,Germany,Paraguay,pinnacle,Pinnacle,2026-06-28T01:42:09Z,spreads,2026-06-28T01:42:09Z,Paraguay,2.07,1.25
4930db8e83436874d09e59bd0e29c1a5,2026-06-29T20:30:00Z,Germany,Paraguay,pinnacle,Pinnacle,2026-06-28T01:42:09Z,totals,2026-06-28T01:42:09Z,Over,1.95,2.75
4930db8e83436874d09e59bd0e29c1a5,2026-06-29T20:30:00Z,Germany,Paraguay,pinnacle,Pinnacle,2026-06-28T01:42:09Z,totals,2026-06-28T01:42:09Z,Under,1.93,2.75
4930db8e83436874d09e59bd0e29c1a5,2026-06-29T20:30:00Z,Germany,Paraguay,coolbet,Coolbet,2026-06-28T01:42:11Z,h2h,2026-06-28T01:42:11Z,Germany,1.4,
4930db8e83436874d09e59bd0e29c1a5,2026-06-29T20:30:00Z,Germany,Paraguay,coolbet,Coolbet,2026-06-28T01:42:11Z,h2h,2026-06-28T01:42:11Z,Paraguay,8.85,
4930db8e83436874d09e59bd0e29c1a5,2026-06-29T20:30:00Z,Germany,Paraguay,coolbet,Coolbet,2026-06-28T01:42:11Z,h2h,2026-06-28T01:42:11Z,Draw,5.1,
4930db8e83436874d09e59bd0e29c1a5,2026-06-29T20:30:00Z,Germany,Paraguay,coolbet,Coolbet,2026-06-28T01:42:11Z,totals,2026-06-28T01:42:11Z,Over,1.76,2.5
4930db8e83436874d09e59bd0e29c1a5,2026-06-29T20:30:00Z,Germany,Paraguay,coolbet,Coolbet,2026-06-28T01:42:11Z,totals,2026-06-28T01:42:11Z,Under,2.15,2.5
4930db8e83436874d09e59bd0e29c1a5,2026-06-29T20:30:00Z,Germany,Paraguay,matchbook,Matchbook,2026-06-28T01:42:11Z,h2h,2026-06-28T01:42:11Z,Germany,1.39,
4930db8e83436874d09e59bd0e29c1a5,2026-06-29T20:30:00Z,Germany,Paraguay,matchbook,Matchbook,2026-06-28T01:42:11Z,h2h,2026-06-28T01:42:11Z,Paraguay,10.0,
4930db8e83436874d09e59bd0e29c1a5,2026-06-29T20:30:00Z,Germany,Paraguay,matchbook,Matchbook,2026-06-28T01:42:11Z,h2h,2026-06-28T01:42:11Z,Draw,5.3,
4930db8e83436874d09e59bd0e29c1a5,2026-06-29T20:30:00Z,Germany,Paraguay,matchbook,Matchbook,2026-06-28T01:42:11Z,spreads,2026-06-28T01:42:11Z,Germany,2.12,-1.5
4930db8e83436874d09e59bd0e29c1a5,2026-06-29T20:30:00Z,Germany,Paraguay,matchbook,Matchbook,2026-06-28T01:42:11Z,spreads,2026-06-28T01:42:11Z,Paraguay,1.87,1.5
4930db8e83436874d09e59bd0e29c1a5,2026-06-29T20:30:00Z,Germany,Paraguay,sport888,888sport,2026-06-28T01:41:45Z,h2h,2026-06-28T01:41:45Z,Germany,1.33,
4930db8e83436874d09e59bd0e29c1a5,2026-06-29T20:30:00Z,Germany,Paraguay,sport888,888sport,2026-06-28T01:41:45Z,h2h,2026-06-28T01:41:45Z,Paraguay,8.0,
4930db8e83436874d09e59bd0e29c1a5,2026-06-29T20:30:00Z,Germany,Paraguay,sport888,888sport,2026-06-28T01:41:45Z,h2h,2026-06-28T01:41:45Z,Draw,4.6,
4930db8e83436874d09e59bd0e29c1a5,2026-06-29T20:30:00Z,Germany,Paraguay,williamhill,William Hill,2026-06-28T01:41:22Z,h2h,2026-06-28T01:41:22Z,Germany,1.36,
4930db8e83436874d09e59bd0e29c1a5,2026-06-29T20:30:00Z,Germany,Paraguay,williamhill,William Hill,2026-06-28T01:41:22Z,h2h,2026-06-28T01:41:22Z,Paraguay,8.0,
4930db8e83436874d09e59bd0e29c1a5,2026-06-29T20:30:00Z,Germany,Paraguay,williamhill,William Hill,2026-06-28T01:41:22Z,h2h,2026-06-28T01:41:22Z,Draw,4.8,
4930db8e83436874d09e59bd0e29c1a5,2026-06-29T20:30:00Z,Germany,Paraguay,williamhill,William Hill,2026-06-28T01:41:22Z,totals,2026-06-28T01:41:22Z,Over,1.7,2.5
4930db8e83436874d09e59bd0e29c1a5,2026-06-29T20:30:00Z,Germany,Paraguay,williamhill,William Hill,2026-06-28T01:41:22Z,totals,2026-06-28T01:41:22Z,Under,2.05,2.5
4930db8e83436874d09e59bd0e29c1a5,2026-06-29T20:30:00Z,Germany,Paraguay,betfair_ex_eu,Betfair,2026-06-28T01:42:21Z,h2h,2026-06-28T01:42:21Z,Germany,1.39,
4930db8e83436874d09e59bd0e29c1a5,2026-06-29T20:30:00Z,Germany,Paraguay,betfair_ex_eu,Betfair,2026-06-28T01:42:21Z,h2h,2026-06-28T01:42:21Z,Paraguay,10.0,
4930db8e83436874d09e59bd0e29c1a5,2026-06-29T20:30:00Z,Germany,Paraguay,betfair_ex_eu,Betfair,2026-06-28T01:42:21Z,h2h,2026-06-28T01:42:21Z,Draw,5.3,
4930db8e83436874d09e59bd0e29c1a5,2026-06-29T20:30:00Z,Germany,Paraguay,betonlineag,BetOnline.ag,2026-06-28T01:41:46Z,h2h,2026-06-28T01:41:46Z,Germany,1.37,
4930db8e83436874d09e59bd0e29c1a5,2026-06-29T20:30:00Z,Germany,Paraguay,betonlineag,BetOnline.ag,2026-06-28T01:41:46Z,h2h,2026-06-28T01:41:46Z,Paraguay,8.65,
4930db8e83436874d09e59bd0e29c1a5,2026-06-29T20:30:00Z,Germany,Paraguay,betonlineag,BetOnline.ag,2026-06-28T01:41:46Z,h2h,2026-06-28T01:41:46Z,Draw,5.25,
4930db8e83436874d09e59bd0e29c1a5,2026-06-29T20:30:00Z,Germany,Paraguay,betonlineag,BetOnline.ag,2026-06-28T01:41:46Z,spreads,2026-06-28T01:41:46Z,Germany,2.08,-1.5
4930db8e83436874d09e59bd0e29c1a5,2026-06-29T20:30:00Z,Germany,Paraguay,betonlineag,BetOnline.ag,2026-06-28T01:41:46Z,spreads,2026-06-28T01:41:46Z,Paraguay,1.81,1.5
4930db8e83436874d09e59bd0e29c1a5,2026-06-29T20:30:00Z,Germany,Paraguay,betonlineag,BetOnline.ag,2026-06-28T01:41:46Z,totals,2026-06-28T01:41:46Z,Over,1.75,2.5
4930db8e83436874d09e59bd0e29c1a5,2026-06-29T20:30:00Z,Germany,Paraguay,betonlineag,BetOnline.ag,2026-06-28T01:41:46Z,totals,2026-06-28T01:41:46Z,Under,2.17,2.5
4930db8e83436874d09e59bd0e29c1a5,2026-06-29T20:30:00Z,Germany,Paraguay,nordicbet,Nordic Bet,2026-06-28T01:42:22Z,h2h,2026-06-28T01:42:22Z,Germany,1.37,
4930db8e83436874d09e59bd0e29c1a5,2026-06-29T20:30:00Z,Germany,Paraguay,nordicbet,Nordic Bet,2026-06-28T01:42:22Z,h2h,2026-06-28T01:42:22Z,Paraguay,9.5,
4930db8e83436874d09e59bd0e29c1a5,2026-06-29T20:30:00Z,Germany,Paraguay,nordicbet,Nordic Bet,2026-06-28T01:42:22Z,h2h,2026-06-28T01:42:22Z,Draw,4.9,
4930db8e83436874d09e59bd0e29c1a5,2026-06-29T20:30:00Z,Germany,Paraguay,nordicbet,Nordic Bet,2026-06-28T01:42:22Z,totals,2026-06-28T01:42:22Z,Over,1.72,2.5
4930db8e83436874d09e59bd0e29c1a5,2026-06-29T20:30:00Z,Germany,Paraguay,nordicbet,Nordic Bet,2026-06-28T01:42:22Z,totals,2026-06-28T01:42:22Z,Under,2.12,2.5
4930db8e83436874d09e59bd0e29c1a5,2026-06-29T20:30:00Z,Germany,Paraguay,betsson,Betsson,2026-06-28T01:42:10Z,h2h,2026-06-28T01:42:10Z,Germany,1.37,
4930db8e83436874d09e59bd0e29c1a5,2026-06-29T20:30:00Z,Germany,Paraguay,betsson,Betsson,2026-06-28T01:42:10Z,h2h,2026-06-28T01:42:10Z,Paraguay,9.5,
4930db8e83436874d09e59bd0e29c1a5,2026-06-29T20:30:00Z,Germany,Paraguay,betsson,Betsson,2026-06-28T01:42:10Z,h2h,2026-06-28T01:42:10Z,Draw,4.9,
4930db8e83436874d09e59bd0e29c1a5,2026-06-29T20:30:00Z,Germany,Paraguay,betsson,Betsson,2026-06-28T01:42:10Z,totals,2026-06-28T01:42:10Z,Over,1.72,2.5
4930db8e83436874d09e59bd0e29c1a5,2026-06-29T20:30:00Z,Germany,Paraguay,betsson,Betsson,2026-06-28T01:42:10Z,totals,2026-06-28T01:42:10Z,Under,2.12,2.5
4930db8e83436874d09e59bd0e29c1a5,2026-06-29T20:30:00Z,Germany,Paraguay,everygame,Everygame,2026-06-28T01:41:26Z,h2h,2026-06-28T01:41:26Z,Germany,1.36,
4930db8e83436874d09e59bd0e29c1a5,2026-06-29T20:30:00Z,Germany,Paraguay,everygame,Everygame,2026-06-28T01:41:26Z,h2h,2026-06-28T01:41:26Z,Paraguay,8.5,
4930db8e83436874d09e59bd0e29c1a5,2026-06-29T20:30:00Z,Germany,Paraguay,everygame,Everygame,2026-06-28T01:41:26Z,h2h,2026-06-28T01:41:26Z,Draw,5.0,
4930db8e83436874d09e59bd0e29c1a5,2026-06-29T20:30:00Z,Germany,Paraguay,codere_it,Codere (IT),2026-06-28T01:41:58Z,h2h,2026-06-28T01:41:58Z,Germany,1.37,
4930db8e83436874d09e59bd0e29c1a5,2026-06-29T20:30:00Z,Germany,Paraguay,codere_it,Codere (IT),2026-06-28T01:41:58Z,h2h,2026-06-28T01:41:58Z,Paraguay,8.4,
4930db8e83436874d09e59bd0e29c1a5,2026-06-29T20:30:00Z,Germany,Paraguay,codere_it,Codere (IT),2026-06-28T01:41:58Z,h2h,2026-06-28T01:41:58Z,Draw,5.0,
4930db8e83436874d09e59bd0e29c1a5,2026-06-29T20:30:00Z,Germany,Paraguay,codere_it,Codere (IT),2026-06-28T01:41:58Z,totals,2026-06-28T01:41:58Z,Over,1.68,2.5
4930db8e83436874d09e59bd0e29c1a5,2026-06-29T20:30:00Z,Germany,Paraguay,codere_it,Codere (IT),2026-06-28T01:41:58Z,totals,2026-06-28T01:41:58Z,Under,2.02,2.5
4930db8e83436874d09e59bd0e29c1a5,2026-06-29T20:30:00Z,Germany,Paraguay,betanysports,BetAnything,2026-06-28T01:42:12Z,h2h,2026-06-28T01:42:12Z,Germany,1.36,
4930db8e83436874d09e59bd0e29c1a5,2026-06-29T20:30:00Z,Germany,Paraguay,betanysports,BetAnything,2026-06-28T01:42:12Z,h2h,2026-06-28T01:42:12Z,Paraguay,8.25,
4930db8e83436874d09e59bd0e29c1a5,2026-06-29T20:30:00Z,Germany,Paraguay,betanysports,BetAnything,2026-06-28T01:42:12Z,h2h,2026-06-28T01:42:12Z,Draw,5.0,
4930db8e83436874d09e59bd0e29c1a5,2026-06-29T20:30:00Z,Germany,Paraguay,betanysports,BetAnything,2026-06-28T01:42:12Z,spreads,2026-06-28T01:42:12Z,Germany,2.07,-1.5
4930db8e83436874d09e59bd0e29c1a5,2026-06-29T20:30:00Z,Germany,Paraguay,betanysports,BetAnything,2026-06-28T01:42:12Z,spreads,2026-06-28T01:42:12Z,Paraguay,1.79,1.5
4930db8e83436874d09e59bd0e29c1a5,2026-06-29T20:30:00Z,Germany,Paraguay,betanysports,BetAnything,2026-06-28T01:42:12Z,totals,2026-06-28T01:42:12Z,Over,1.36,2.0
4930db8e83436874d09e59bd0e29c1a5,2026-06-29T20:30:00Z,Germany,Paraguay,betanysports,BetAnything,2026-06-28T01:42:12Z,totals,2026-06-28T01:42:12Z,Under,3.15,2.0
