event_id,commence_time,home_team,away_team,game_stage,bookmaker_key,bookmaker,bookmaker_last_update,market,market_last_update,outcome,price,point
16ed3adcf661b3a9bea39871a2d204df,2026-07-06T19:00:00Z,Portugal,Spain,elimination,pmu_fr,PMU (FR),2026-07-06T14:35:07Z,h2h,2026-07-06T14:35:07Z,Portugal,4.1,
16ed3adcf661b3a9bea39871a2d204df,2026-07-06T19:00:00Z,Portugal,Spain,elimination,pmu_fr,PMU (FR),2026-07-06T14:35:07Z,h2h,2026-07-06T14:35:07Z,Spain,1.93,
16ed3adcf661b3a9bea39871a2d204df,2026-07-06T19:00:00Z,Portugal,Spain,elimination,pmu_fr,PMU (FR),2026-07-06T14:35:07Z,h2h,2026-07-06T14:35:07Z,Draw,3.7,
16ed3adcf661b3a9bea39871a2d204df,2026-07-06T19:00:00Z,Portugal,Spain,elimination,pmu_fr,PMU (FR),2026-07-06T14:35:07Z,totals,2026-07-06T14:35:07Z,Over,1.7,2.5
16ed3adcf661b3a9bea39871a2d204df,2026-07-06T19:00:00Z,Portugal,Spain,elimination,pmu_fr,PMU (FR),2026-07-06T14:35:07Z,totals,2026-07-06T14:35:07Z,Under,2.02,2.5
16ed3adcf661b3a9bea39871a2d204df,2026-07-06T19:00:00Z,Portugal,Spain,elimination,unibet_se,Unibet (SE),2026-07-06T14:35:05Z,h2h,2026-07-06T14:35:05Z,Portugal,4.25,
16ed3adcf661b3a9bea39871a2d204df,2026-07-06T19:00:00Z,Portugal,Spain,elimination,unibet_se,Unibet (SE),2026-07-06T14:35:05Z,h2h,2026-07-06T14:35:05Z,Spain,1.93,
16ed3adcf661b3a9bea39871a2d204df,2026-07-06T19:00:00Z,Portugal,Spain,elimination,unibet_se,Unibet (SE),2026-07-06T14:35:05Z,h2h,2026-07-06T14:35:05Z,Draw,3.7,
16ed3adcf661b3a9bea39871a2d204df,2026-07-06T19:00:00Z,Portugal,Spain,elimination,unibet_se,Unibet (SE),2026-07-06T14:35:05Z,totals,2026-07-06T14:35:05Z,Over,1.76,2.5
16ed3adcf661b3a9bea39871a2d204df,2026-07-06T19:00:00Z,Portugal,Spain,elimination,unibet_se,Unibet (SE),2026-07-06T14:35:05Z,totals,2026-07-06T14:35:05Z,Under,2.1,2.5
16ed3adcf661b3a9bea39871a2d204df,2026-07-06T19:00:00Z,Portugal,Spain,elimination,leovegas_se,LeoVegas (SE),2026-07-06T14:35:28Z,h2h,2026-07-06T14:35:28Z,Portugal,4.1,
16ed3adcf661b3a9bea39871a2d204df,2026-07-06T19:00:00Z,Portugal,Spain,elimination,leovegas_se,LeoVegas (SE),2026-07-06T14:35:28Z,h2h,2026-07-06T14:35:28Z,Spain,1.88,
16ed3adcf661b3a9bea39871a2d204df,2026-07-06T19:00:00Z,Portugal,Spain,elimination,leovegas_se,LeoVegas (SE),2026-07-06T14:35:28Z,h2h,2026-07-06T14:35:28Z,Draw,3.6,
16ed3adcf661b3a9bea39871a2d204df,2026-07-06T19:00:00Z,Portugal,Spain,elimination,unibet_nl,Unibet (NL),2026-07-06T14:35:28Z,h2h,2026-07-06T14:35:28Z,Portugal,4.25,
16ed3adcf661b3a9bea39871a2d204df,2026-07-06T19:00:00Z,Portugal,Spain,elimination,unibet_nl,Unibet (NL),2026-07-06T14:35:28Z,h2h,2026-07-06T14:35:28Z,Spain,1.93,
16ed3adcf661b3a9bea39871a2d204df,2026-07-06T19:00:00Z,Portugal,Spain,elimination,unibet_nl,Unibet (NL),2026-07-06T14:35:28Z,h2h,2026-07-06T14:35:28Z,Draw,3.7,
16ed3adcf661b3a9bea39871a2d204df,2026-07-06T19:00:00Z,Portugal,Spain,elimination,unibet_nl,Unibet (NL),2026-07-06T14:35:28Z,totals,2026-07-06T14:35:28Z,Over,1.73,2.5
16ed3adcf661b3a9bea39871a2d204df,2026-07-06T19:00:00Z,Portugal,Spain,elimination,unibet_nl,Unibet (NL),2026-07-06T14:35:28Z,totals,2026-07-06T14:35:28Z,Under,2.06,2.5
16ed3adcf661b3a9bea39871a2d204df,2026-07-06T19:00:00Z,Portugal,Spain,elimination,tipico_de,Tipico,2026-07-06T14:35:06Z,h2h,2026-07-06T14:35:06Z,Portugal,4.2,
16ed3adcf661b3a9bea39871a2d204df,2026-07-06T19:00:00Z,Portugal,Spain,elimination,tipico_de,Tipico,2026-07-06T14:35:06Z,h2h,2026-07-06T14:35:06Z,Spain,1.87,
16ed3adcf661b3a9bea39871a2d204df,2026-07-06T19:00:00Z,Portugal,Spain,elimination,tipico_de,Tipico,2026-07-06T14:35:06Z,h2h,2026-07-06T14:35:06Z,Draw,3.6,
16ed3adcf661b3a9bea39871a2d204df,2026-07-06T19:00:00Z,Portugal,Spain,elimination,sport888,888sport,2026-07-06T14:34:40Z,h2h,2026-07-06T14:34:40Z,Portugal,3.9,
16ed3adcf661b3a9bea39871a2d204df,2026-07-06T19:00:00Z,Portugal,Spain,elimination,sport888,888sport,2026-07-06T14:34:40Z,h2h,2026-07-06T14:34:40Z,Spain,1.85,
16ed3adcf661b3a9bea39871a2d204df,2026-07-06T19:00:00Z,Portugal,Spain,elimination,sport888,888sport,2026-07-06T14:34:40Z,h2h,2026-07-06T14:34:40Z,Draw,3.3,
16ed3adcf661b3a9bea39871a2d204df,2026-07-06T19:00:00Z,Portugal,Spain,elimination,williamhill,William Hill,2026-07-06T14:35:17Z,h2h,2026-07-06T14:35:17Z,Portugal,4.0,
16ed3adcf661b3a9bea39871a2d204df,2026-07-06T19:00:00Z,Portugal,Spain,elimination,williamhill,William Hill,2026-07-06T14:35:17Z,h2h,2026-07-06T14:35:17Z,Spain,1.91,
16ed3adcf661b3a9bea39871a2d204df,2026-07-06T19:00:00Z,Portugal,Spain,elimination,williamhill,William Hill,2026-07-06T14:35:17Z,h2h,2026-07-06T14:35:17Z,Draw,3.4,
16ed3adcf661b3a9bea39871a2d204df,2026-07-06T19:00:00Z,Portugal,Spain,elimination,williamhill,William Hill,2026-07-06T14:35:17Z,totals,2026-07-06T14:35:17Z,Over,1.8,2.5
16ed3adcf661b3a9bea39871a2d204df,2026-07-06T19:00:00Z,Portugal,Spain,elimination,williamhill,William Hill,2026-07-06T14:35:17Z,totals,2026-07-06T14:35:17Z,Under,1.95,2.5
16ed3adcf661b3a9bea39871a2d204df,2026-07-06T19:00:00Z,Portugal,Spain,elimination,marathonbet,Marathon Bet,2026-07-06T14:34:41Z,h2h,2026-07-06T14:34:41Z,Portugal,4.25,
16ed3adcf661b3a9bea39871a2d204df,2026-07-06T19:00:00Z,Portugal,Spain,elimination,marathonbet,Marathon Bet,2026-07-06T14:34:41Z,h2h,2026-07-06T14:34:41Z,Spain,1.9,
16ed3adcf661b3a9bea39871a2d204df,2026-07-06T19:00:00Z,Portugal,Spain,elimination,marathonbet,Marathon Bet,2026-07-06T14:34:41Z,h2h,2026-07-06T14:34:41Z,Draw,3.52,
16ed3adcf661b3a9bea39871a2d204df,2026-07-06T19:00:00Z,Portugal,Spain,elimination,onexbet,1xBet,2026-07-06T14:34:40Z,h2h,2026-07-06T14:34:40Z,Portugal,4.38,
16ed3adcf661b3a9bea39871a2d204df,2026-07-06T19:00:00Z,Portugal,Spain,elimination,onexbet,1xBet,2026-07-06T14:34:40Z,h2h,2026-07-06T14:34:40Z,Spain,1.96,
16ed3adcf661b3a9bea39871a2d204df,2026-07-06T19:00:00Z,Portugal,Spain,elimination,onexbet,1xBet,2026-07-06T14:34:40Z,h2h,2026-07-06T14:34:40Z,Draw,3.62,
16ed3adcf661b3a9bea39871a2d204df,2026-07-06T19:00:00Z,Portugal,Spain,elimination,onexbet,1xBet,2026-07-06T14:34:40Z,spreads,2026-07-06T14:34:40Z,Portugal,3.18,0.0
16ed3adcf661b3a9bea39871a2d204df,2026-07-06T19:00:00Z,Portugal,Spain,elimination,onexbet,1xBet,2026-07-06T14:34:40Z,spreads,2026-07-06T14:34:40Z,Spain,1.39,0.0
16ed3adcf661b3a9bea39871a2d204df,2026-07-06T19:00:00Z,Portugal,Spain,elimination,onexbet,1xBet,2026-07-06T14:34:40Z,totals,2026-07-06T14:34:40Z,Over,1.81,2.5
16ed3adcf661b3a9bea39871a2d204df,2026-07-06T19:00:00Z,Portugal,Spain,elimination,onexbet,1xBet,2026-07-06T14:34:40Z,totals,2026-07-06T14:34:40Z,Under,2.07,2.5
16ed3adcf661b3a9bea39871a2d204df,2026-07-06T19:00:00Z,Portugal,Spain,elimination,pinnacle,Pinnacle,2026-07-06T14:35:15Z,h2h,2026-07-06T14:35:15Z,Portugal,4.31,
16ed3adcf661b3a9bea39871a2d204df,2026-07-06T19:00:00Z,Portugal,Spain,elimination,pinnacle,Pinnacle,2026-07-06T14:35:15Z,h2h,2026-07-06T14:35:15Z,Spain,1.94,
16ed3adcf661b3a9bea39871a2d204df,2026-07-06T19:00:00Z,Portugal,Spain,elimination,pinnacle,Pinnacle,2026-07-06T14:35:15Z,h2h,2026-07-06T14:35:15Z,Draw,3.62,
16ed3adcf661b3a9bea39871a2d204df,2026-07-06T19:00:00Z,Portugal,Spain,elimination,pinnacle,Pinnacle,2026-07-06T14:35:15Z,spreads,2026-07-06T14:35:15Z,Portugal,1.98,0.5
16ed3adcf661b3a9bea39871a2d204df,2026-07-06T19:00:00Z,Portugal,Spain,elimination,pinnacle,Pinnacle,2026-07-06T14:35:15Z,spreads,2026-07-06T14:35:15Z,Spain,1.94,-0.5
16ed3adcf661b3a9bea39871a2d204df,2026-07-06T19:00:00Z,Portugal,Spain,elimination,pinnacle,Pinnacle,2026-07-06T14:35:15Z,totals,2026-07-06T14:35:15Z,Over,1.83,2.5
16ed3adcf661b3a9bea39871a2d204df,2026-07-06T19:00:00Z,Portugal,Spain,elimination,pinnacle,Pinnacle,2026-07-06T14:35:15Z,totals,2026-07-06T14:35:15Z,Under,2.09,2.5
16ed3adcf661b3a9bea39871a2d204df,2026-07-06T19:00:00Z,Portugal,Spain,elimination,unibet_fr,Unibet (FR),2026-07-06T14:34:28Z,h2h,2026-07-06T14:34:28Z,Portugal,4.0,
16ed3adcf661b3a9bea39871a2d204df,2026-07-06T19:00:00Z,Portugal,Spain,elimination,unibet_fr,Unibet (FR),2026-07-06T14:34:28Z,h2h,2026-07-06T14:34:28Z,Spain,1.94,
16ed3adcf661b3a9bea39871a2d204df,2026-07-06T19:00:00Z,Portugal,Spain,elimination,unibet_fr,Unibet (FR),2026-07-06T14:34:28Z,h2h,2026-07-06T14:34:28Z,Draw,3.75,
16ed3adcf661b3a9bea39871a2d204df,2026-07-06T19:00:00Z,Portugal,Spain,elimination,gtbets,GTbets,2026-07-06T14:35:16Z,h2h,2026-07-06T14:35:16Z,Portugal,4.1,
16ed3adcf661b3a9bea39871a2d204df,2026-07-06T19:00:00Z,Portugal,Spain,elimination,gtbets,GTbets,2026-07-06T14:35:16Z,h2h,2026-07-06T14:35:16Z,Spain,1.89,
16ed3adcf661b3a9bea39871a2d204df,2026-07-06T19:00:00Z,Portugal,Spain,elimination,gtbets,GTbets,2026-07-06T14:35:16Z,h2h,2026-07-06T14:35:16Z,Draw,3.59,
16ed3adcf661b3a9bea39871a2d204df,2026-07-06T19:00:00Z,Portugal,Spain,elimination,gtbets,GTbets,2026-07-06T14:35:16Z,spreads,2026-07-06T14:35:16Z,Portugal,1.88,0.5
16ed3adcf661b3a9bea39871a2d204df,2026-07-06T19:00:00Z,Portugal,Spain,elimination,gtbets,GTbets,2026-07-06T14:35:16Z,spreads,2026-07-06T14:35:16Z,Spain,1.93,-0.5
16ed3adcf661b3a9bea39871a2d204df,2026-07-06T19:00:00Z,Portugal,Spain,elimination,gtbets,GTbets,2026-07-06T14:35:16Z,totals,2026-07-06T14:35:16Z,Over,1.82,2.5
16ed3adcf661b3a9bea39871a2d204df,2026-07-06T19:00:00Z,Portugal,Spain,elimination,gtbets,GTbets,2026-07-06T14:35:16Z,totals,2026-07-06T14:35:16Z,Under,2.03,2.5
16ed3adcf661b3a9bea39871a2d204df,2026-07-06T19:00:00Z,Portugal,Spain,elimination,matchbook,Matchbook,2026-07-06T14:35:28Z,h2h,2026-07-06T14:35:28Z,Portugal,4.4,
16ed3adcf661b3a9bea39871a2d204df,2026-07-06T19:00:00Z,Portugal,Spain,elimination,matchbook,Matchbook,2026-07-06T14:35:28Z,h2h,2026-07-06T14:35:28Z,Spain,1.98,
16ed3adcf661b3a9bea39871a2d204df,2026-07-06T19:00:00Z,Portugal,Spain,elimination,matchbook,Matchbook,2026-07-06T14:35:28Z,h2h,2026-07-06T14:35:28Z,Draw,3.65,
16ed3adcf661b3a9bea39871a2d204df,2026-07-06T19:00:00Z,Portugal,Spain,elimination,matchbook,Matchbook,2026-07-06T14:35:28Z,spreads,2026-07-06T14:35:28Z,Portugal,2.02,0.5
16ed3adcf661b3a9bea39871a2d204df,2026-07-06T19:00:00Z,Portugal,Spain,elimination,matchbook,Matchbook,2026-07-06T14:35:28Z,spreads,2026-07-06T14:35:28Z,Spain,1.98,-0.5
16ed3adcf661b3a9bea39871a2d204df,2026-07-06T19:00:00Z,Portugal,Spain,elimination,codere_it,Codere (IT),2026-07-06T14:34:40Z,h2h,2026-07-06T14:34:40Z,Portugal,4.1,
16ed3adcf661b3a9bea39871a2d204df,2026-07-06T19:00:00Z,Portugal,Spain,elimination,codere_it,Codere (IT),2026-07-06T14:34:40Z,h2h,2026-07-06T14:34:40Z,Spain,1.9,
16ed3adcf661b3a9bea39871a2d204df,2026-07-06T19:00:00Z,Portugal,Spain,elimination,codere_it,Codere (IT),2026-07-06T14:34:40Z,h2h,2026-07-06T14:34:40Z,Draw,3.6,
16ed3adcf661b3a9bea39871a2d204df,2026-07-06T19:00:00Z,Portugal,Spain,elimination,codere_it,Codere (IT),2026-07-06T14:34:40Z,totals,2026-07-06T14:34:40Z,Over,1.73,2.5
16ed3adcf661b3a9bea39871a2d204df,2026-07-06T19:00:00Z,Portugal,Spain,elimination,codere_it,Codere (IT),2026-07-06T14:34:40Z,totals,2026-07-06T14:34:40Z,Under,1.95,2.5
16ed3adcf661b3a9bea39871a2d204df,2026-07-06T19:00:00Z,Portugal,Spain,elimination,mybookieag,MyBookie.ag,2026-07-06T14:34:05Z,h2h,2026-07-06T14:34:05Z,Portugal,4.0,
16ed3adcf661b3a9bea39871a2d204df,2026-07-06T19:00:00Z,Portugal,Spain,elimination,mybookieag,MyBookie.ag,2026-07-06T14:34:05Z,h2h,2026-07-06T14:34:05Z,Spain,1.88,
16ed3adcf661b3a9bea39871a2d204df,2026-07-06T19:00:00Z,Portugal,Spain,elimination,mybookieag,MyBookie.ag,2026-07-06T14:34:05Z,h2h,2026-07-06T14:34:05Z,Draw,3.55,
16ed3adcf661b3a9bea39871a2d204df,2026-07-06T19:00:00Z,Portugal,Spain,elimination,mybookieag,MyBookie.ag,2026-07-06T14:34:05Z,spreads,2026-07-06T14:34:05Z,Portugal,1.93,0.5
16ed3adcf661b3a9bea39871a2d204df,2026-07-06T19:00:00Z,Portugal,Spain,elimination,mybookieag,MyBookie.ag,2026-07-06T14:34:05Z,spreads,2026-07-06T14:34:05Z,Spain,1.88,-0.5
16ed3adcf661b3a9bea39871a2d204df,2026-07-06T19:00:00Z,Portugal,Spain,elimination,mybookieag,MyBookie.ag,2026-07-06T14:34:05Z,totals,2026-07-06T14:34:05Z,Over,1.79,2.5
16ed3adcf661b3a9bea39871a2d204df,2026-07-06T19:00:00Z,Portugal,Spain,elimination,mybookieag,MyBookie.ag,2026-07-06T14:34:05Z,totals,2026-07-06T14:34:05Z,Under,2.03,2.5
16ed3adcf661b3a9bea39871a2d204df,2026-07-06T19:00:00Z,Portugal,Spain,elimination,betfair_ex_eu,Betfair,2026-07-06T14:35:27Z,h2h,2026-07-06T14:35:27Z,Portugal,4.4,
16ed3adcf661b3a9bea39871a2d204df,2026-07-06T19:00:00Z,Portugal,Spain,elimination,betfair_ex_eu,Betfair,2026-07-06T14:35:27Z,h2h,2026-07-06T14:35:27Z,Spain,1.97,
16ed3adcf661b3a9bea39871a2d204df,2026-07-06T19:00:00Z,Portugal,Spain,elimination,betfair_ex_eu,Betfair,2026-07-06T14:35:27Z,h2h,2026-07-06T14:35:27Z,Draw,3.65,
16ed3adcf661b3a9bea39871a2d204df,2026-07-06T19:00:00Z,Portugal,Spain,elimination,coolbet,Coolbet,2026-07-06T14:26:28Z,h2h,2026-07-06T14:26:28Z,Portugal,4.3,
16ed3adcf661b3a9bea39871a2d204df,2026-07-06T19:00:00Z,Portugal,Spain,elimination,coolbet,Coolbet,2026-07-06T14:26:28Z,h2h,2026-07-06T14:26:28Z,Spain,1.94,
16ed3adcf661b3a9bea39871a2d204df,2026-07-06T19:00:00Z,Portugal,Spain,elimination,coolbet,Coolbet,2026-07-06T14:26:28Z,h2h,2026-07-06T14:26:28Z,Draw,3.65,
16ed3adcf661b3a9bea39871a2d204df,2026-07-06T19:00:00Z,Portugal,Spain,elimination,coolbet,Coolbet,2026-07-06T14:26:28Z,totals,2026-07-06T14:26:28Z,Over,1.82,2.5
16ed3adcf661b3a9bea39871a2d204df,2026-07-06T19:00:00Z,Portugal,Spain,elimination,coolbet,Coolbet,2026-07-06T14:26:28Z,totals,2026-07-06T14:26:28Z,Under,2.06,2.5
16ed3adcf661b3a9bea39871a2d204df,2026-07-06T19:00:00Z,Portugal,Spain,elimination,winamax_de,Winamax (DE),2026-07-06T14:35:31Z,h2h,2026-07-06T14:35:31Z,Portugal,4.1,
16ed3adcf661b3a9bea39871a2d204df,2026-07-06T19:00:00Z,Portugal,Spain,elimination,winamax_de,Winamax (DE),2026-07-06T14:35:31Z,h2h,2026-07-06T14:35:31Z,Spain,1.9,
16ed3adcf661b3a9bea39871a2d204df,2026-07-06T19:00:00Z,Portugal,Spain,elimination,winamax_de,Winamax (DE),2026-07-06T14:35:31Z,h2h,2026-07-06T14:35:31Z,Draw,3.65,
16ed3adcf661b3a9bea39871a2d204df,2026-07-06T19:00:00Z,Portugal,Spain,elimination,winamax_fr,Winamax (FR),2026-07-06T14:35:06Z,h2h,2026-07-06T14:35:06Z,Portugal,4.0,
16ed3adcf661b3a9bea39871a2d204df,2026-07-06T19:00:00Z,Portugal,Spain,elimination,winamax_fr,Winamax (FR),2026-07-06T14:35:06Z,h2h,2026-07-06T14:35:06Z,Spain,1.88,
16ed3adcf661b3a9bea39871a2d204df,2026-07-06T19:00:00Z,Portugal,Spain,elimination,winamax_fr,Winamax (FR),2026-07-06T14:35:06Z,h2h,2026-07-06T14:35:06Z,Draw,3.6,
16ed3adcf661b3a9bea39871a2d204df,2026-07-06T19:00:00Z,Portugal,Spain,elimination,nordicbet,Nordic Bet,2026-07-06T14:35:04Z,h2h,2026-07-06T14:35:04Z,Portugal,4.2,
16ed3adcf661b3a9bea39871a2d204df,2026-07-06T19:00:00Z,Portugal,Spain,elimination,nordicbet,Nordic Bet,2026-07-06T14:35:04Z,h2h,2026-07-06T14:35:04Z,Spain,1.95,
16ed3adcf661b3a9bea39871a2d204df,2026-07-06T19:00:00Z,Portugal,Spain,elimination,nordicbet,Nordic Bet,2026-07-06T14:35:04Z,h2h,2026-07-06T14:35:04Z,Draw,3.6,
16ed3adcf661b3a9bea39871a2d204df,2026-07-06T19:00:00Z,Portugal,Spain,elimination,nordicbet,Nordic Bet,2026-07-06T14:35:04Z,totals,2026-07-06T14:35:04Z,Over,1.8,2.5
16ed3adcf661b3a9bea39871a2d204df,2026-07-06T19:00:00Z,Portugal,Spain,elimination,nordicbet,Nordic Bet,2026-07-06T14:35:04Z,totals,2026-07-06T14:35:04Z,Under,2.05,2.5
16ed3adcf661b3a9bea39871a2d204df,2026-07-06T19:00:00Z,Portugal,Spain,elimination,betsson,Betsson,2026-07-06T14:34:41Z,h2h,2026-07-06T14:34:41Z,Portugal,4.2,
16ed3adcf661b3a9bea39871a2d204df,2026-07-06T19:00:00Z,Portugal,Spain,elimination,betsson,Betsson,2026-07-06T14:34:41Z,h2h,2026-07-06T14:34:41Z,Spain,1.95,
16ed3adcf661b3a9bea39871a2d204df,2026-07-06T19:00:00Z,Portugal,Spain,elimination,betsson,Betsson,2026-07-06T14:34:41Z,h2h,2026-07-06T14:34:41Z,Draw,3.6,
16ed3adcf661b3a9bea39871a2d204df,2026-07-06T19:00:00Z,Portugal,Spain,elimination,betsson,Betsson,2026-07-06T14:34:41Z,totals,2026-07-06T14:34:41Z,Over,1.8,2.5
16ed3adcf661b3a9bea39871a2d204df,2026-07-06T19:00:00Z,Portugal,Spain,elimination,betsson,Betsson,2026-07-06T14:34:41Z,totals,2026-07-06T14:34:41Z,Under,2.05,2.5
16ed3adcf661b3a9bea39871a2d204df,2026-07-06T19:00:00Z,Portugal,Spain,elimination,betonlineag,BetOnline.ag,2026-07-06T14:34:41Z,h2h,2026-07-06T14:34:41Z,Portugal,4.31,
16ed3adcf661b3a9bea39871a2d204df,2026-07-06T19:00:00Z,Portugal,Spain,elimination,betonlineag,BetOnline.ag,2026-07-06T14:34:41Z,h2h,2026-07-06T14:34:41Z,Spain,1.93,
16ed3adcf661b3a9bea39871a2d204df,2026-07-06T19:00:00Z,Portugal,Spain,elimination,betonlineag,BetOnline.ag,2026-07-06T14:34:41Z,h2h,2026-07-06T14:34:41Z,Draw,3.58,
16ed3adcf661b3a9bea39871a2d204df,2026-07-06T19:00:00Z,Portugal,Spain,elimination,betonlineag,BetOnline.ag,2026-07-06T14:34:41Z,spreads,2026-07-06T14:34:41Z,Portugal,1.93,0.5
16ed3adcf661b3a9bea39871a2d204df,2026-07-06T19:00:00Z,Portugal,Spain,elimination,betonlineag,BetOnline.ag,2026-07-06T14:34:41Z,spreads,2026-07-06T14:34:41Z,Spain,1.93,-0.5
16ed3adcf661b3a9bea39871a2d204df,2026-07-06T19:00:00Z,Portugal,Spain,elimination,betonlineag,BetOnline.ag,2026-07-06T14:34:41Z,totals,2026-07-06T14:34:41Z,Over,1.8,2.5
16ed3adcf661b3a9bea39871a2d204df,2026-07-06T19:00:00Z,Portugal,Spain,elimination,betonlineag,BetOnline.ag,2026-07-06T14:34:41Z,totals,2026-07-06T14:34:41Z,Under,2.09,2.5
16ed3adcf661b3a9bea39871a2d204df,2026-07-06T19:00:00Z,Portugal,Spain,elimination,everygame,Everygame,2026-07-06T14:34:29Z,h2h,2026-07-06T14:34:29Z,Portugal,4.2,
16ed3adcf661b3a9bea39871a2d204df,2026-07-06T19:00:00Z,Portugal,Spain,elimination,everygame,Everygame,2026-07-06T14:34:29Z,h2h,2026-07-06T14:34:29Z,Spain,1.9,
16ed3adcf661b3a9bea39871a2d204df,2026-07-06T19:00:00Z,Portugal,Spain,elimination,everygame,Everygame,2026-07-06T14:34:29Z,h2h,2026-07-06T14:34:29Z,Draw,3.5,
16ed3adcf661b3a9bea39871a2d204df,2026-07-06T19:00:00Z,Portugal,Spain,elimination,betanysports,BetAnything,2026-07-06T14:35:30Z,h2h,2026-07-06T14:35:29Z,Portugal,4.15,
16ed3adcf661b3a9bea39871a2d204df,2026-07-06T19:00:00Z,Portugal,Spain,elimination,betanysports,BetAnything,2026-07-06T14:35:30Z,h2h,2026-07-06T14:35:29Z,Spain,1.91,
16ed3adcf661b3a9bea39871a2d204df,2026-07-06T19:00:00Z,Portugal,Spain,elimination,betanysports,BetAnything,2026-07-06T14:35:30Z,h2h,2026-07-06T14:35:29Z,Draw,3.65,
16ed3adcf661b3a9bea39871a2d204df,2026-07-06T19:00:00Z,Portugal,Spain,elimination,betanysports,BetAnything,2026-07-06T14:35:30Z,spreads,2026-07-06T14:35:29Z,Portugal,1.91,0.5
16ed3adcf661b3a9bea39871a2d204df,2026-07-06T19:00:00Z,Portugal,Spain,elimination,betanysports,BetAnything,2026-07-06T14:35:30Z,spreads,2026-07-06T14:35:29Z,Spain,1.91,-0.5
16ed3adcf661b3a9bea39871a2d204df,2026-07-06T19:00:00Z,Portugal,Spain,elimination,betanysports,BetAnything,2026-07-06T14:35:30Z,totals,2026-07-06T14:35:29Z,Over,3.05,3.5
16ed3adcf661b3a9bea39871a2d204df,2026-07-06T19:00:00Z,Portugal,Spain,elimination,betanysports,BetAnything,2026-07-06T14:35:30Z,totals,2026-07-06T14:35:29Z,Under,1.39,3.5
810f80b3ae79f5e86b3747ca15718ed8,2026-07-07T00:00:00Z,USA,Belgium,elimination,leovegas_se,LeoVegas (SE),2026-07-06T14:35:28Z,h2h,2026-07-06T14:35:28Z,Belgium,2.8,
810f80b3ae79f5e86b3747ca15718ed8,2026-07-07T00:00:00Z,USA,Belgium,elimination,leovegas_se,LeoVegas (SE),2026-07-06T14:35:28Z,h2h,2026-07-06T14:35:28Z,USA,2.5,
810f80b3ae79f5e86b3747ca15718ed8,2026-07-07T00:00:00Z,USA,Belgium,elimination,leovegas_se,LeoVegas (SE),2026-07-06T14:35:28Z,h2h,2026-07-06T14:35:28Z,Draw,3.35,
810f80b3ae79f5e86b3747ca15718ed8,2026-07-07T00:00:00Z,USA,Belgium,elimination,pmu_fr,PMU (FR),2026-07-06T14:35:07Z,h2h,2026-07-06T14:35:07Z,Belgium,2.75,
810f80b3ae79f5e86b3747ca15718ed8,2026-07-07T00:00:00Z,USA,Belgium,elimination,pmu_fr,PMU (FR),2026-07-06T14:35:07Z,h2h,2026-07-06T14:35:07Z,USA,2.55,
810f80b3ae79f5e86b3747ca15718ed8,2026-07-07T00:00:00Z,USA,Belgium,elimination,pmu_fr,PMU (FR),2026-07-06T14:35:07Z,h2h,2026-07-06T14:35:07Z,Draw,3.45,
810f80b3ae79f5e86b3747ca15718ed8,2026-07-07T00:00:00Z,USA,Belgium,elimination,pmu_fr,PMU (FR),2026-07-06T14:35:07Z,totals,2026-07-06T14:35:07Z,Over,1.64,2.5
810f80b3ae79f5e86b3747ca15718ed8,2026-07-07T00:00:00Z,USA,Belgium,elimination,pmu_fr,PMU (FR),2026-07-06T14:35:07Z,totals,2026-07-06T14:35:07Z,Under,2.1,2.5
810f80b3ae79f5e86b3747ca15718ed8,2026-07-07T00:00:00Z,USA,Belgium,elimination,unibet_se,Unibet (SE),2026-07-06T14:35:05Z,h2h,2026-07-06T14:35:05Z,Belgium,2.88,
810f80b3ae79f5e86b3747ca15718ed8,2026-07-07T00:00:00Z,USA,Belgium,elimination,unibet_se,Unibet (SE),2026-07-06T14:35:05Z,h2h,2026-07-06T14:35:05Z,USA,2.55,
810f80b3ae79f5e86b3747ca15718ed8,2026-07-07T00:00:00Z,USA,Belgium,elimination,unibet_se,Unibet (SE),2026-07-06T14:35:05Z,h2h,2026-07-06T14:35:05Z,Draw,3.45,
810f80b3ae79f5e86b3747ca15718ed8,2026-07-07T00:00:00Z,USA,Belgium,elimination,unibet_se,Unibet (SE),2026-07-06T14:35:05Z,totals,2026-07-06T14:35:05Z,Over,1.7,2.5
810f80b3ae79f5e86b3747ca15718ed8,2026-07-07T00:00:00Z,USA,Belgium,elimination,unibet_se,Unibet (SE),2026-07-06T14:35:05Z,totals,2026-07-06T14:35:05Z,Under,2.18,2.5
810f80b3ae79f5e86b3747ca15718ed8,2026-07-07T00:00:00Z,USA,Belgium,elimination,unibet_nl,Unibet (NL),2026-07-06T14:35:28Z,h2h,2026-07-06T14:35:28Z,Belgium,2.88,
810f80b3ae79f5e86b3747ca15718ed8,2026-07-07T00:00:00Z,USA,Belgium,elimination,unibet_nl,Unibet (NL),2026-07-06T14:35:28Z,h2h,2026-07-06T14:35:28Z,USA,2.55,
810f80b3ae79f5e86b3747ca15718ed8,2026-07-07T00:00:00Z,USA,Belgium,elimination,unibet_nl,Unibet (NL),2026-07-06T14:35:28Z,h2h,2026-07-06T14:35:28Z,Draw,3.45,
810f80b3ae79f5e86b3747ca15718ed8,2026-07-07T00:00:00Z,USA,Belgium,elimination,unibet_nl,Unibet (NL),2026-07-06T14:35:28Z,totals,2026-07-06T14:35:28Z,Over,1.67,2.5
810f80b3ae79f5e86b3747ca15718ed8,2026-07-07T00:00:00Z,USA,Belgium,elimination,unibet_nl,Unibet (NL),2026-07-06T14:35:28Z,totals,2026-07-06T14:35:28Z,Under,2.15,2.5
810f80b3ae79f5e86b3747ca15718ed8,2026-07-07T00:00:00Z,USA,Belgium,elimination,unibet_fr,Unibet (FR),2026-07-06T14:34:28Z,h2h,2026-07-06T14:34:28Z,Belgium,2.8,
810f80b3ae79f5e86b3747ca15718ed8,2026-07-07T00:00:00Z,USA,Belgium,elimination,unibet_fr,Unibet (FR),2026-07-06T14:34:28Z,h2h,2026-07-06T14:34:28Z,USA,2.55,
810f80b3ae79f5e86b3747ca15718ed8,2026-07-07T00:00:00Z,USA,Belgium,elimination,unibet_fr,Unibet (FR),2026-07-06T14:34:28Z,h2h,2026-07-06T14:34:28Z,Draw,3.55,
810f80b3ae79f5e86b3747ca15718ed8,2026-07-07T00:00:00Z,USA,Belgium,elimination,tipico_de,Tipico,2026-07-06T14:35:06Z,h2h,2026-07-06T14:35:06Z,Belgium,2.9,
810f80b3ae79f5e86b3747ca15718ed8,2026-07-07T00:00:00Z,USA,Belgium,elimination,tipico_de,Tipico,2026-07-06T14:35:06Z,h2h,2026-07-06T14:35:06Z,USA,2.4,
810f80b3ae79f5e86b3747ca15718ed8,2026-07-07T00:00:00Z,USA,Belgium,elimination,tipico_de,Tipico,2026-07-06T14:35:06Z,h2h,2026-07-06T14:35:06Z,Draw,3.5,
810f80b3ae79f5e86b3747ca15718ed8,2026-07-07T00:00:00Z,USA,Belgium,elimination,mybookieag,MyBookie.ag,2026-07-06T14:34:05Z,h2h,2026-07-06T14:34:05Z,Belgium,2.78,
810f80b3ae79f5e86b3747ca15718ed8,2026-07-07T00:00:00Z,USA,Belgium,elimination,mybookieag,MyBookie.ag,2026-07-06T14:34:05Z,h2h,2026-07-06T14:34:05Z,USA,2.47,
810f80b3ae79f5e86b3747ca15718ed8,2026-07-07T00:00:00Z,USA,Belgium,elimination,mybookieag,MyBookie.ag,2026-07-06T14:34:05Z,h2h,2026-07-06T14:34:05Z,Draw,3.38,
810f80b3ae79f5e86b3747ca15718ed8,2026-07-07T00:00:00Z,USA,Belgium,elimination,mybookieag,MyBookie.ag,2026-07-06T14:34:05Z,spreads,2026-07-06T14:34:05Z,Belgium,1.56,0.5
810f80b3ae79f5e86b3747ca15718ed8,2026-07-07T00:00:00Z,USA,Belgium,elimination,mybookieag,MyBookie.ag,2026-07-06T14:34:05Z,spreads,2026-07-06T14:34:05Z,USA,2.45,-0.5
810f80b3ae79f5e86b3747ca15718ed8,2026-07-07T00:00:00Z,USA,Belgium,elimination,mybookieag,MyBookie.ag,2026-07-06T14:34:05Z,totals,2026-07-06T14:34:05Z,Over,2.03,3.0
810f80b3ae79f5e86b3747ca15718ed8,2026-07-07T00:00:00Z,USA,Belgium,elimination,mybookieag,MyBookie.ag,2026-07-06T14:34:05Z,totals,2026-07-06T14:34:05Z,Under,1.79,3.0
810f80b3ae79f5e86b3747ca15718ed8,2026-07-07T00:00:00Z,USA,Belgium,elimination,marathonbet,Marathon Bet,2026-07-06T14:34:41Z,h2h,2026-07-06T14:34:41Z,Belgium,2.86,
810f80b3ae79f5e86b3747ca15718ed8,2026-07-07T00:00:00Z,USA,Belgium,elimination,marathonbet,Marathon Bet,2026-07-06T14:34:41Z,h2h,2026-07-06T14:34:41Z,USA,2.48,
810f80b3ae79f5e86b3747ca15718ed8,2026-07-07T00:00:00Z,USA,Belgium,elimination,marathonbet,Marathon Bet,2026-07-06T14:34:41Z,h2h,2026-07-06T14:34:41Z,Draw,3.4,
810f80b3ae79f5e86b3747ca15718ed8,2026-07-07T00:00:00Z,USA,Belgium,elimination,gtbets,GTbets,2026-07-06T14:35:16Z,h2h,2026-07-06T14:35:16Z,Belgium,2.83,
810f80b3ae79f5e86b3747ca15718ed8,2026-07-07T00:00:00Z,USA,Belgium,elimination,gtbets,GTbets,2026-07-06T14:35:16Z,h2h,2026-07-06T14:35:16Z,USA,2.48,
810f80b3ae79f5e86b3747ca15718ed8,2026-07-07T00:00:00Z,USA,Belgium,elimination,gtbets,GTbets,2026-07-06T14:35:16Z,h2h,2026-07-06T14:35:16Z,Draw,3.39,
810f80b3ae79f5e86b3747ca15718ed8,2026-07-07T00:00:00Z,USA,Belgium,elimination,gtbets,GTbets,2026-07-06T14:35:16Z,spreads,2026-07-06T14:35:16Z,Belgium,1.56,0.5
810f80b3ae79f5e86b3747ca15718ed8,2026-07-07T00:00:00Z,USA,Belgium,elimination,gtbets,GTbets,2026-07-06T14:35:16Z,spreads,2026-07-06T14:35:16Z,USA,2.44,-0.5
810f80b3ae79f5e86b3747ca15718ed8,2026-07-07T00:00:00Z,USA,Belgium,elimination,gtbets,GTbets,2026-07-06T14:35:16Z,totals,2026-07-06T14:35:16Z,Over,1.7,2.5
810f80b3ae79f5e86b3747ca15718ed8,2026-07-07T00:00:00Z,USA,Belgium,elimination,gtbets,GTbets,2026-07-06T14:35:16Z,totals,2026-07-06T14:35:16Z,Under,2.22,2.5
810f80b3ae79f5e86b3747ca15718ed8,2026-07-07T00:00:00Z,USA,Belgium,elimination,betfair_ex_eu,Betfair,2026-07-06T14:35:27Z,h2h,2026-07-06T14:35:27Z,Belgium,2.98,
810f80b3ae79f5e86b3747ca15718ed8,2026-07-07T00:00:00Z,USA,Belgium,elimination,betfair_ex_eu,Betfair,2026-07-06T14:35:27Z,h2h,2026-07-06T14:35:27Z,USA,2.58,
810f80b3ae79f5e86b3747ca15718ed8,2026-07-07T00:00:00Z,USA,Belgium,elimination,betfair_ex_eu,Betfair,2026-07-06T14:35:27Z,h2h,2026-07-06T14:35:27Z,Draw,3.55,
810f80b3ae79f5e86b3747ca15718ed8,2026-07-07T00:00:00Z,USA,Belgium,elimination,matchbook,Matchbook,2026-07-06T14:35:28Z,h2h,2026-07-06T14:35:28Z,Belgium,3.0,
810f80b3ae79f5e86b3747ca15718ed8,2026-07-07T00:00:00Z,USA,Belgium,elimination,matchbook,Matchbook,2026-07-06T14:35:28Z,h2h,2026-07-06T14:35:28Z,USA,2.58,
810f80b3ae79f5e86b3747ca15718ed8,2026-07-07T00:00:00Z,USA,Belgium,elimination,matchbook,Matchbook,2026-07-06T14:35:28Z,h2h,2026-07-06T14:35:28Z,Draw,3.55,
810f80b3ae79f5e86b3747ca15718ed8,2026-07-07T00:00:00Z,USA,Belgium,elimination,matchbook,Matchbook,2026-07-06T14:35:28Z,spreads,2026-07-06T14:35:28Z,Belgium,2.14,0.0
810f80b3ae79f5e86b3747ca15718ed8,2026-07-07T00:00:00Z,USA,Belgium,elimination,matchbook,Matchbook,2026-07-06T14:35:28Z,spreads,2026-07-06T14:35:28Z,USA,1.86,0.0
810f80b3ae79f5e86b3747ca15718ed8,2026-07-07T00:00:00Z,USA,Belgium,elimination,pinnacle,Pinnacle,2026-07-06T14:35:15Z,h2h,2026-07-06T14:35:15Z,Belgium,2.92,
810f80b3ae79f5e86b3747ca15718ed8,2026-07-07T00:00:00Z,USA,Belgium,elimination,pinnacle,Pinnacle,2026-07-06T14:35:15Z,h2h,2026-07-06T14:35:15Z,USA,2.54,
810f80b3ae79f5e86b3747ca15718ed8,2026-07-07T00:00:00Z,USA,Belgium,elimination,pinnacle,Pinnacle,2026-07-06T14:35:15Z,h2h,2026-07-06T14:35:15Z,Draw,3.5,
810f80b3ae79f5e86b3747ca15718ed8,2026-07-07T00:00:00Z,USA,Belgium,elimination,pinnacle,Pinnacle,2026-07-06T14:35:15Z,spreads,2026-07-06T14:35:15Z,Belgium,2.11,-0.0
810f80b3ae79f5e86b3747ca15718ed8,2026-07-07T00:00:00Z,USA,Belgium,elimination,pinnacle,Pinnacle,2026-07-06T14:35:15Z,spreads,2026-07-06T14:35:15Z,USA,1.83,0.0
810f80b3ae79f5e86b3747ca15718ed8,2026-07-07T00:00:00Z,USA,Belgium,elimination,pinnacle,Pinnacle,2026-07-06T14:35:15Z,totals,2026-07-06T14:35:15Z,Over,1.84,2.75
810f80b3ae79f5e86b3747ca15718ed8,2026-07-07T00:00:00Z,USA,Belgium,elimination,pinnacle,Pinnacle,2026-07-06T14:35:15Z,totals,2026-07-06T14:35:15Z,Under,2.08,2.75
810f80b3ae79f5e86b3747ca15718ed8,2026-07-07T00:00:00Z,USA,Belgium,elimination,onexbet,1xBet,2026-07-06T14:34:40Z,h2h,2026-07-06T14:34:40Z,Belgium,2.95,
810f80b3ae79f5e86b3747ca15718ed8,2026-07-07T00:00:00Z,USA,Belgium,elimination,onexbet,1xBet,2026-07-06T14:34:40Z,h2h,2026-07-06T14:34:40Z,USA,2.56,
810f80b3ae79f5e86b3747ca15718ed8,2026-07-07T00:00:00Z,USA,Belgium,elimination,onexbet,1xBet,2026-07-06T14:34:40Z,h2h,2026-07-06T14:34:40Z,Draw,3.5,
810f80b3ae79f5e86b3747ca15718ed8,2026-07-07T00:00:00Z,USA,Belgium,elimination,onexbet,1xBet,2026-07-06T14:34:40Z,spreads,2026-07-06T14:34:40Z,Belgium,2.07,0.0
810f80b3ae79f5e86b3747ca15718ed8,2026-07-07T00:00:00Z,USA,Belgium,elimination,onexbet,1xBet,2026-07-06T14:34:40Z,spreads,2026-07-06T14:34:40Z,USA,1.81,0.0
810f80b3ae79f5e86b3747ca15718ed8,2026-07-07T00:00:00Z,USA,Belgium,elimination,onexbet,1xBet,2026-07-06T14:34:40Z,totals,2026-07-06T14:34:40Z,Over,1.68,2.5
810f80b3ae79f5e86b3747ca15718ed8,2026-07-07T00:00:00Z,USA,Belgium,elimination,onexbet,1xBet,2026-07-06T14:34:40Z,totals,2026-07-06T14:34:40Z,Under,2.27,2.5
810f80b3ae79f5e86b3747ca15718ed8,2026-07-07T00:00:00Z,USA,Belgium,elimination,winamax_fr,Winamax (FR),2026-07-06T14:35:06Z,h2h,2026-07-06T14:35:06Z,Belgium,2.7,
810f80b3ae79f5e86b3747ca15718ed8,2026-07-07T00:00:00Z,USA,Belgium,elimination,winamax_fr,Winamax (FR),2026-07-06T14:35:06Z,h2h,2026-07-06T14:35:06Z,USA,2.45,
810f80b3ae79f5e86b3747ca15718ed8,2026-07-07T00:00:00Z,USA,Belgium,elimination,winamax_fr,Winamax (FR),2026-07-06T14:35:06Z,h2h,2026-07-06T14:35:06Z,Draw,3.55,
810f80b3ae79f5e86b3747ca15718ed8,2026-07-07T00:00:00Z,USA,Belgium,elimination,winamax_de,Winamax (DE),2026-07-06T14:35:31Z,h2h,2026-07-06T14:35:31Z,Belgium,2.75,
810f80b3ae79f5e86b3747ca15718ed8,2026-07-07T00:00:00Z,USA,Belgium,elimination,winamax_de,Winamax (DE),2026-07-06T14:35:31Z,h2h,2026-07-06T14:35:31Z,USA,2.45,
810f80b3ae79f5e86b3747ca15718ed8,2026-07-07T00:00:00Z,USA,Belgium,elimination,winamax_de,Winamax (DE),2026-07-06T14:35:31Z,h2h,2026-07-06T14:35:31Z,Draw,3.6,
810f80b3ae79f5e86b3747ca15718ed8,2026-07-07T00:00:00Z,USA,Belgium,elimination,betonlineag,BetOnline.ag,2026-07-06T14:34:41Z,h2h,2026-07-06T14:34:41Z,Belgium,2.9,
810f80b3ae79f5e86b3747ca15718ed8,2026-07-07T00:00:00Z,USA,Belgium,elimination,betonlineag,BetOnline.ag,2026-07-06T14:34:41Z,h2h,2026-07-06T14:34:41Z,USA,2.51,
810f80b3ae79f5e86b3747ca15718ed8,2026-07-07T00:00:00Z,USA,Belgium,elimination,betonlineag,BetOnline.ag,2026-07-06T14:34:41Z,h2h,2026-07-06T14:34:41Z,Draw,3.48,
810f80b3ae79f5e86b3747ca15718ed8,2026-07-07T00:00:00Z,USA,Belgium,elimination,betonlineag,BetOnline.ag,2026-07-06T14:34:41Z,spreads,2026-07-06T14:34:41Z,Belgium,2.08,0.0
810f80b3ae79f5e86b3747ca15718ed8,2026-07-07T00:00:00Z,USA,Belgium,elimination,betonlineag,BetOnline.ag,2026-07-06T14:34:41Z,spreads,2026-07-06T14:34:41Z,USA,1.81,0.0
810f80b3ae79f5e86b3747ca15718ed8,2026-07-07T00:00:00Z,USA,Belgium,elimination,betonlineag,BetOnline.ag,2026-07-06T14:34:41Z,totals,2026-07-06T14:34:41Z,Over,1.66,2.5
810f80b3ae79f5e86b3747ca15718ed8,2026-07-07T00:00:00Z,USA,Belgium,elimination,betonlineag,BetOnline.ag,2026-07-06T14:34:41Z,totals,2026-07-06T14:34:41Z,Under,2.34,2.5
810f80b3ae79f5e86b3747ca15718ed8,2026-07-07T00:00:00Z,USA,Belgium,elimination,nordicbet,Nordic Bet,2026-07-06T14:35:04Z,h2h,2026-07-06T14:35:04Z,Belgium,2.92,
810f80b3ae79f5e86b3747ca15718ed8,2026-07-07T00:00:00Z,USA,Belgium,elimination,nordicbet,Nordic Bet,2026-07-06T14:35:04Z,h2h,2026-07-06T14:35:04Z,USA,2.5,
810f80b3ae79f5e86b3747ca15718ed8,2026-07-07T00:00:00Z,USA,Belgium,elimination,nordicbet,Nordic Bet,2026-07-06T14:35:04Z,h2h,2026-07-06T14:35:04Z,Draw,3.45,
810f80b3ae79f5e86b3747ca15718ed8,2026-07-07T00:00:00Z,USA,Belgium,elimination,nordicbet,Nordic Bet,2026-07-06T14:35:04Z,totals,2026-07-06T14:35:04Z,Over,1.68,2.5
810f80b3ae79f5e86b3747ca15718ed8,2026-07-07T00:00:00Z,USA,Belgium,elimination,nordicbet,Nordic Bet,2026-07-06T14:35:04Z,totals,2026-07-06T14:35:04Z,Under,2.25,2.5
810f80b3ae79f5e86b3747ca15718ed8,2026-07-07T00:00:00Z,USA,Belgium,elimination,betsson,Betsson,2026-07-06T14:34:41Z,h2h,2026-07-06T14:34:41Z,Belgium,2.92,
810f80b3ae79f5e86b3747ca15718ed8,2026-07-07T00:00:00Z,USA,Belgium,elimination,betsson,Betsson,2026-07-06T14:34:41Z,h2h,2026-07-06T14:34:41Z,USA,2.5,
810f80b3ae79f5e86b3747ca15718ed8,2026-07-07T00:00:00Z,USA,Belgium,elimination,betsson,Betsson,2026-07-06T14:34:41Z,h2h,2026-07-06T14:34:41Z,Draw,3.45,
810f80b3ae79f5e86b3747ca15718ed8,2026-07-07T00:00:00Z,USA,Belgium,elimination,betsson,Betsson,2026-07-06T14:34:41Z,totals,2026-07-06T14:34:41Z,Over,1.68,2.5
810f80b3ae79f5e86b3747ca15718ed8,2026-07-07T00:00:00Z,USA,Belgium,elimination,betsson,Betsson,2026-07-06T14:34:41Z,totals,2026-07-06T14:34:41Z,Under,2.25,2.5
810f80b3ae79f5e86b3747ca15718ed8,2026-07-07T00:00:00Z,USA,Belgium,elimination,sport888,888sport,2026-07-06T14:34:40Z,h2h,2026-07-06T14:34:40Z,Belgium,2.75,
810f80b3ae79f5e86b3747ca15718ed8,2026-07-07T00:00:00Z,USA,Belgium,elimination,sport888,888sport,2026-07-06T14:34:40Z,h2h,2026-07-06T14:34:40Z,USA,2.4,
810f80b3ae79f5e86b3747ca15718ed8,2026-07-07T00:00:00Z,USA,Belgium,elimination,sport888,888sport,2026-07-06T14:34:40Z,h2h,2026-07-06T14:34:40Z,Draw,3.2,
810f80b3ae79f5e86b3747ca15718ed8,2026-07-07T00:00:00Z,USA,Belgium,elimination,williamhill,William Hill,2026-07-06T14:35:17Z,h2h,2026-07-06T14:35:17Z,Belgium,2.8,
810f80b3ae79f5e86b3747ca15718ed8,2026-07-07T00:00:00Z,USA,Belgium,elimination,williamhill,William Hill,2026-07-06T14:35:17Z,h2h,2026-07-06T14:35:17Z,USA,2.45,
810f80b3ae79f5e86b3747ca15718ed8,2026-07-07T00:00:00Z,USA,Belgium,elimination,williamhill,William Hill,2026-07-06T14:35:17Z,h2h,2026-07-06T14:35:17Z,Draw,3.25,
810f80b3ae79f5e86b3747ca15718ed8,2026-07-07T00:00:00Z,USA,Belgium,elimination,williamhill,William Hill,2026-07-06T14:35:17Z,totals,2026-07-06T14:35:17Z,Over,1.7,2.5
810f80b3ae79f5e86b3747ca15718ed8,2026-07-07T00:00:00Z,USA,Belgium,elimination,williamhill,William Hill,2026-07-06T14:35:17Z,totals,2026-07-06T14:35:17Z,Under,2.05,2.5
810f80b3ae79f5e86b3747ca15718ed8,2026-07-07T00:00:00Z,USA,Belgium,elimination,everygame,Everygame,2026-07-06T14:34:29Z,h2h,2026-07-06T14:34:29Z,Belgium,2.85,
810f80b3ae79f5e86b3747ca15718ed8,2026-07-07T00:00:00Z,USA,Belgium,elimination,everygame,Everygame,2026-07-06T14:34:29Z,h2h,2026-07-06T14:34:29Z,USA,2.45,
810f80b3ae79f5e86b3747ca15718ed8,2026-07-07T00:00:00Z,USA,Belgium,elimination,everygame,Everygame,2026-07-06T14:34:29Z,h2h,2026-07-06T14:34:29Z,Draw,3.4,
810f80b3ae79f5e86b3747ca15718ed8,2026-07-07T00:00:00Z,USA,Belgium,elimination,codere_it,Codere (IT),2026-07-06T14:34:40Z,h2h,2026-07-06T14:34:40Z,Belgium,2.8,
810f80b3ae79f5e86b3747ca15718ed8,2026-07-07T00:00:00Z,USA,Belgium,elimination,codere_it,Codere (IT),2026-07-06T14:34:40Z,h2h,2026-07-06T14:34:40Z,USA,2.49,
810f80b3ae79f5e86b3747ca15718ed8,2026-07-07T00:00:00Z,USA,Belgium,elimination,codere_it,Codere (IT),2026-07-06T14:34:40Z,h2h,2026-07-06T14:34:40Z,Draw,3.4,
810f80b3ae79f5e86b3747ca15718ed8,2026-07-07T00:00:00Z,USA,Belgium,elimination,codere_it,Codere (IT),2026-07-06T14:34:40Z,totals,2026-07-06T14:34:40Z,Over,1.6,2.5
810f80b3ae79f5e86b3747ca15718ed8,2026-07-07T00:00:00Z,USA,Belgium,elimination,codere_it,Codere (IT),2026-07-06T14:34:40Z,totals,2026-07-06T14:34:40Z,Under,2.15,2.5
810f80b3ae79f5e86b3747ca15718ed8,2026-07-07T00:00:00Z,USA,Belgium,elimination,coolbet,Coolbet,2026-07-06T14:26:28Z,h2h,2026-07-06T14:26:28Z,Belgium,2.91,
810f80b3ae79f5e86b3747ca15718ed8,2026-07-07T00:00:00Z,USA,Belgium,elimination,coolbet,Coolbet,2026-07-06T14:26:28Z,h2h,2026-07-06T14:26:28Z,USA,2.56,
810f80b3ae79f5e86b3747ca15718ed8,2026-07-07T00:00:00Z,USA,Belgium,elimination,coolbet,Coolbet,2026-07-06T14:26:28Z,h2h,2026-07-06T14:26:28Z,Draw,3.5,
810f80b3ae79f5e86b3747ca15718ed8,2026-07-07T00:00:00Z,USA,Belgium,elimination,coolbet,Coolbet,2026-07-06T14:26:28Z,totals,2026-07-06T14:26:28Z,Over,2.07,3.0
810f80b3ae79f5e86b3747ca15718ed8,2026-07-07T00:00:00Z,USA,Belgium,elimination,coolbet,Coolbet,2026-07-06T14:26:28Z,totals,2026-07-06T14:26:28Z,Under,1.81,3.0
810f80b3ae79f5e86b3747ca15718ed8,2026-07-07T00:00:00Z,USA,Belgium,elimination,betanysports,BetAnything,2026-07-06T14:35:30Z,h2h,2026-07-06T14:35:29Z,Belgium,2.9,
810f80b3ae79f5e86b3747ca15718ed8,2026-07-07T00:00:00Z,USA,Belgium,elimination,betanysports,BetAnything,2026-07-06T14:35:30Z,h2h,2026-07-06T14:35:29Z,USA,2.51,
810f80b3ae79f5e86b3747ca15718ed8,2026-07-07T00:00:00Z,USA,Belgium,elimination,betanysports,BetAnything,2026-07-06T14:35:30Z,h2h,2026-07-06T14:35:29Z,Draw,3.48,
810f80b3ae79f5e86b3747ca15718ed8,2026-07-07T00:00:00Z,USA,Belgium,elimination,betanysports,BetAnything,2026-07-06T14:35:30Z,spreads,2026-07-06T14:35:29Z,Belgium,2.04,0.0
810f80b3ae79f5e86b3747ca15718ed8,2026-07-07T00:00:00Z,USA,Belgium,elimination,betanysports,BetAnything,2026-07-06T14:35:30Z,spreads,2026-07-06T14:35:29Z,USA,1.81,0.0
810f80b3ae79f5e86b3747ca15718ed8,2026-07-07T00:00:00Z,USA,Belgium,elimination,betanysports,BetAnything,2026-07-06T14:35:30Z,totals,2026-07-06T14:35:29Z,Over,2.7,3.5
810f80b3ae79f5e86b3747ca15718ed8,2026-07-07T00:00:00Z,USA,Belgium,elimination,betanysports,BetAnything,2026-07-06T14:35:30Z,totals,2026-07-06T14:35:29Z,Under,1.45,3.5
190922affd0be754bfefd71548dbf90d,2026-07-07T16:00:00Z,Argentina,Egypt,elimination,unibet_nl,Unibet (NL),2026-07-06T14:35:28Z,h2h,2026-07-06T14:35:28Z,Argentina,1.38,
190922affd0be754bfefd71548dbf90d,2026-07-07T16:00:00Z,Argentina,Egypt,elimination,unibet_nl,Unibet (NL),2026-07-06T14:35:28Z,h2h,2026-07-06T14:35:28Z,Egypt,10.5,
190922affd0be754bfefd71548dbf90d,2026-07-07T16:00:00Z,Argentina,Egypt,elimination,unibet_nl,Unibet (NL),2026-07-06T14:35:28Z,h2h,2026-07-06T14:35:28Z,Draw,4.9,
190922affd0be754bfefd71548dbf90d,2026-07-07T16:00:00Z,Argentina,Egypt,elimination,unibet_nl,Unibet (NL),2026-07-06T14:35:28Z,totals,2026-07-06T14:35:28Z,Over,2.0,2.5
190922affd0be754bfefd71548dbf90d,2026-07-07T16:00:00Z,Argentina,Egypt,elimination,unibet_nl,Unibet (NL),2026-07-06T14:35:28Z,totals,2026-07-06T14:35:28Z,Under,1.78,2.5
190922affd0be754bfefd71548dbf90d,2026-07-07T16:00:00Z,Argentina,Egypt,elimination,unibet_se,Unibet (SE),2026-07-06T14:35:05Z,h2h,2026-07-06T14:35:05Z,Argentina,1.38,
190922affd0be754bfefd71548dbf90d,2026-07-07T16:00:00Z,Argentina,Egypt,elimination,unibet_se,Unibet (SE),2026-07-06T14:35:05Z,h2h,2026-07-06T14:35:05Z,Egypt,10.5,
190922affd0be754bfefd71548dbf90d,2026-07-07T16:00:00Z,Argentina,Egypt,elimination,unibet_se,Unibet (SE),2026-07-06T14:35:05Z,h2h,2026-07-06T14:35:05Z,Draw,4.9,
190922affd0be754bfefd71548dbf90d,2026-07-07T16:00:00Z,Argentina,Egypt,elimination,unibet_se,Unibet (SE),2026-07-06T14:35:05Z,totals,2026-07-06T14:35:05Z,Over,2.02,2.5
190922affd0be754bfefd71548dbf90d,2026-07-07T16:00:00Z,Argentina,Egypt,elimination,unibet_se,Unibet (SE),2026-07-06T14:35:05Z,totals,2026-07-06T14:35:05Z,Under,1.81,2.5
190922affd0be754bfefd71548dbf90d,2026-07-07T16:00:00Z,Argentina,Egypt,elimination,tipico_de,Tipico,2026-07-06T14:35:06Z,h2h,2026-07-06T14:35:06Z,Argentina,1.35,
190922affd0be754bfefd71548dbf90d,2026-07-07T16:00:00Z,Argentina,Egypt,elimination,tipico_de,Tipico,2026-07-06T14:35:06Z,h2h,2026-07-06T14:35:06Z,Egypt,9.5,
190922affd0be754bfefd71548dbf90d,2026-07-07T16:00:00Z,Argentina,Egypt,elimination,tipico_de,Tipico,2026-07-06T14:35:06Z,h2h,2026-07-06T14:35:06Z,Draw,4.9,
190922affd0be754bfefd71548dbf90d,2026-07-07T16:00:00Z,Argentina,Egypt,elimination,leovegas_se,LeoVegas (SE),2026-07-06T14:35:28Z,h2h,2026-07-06T14:35:28Z,Argentina,1.36,
190922affd0be754bfefd71548dbf90d,2026-07-07T16:00:00Z,Argentina,Egypt,elimination,leovegas_se,LeoVegas (SE),2026-07-06T14:35:28Z,h2h,2026-07-06T14:35:28Z,Egypt,9.5,
190922affd0be754bfefd71548dbf90d,2026-07-07T16:00:00Z,Argentina,Egypt,elimination,leovegas_se,LeoVegas (SE),2026-07-06T14:35:28Z,h2h,2026-07-06T14:35:28Z,Draw,4.7,
190922affd0be754bfefd71548dbf90d,2026-07-07T16:00:00Z,Argentina,Egypt,elimination,pmu_fr,PMU (FR),2026-07-06T14:35:07Z,h2h,2026-07-06T14:35:07Z,Argentina,1.35,
190922affd0be754bfefd71548dbf90d,2026-07-07T16:00:00Z,Argentina,Egypt,elimination,pmu_fr,PMU (FR),2026-07-06T14:35:07Z,h2h,2026-07-06T14:35:07Z,Egypt,9.0,
190922affd0be754bfefd71548dbf90d,2026-07-07T16:00:00Z,Argentina,Egypt,elimination,pmu_fr,PMU (FR),2026-07-06T14:35:07Z,h2h,2026-07-06T14:35:07Z,Draw,4.6,
190922affd0be754bfefd71548dbf90d,2026-07-07T16:00:00Z,Argentina,Egypt,elimination,pmu_fr,PMU (FR),2026-07-06T14:35:07Z,totals,2026-07-06T14:35:07Z,Over,1.94,2.5
190922affd0be754bfefd71548dbf90d,2026-07-07T16:00:00Z,Argentina,Egypt,elimination,pmu_fr,PMU (FR),2026-07-06T14:35:07Z,totals,2026-07-06T14:35:07Z,Under,1.74,2.5
190922affd0be754bfefd71548dbf90d,2026-07-07T16:00:00Z,Argentina,Egypt,elimination,marathonbet,Marathon Bet,2026-07-06T14:34:41Z,h2h,2026-07-06T14:34:41Z,Argentina,1.38,
190922affd0be754bfefd71548dbf90d,2026-07-07T16:00:00Z,Argentina,Egypt,elimination,marathonbet,Marathon Bet,2026-07-06T14:34:41Z,h2h,2026-07-06T14:34:41Z,Egypt,9.1,
190922affd0be754bfefd71548dbf90d,2026-07-07T16:00:00Z,Argentina,Egypt,elimination,marathonbet,Marathon Bet,2026-07-06T14:34:41Z,h2h,2026-07-06T14:34:41Z,Draw,4.7,
190922affd0be754bfefd71548dbf90d,2026-07-07T16:00:00Z,Argentina,Egypt,elimination,gtbets,GTbets,2026-07-06T14:35:16Z,h2h,2026-07-06T14:35:16Z,Argentina,1.41,
190922affd0be754bfefd71548dbf90d,2026-07-07T16:00:00Z,Argentina,Egypt,elimination,gtbets,GTbets,2026-07-06T14:35:16Z,h2h,2026-07-06T14:35:16Z,Egypt,8.54,
190922affd0be754bfefd71548dbf90d,2026-07-07T16:00:00Z,Argentina,Egypt,elimination,gtbets,GTbets,2026-07-06T14:35:16Z,h2h,2026-07-06T14:35:16Z,Draw,4.69,
190922affd0be754bfefd71548dbf90d,2026-07-07T16:00:00Z,Argentina,Egypt,elimination,gtbets,GTbets,2026-07-06T14:35:16Z,spreads,2026-07-06T14:35:16Z,Argentina,2.19,-1.5
190922affd0be754bfefd71548dbf90d,2026-07-07T16:00:00Z,Argentina,Egypt,elimination,gtbets,GTbets,2026-07-06T14:35:16Z,spreads,2026-07-06T14:35:16Z,Egypt,1.74,1.5
190922affd0be754bfefd71548dbf90d,2026-07-07T16:00:00Z,Argentina,Egypt,elimination,gtbets,GTbets,2026-07-06T14:35:16Z,totals,2026-07-06T14:35:16Z,Over,2.01,2.5
190922affd0be754bfefd71548dbf90d,2026-07-07T16:00:00Z,Argentina,Egypt,elimination,gtbets,GTbets,2026-07-06T14:35:16Z,totals,2026-07-06T14:35:16Z,Under,1.81,2.5
190922affd0be754bfefd71548dbf90d,2026-07-07T16:00:00Z,Argentina,Egypt,elimination,unibet_fr,Unibet (FR),2026-07-06T14:34:28Z,h2h,2026-07-06T14:34:28Z,Argentina,1.34,
190922affd0be754bfefd71548dbf90d,2026-07-07T16:00:00Z,Argentina,Egypt,elimination,unibet_fr,Unibet (FR),2026-07-06T14:34:28Z,h2h,2026-07-06T14:34:28Z,Egypt,10.0,
190922affd0be754bfefd71548dbf90d,2026-07-07T16:00:00Z,Argentina,Egypt,elimination,unibet_fr,Unibet (FR),2026-07-06T14:34:28Z,h2h,2026-07-06T14:34:28Z,Draw,5.0,
190922affd0be754bfefd71548dbf90d,2026-07-07T16:00:00Z,Argentina,Egypt,elimination,mybookieag,MyBookie.ag,2026-07-06T14:34:05Z,h2h,2026-07-06T14:34:05Z,Argentina,1.37,
190922affd0be754bfefd71548dbf90d,2026-07-07T16:00:00Z,Argentina,Egypt,elimination,mybookieag,MyBookie.ag,2026-07-06T14:34:05Z,h2h,2026-07-06T14:34:05Z,Egypt,8.7,
190922affd0be754bfefd71548dbf90d,2026-07-07T16:00:00Z,Argentina,Egypt,elimination,mybookieag,MyBookie.ag,2026-07-06T14:34:05Z,h2h,2026-07-06T14:34:05Z,Draw,4.6,
190922affd0be754bfefd71548dbf90d,2026-07-07T16:00:00Z,Argentina,Egypt,elimination,mybookieag,MyBookie.ag,2026-07-06T14:34:05Z,spreads,2026-07-06T14:34:05Z,Argentina,2.07,-1.5
190922affd0be754bfefd71548dbf90d,2026-07-07T16:00:00Z,Argentina,Egypt,elimination,mybookieag,MyBookie.ag,2026-07-06T14:34:05Z,spreads,2026-07-06T14:34:05Z,Egypt,1.67,1.5
190922affd0be754bfefd71548dbf90d,2026-07-07T16:00:00Z,Argentina,Egypt,elimination,mybookieag,MyBookie.ag,2026-07-06T14:34:05Z,totals,2026-07-06T14:34:05Z,Over,1.95,2.5
190922affd0be754bfefd71548dbf90d,2026-07-07T16:00:00Z,Argentina,Egypt,elimination,mybookieag,MyBookie.ag,2026-07-06T14:34:05Z,totals,2026-07-06T14:34:05Z,Under,1.76,2.5
190922affd0be754bfefd71548dbf90d,2026-07-07T16:00:00Z,Argentina,Egypt,elimination,onexbet,1xBet,2026-07-06T14:34:40Z,h2h,2026-07-06T14:34:40Z,Argentina,1.42,
190922affd0be754bfefd71548dbf90d,2026-07-07T16:00:00Z,Argentina,Egypt,elimination,onexbet,1xBet,2026-07-06T14:34:40Z,h2h,2026-07-06T14:34:40Z,Egypt,9.4,
190922affd0be754bfefd71548dbf90d,2026-07-07T16:00:00Z,Argentina,Egypt,elimination,onexbet,1xBet,2026-07-06T14:34:40Z,h2h,2026-07-06T14:34:40Z,Draw,4.86,
190922affd0be754bfefd71548dbf90d,2026-07-07T16:00:00Z,Argentina,Egypt,elimination,onexbet,1xBet,2026-07-06T14:34:40Z,spreads,2026-07-06T14:34:40Z,Argentina,2.15,-1.5
190922affd0be754bfefd71548dbf90d,2026-07-07T16:00:00Z,Argentina,Egypt,elimination,onexbet,1xBet,2026-07-06T14:34:40Z,spreads,2026-07-06T14:34:40Z,Egypt,1.75,1.5
190922affd0be754bfefd71548dbf90d,2026-07-07T16:00:00Z,Argentina,Egypt,elimination,onexbet,1xBet,2026-07-06T14:34:40Z,totals,2026-07-06T14:34:40Z,Over,2.04,2.5
190922affd0be754bfefd71548dbf90d,2026-07-07T16:00:00Z,Argentina,Egypt,elimination,onexbet,1xBet,2026-07-06T14:34:40Z,totals,2026-07-06T14:34:40Z,Under,1.83,2.5
190922affd0be754bfefd71548dbf90d,2026-07-07T16:00:00Z,Argentina,Egypt,elimination,winamax_de,Winamax (DE),2026-07-06T14:35:31Z,h2h,2026-07-06T14:35:31Z,Argentina,1.37,
190922affd0be754bfefd71548dbf90d,2026-07-07T16:00:00Z,Argentina,Egypt,elimination,winamax_de,Winamax (DE),2026-07-06T14:35:31Z,h2h,2026-07-06T14:35:31Z,Egypt,8.0,
190922affd0be754bfefd71548dbf90d,2026-07-07T16:00:00Z,Argentina,Egypt,elimination,winamax_de,Winamax (DE),2026-07-06T14:35:31Z,h2h,2026-07-06T14:35:31Z,Draw,4.9,
190922affd0be754bfefd71548dbf90d,2026-07-07T16:00:00Z,Argentina,Egypt,elimination,winamax_fr,Winamax (FR),2026-07-06T14:35:06Z,h2h,2026-07-06T14:35:06Z,Argentina,1.36,
190922affd0be754bfefd71548dbf90d,2026-07-07T16:00:00Z,Argentina,Egypt,elimination,winamax_fr,Winamax (FR),2026-07-06T14:35:06Z,h2h,2026-07-06T14:35:06Z,Egypt,8.0,
190922affd0be754bfefd71548dbf90d,2026-07-07T16:00:00Z,Argentina,Egypt,elimination,winamax_fr,Winamax (FR),2026-07-06T14:35:06Z,h2h,2026-07-06T14:35:06Z,Draw,4.8,
190922affd0be754bfefd71548dbf90d,2026-07-07T16:00:00Z,Argentina,Egypt,elimination,pinnacle,Pinnacle,2026-07-06T14:35:15Z,h2h,2026-07-06T14:35:15Z,Argentina,1.37,
190922affd0be754bfefd71548dbf90d,2026-07-07T16:00:00Z,Argentina,Egypt,elimination,pinnacle,Pinnacle,2026-07-06T14:35:15Z,h2h,2026-07-06T14:35:15Z,Egypt,9.69,
190922affd0be754bfefd71548dbf90d,2026-07-07T16:00:00Z,Argentina,Egypt,elimination,pinnacle,Pinnacle,2026-07-06T14:35:15Z,h2h,2026-07-06T14:35:15Z,Draw,4.85,
190922affd0be754bfefd71548dbf90d,2026-07-07T16:00:00Z,Argentina,Egypt,elimination,pinnacle,Pinnacle,2026-07-06T14:35:15Z,spreads,2026-07-06T14:35:15Z,Argentina,1.9,-1.25
190922affd0be754bfefd71548dbf90d,2026-07-07T16:00:00Z,Argentina,Egypt,elimination,pinnacle,Pinnacle,2026-07-06T14:35:15Z,spreads,2026-07-06T14:35:15Z,Egypt,2.0,1.25
190922affd0be754bfefd71548dbf90d,2026-07-07T16:00:00Z,Argentina,Egypt,elimination,pinnacle,Pinnacle,2026-07-06T14:35:15Z,totals,2026-07-06T14:35:15Z,Over,2.07,2.5
190922affd0be754bfefd71548dbf90d,2026-07-07T16:00:00Z,Argentina,Egypt,elimination,pinnacle,Pinnacle,2026-07-06T14:35:15Z,totals,2026-07-06T14:35:15Z,Under,1.83,2.5
190922affd0be754bfefd71548dbf90d,2026-07-07T16:00:00Z,Argentina,Egypt,elimination,matchbook,Matchbook,2026-07-06T14:35:28Z,h2h,2026-07-06T14:35:28Z,Argentina,1.4,
190922affd0be754bfefd71548dbf90d,2026-07-07T16:00:00Z,Argentina,Egypt,elimination,matchbook,Matchbook,2026-07-06T14:35:28Z,h2h,2026-07-06T14:35:28Z,Egypt,11.0,
190922affd0be754bfefd71548dbf90d,2026-07-07T16:00:00Z,Argentina,Egypt,elimination,matchbook,Matchbook,2026-07-06T14:35:28Z,h2h,2026-07-06T14:35:28Z,Draw,4.9,
190922affd0be754bfefd71548dbf90d,2026-07-07T16:00:00Z,Argentina,Egypt,elimination,matchbook,Matchbook,2026-07-06T14:35:28Z,spreads,2026-07-06T14:35:28Z,Argentina,1.95,-1.25
190922affd0be754bfefd71548dbf90d,2026-07-07T16:00:00Z,Argentina,Egypt,elimination,matchbook,Matchbook,2026-07-06T14:35:28Z,spreads,2026-07-06T14:35:28Z,Egypt,2.0,1.25
190922affd0be754bfefd71548dbf90d,2026-07-07T16:00:00Z,Argentina,Egypt,elimination,matchbook,Matchbook,2026-07-06T14:35:28Z,totals,2026-07-06T14:35:28Z,Over,2.1,2.5
190922affd0be754bfefd71548dbf90d,2026-07-07T16:00:00Z,Argentina,Egypt,elimination,matchbook,Matchbook,2026-07-06T14:35:28Z,totals,2026-07-06T14:35:28Z,Under,1.86,2.5
190922affd0be754bfefd71548dbf90d,2026-07-07T16:00:00Z,Argentina,Egypt,elimination,sport888,888sport,2026-07-06T14:34:40Z,h2h,2026-07-06T14:34:40Z,Argentina,1.36,
190922affd0be754bfefd71548dbf90d,2026-07-07T16:00:00Z,Argentina,Egypt,elimination,sport888,888sport,2026-07-06T14:34:40Z,h2h,2026-07-06T14:34:40Z,Egypt,8.0,
190922affd0be754bfefd71548dbf90d,2026-07-07T16:00:00Z,Argentina,Egypt,elimination,sport888,888sport,2026-07-06T14:34:40Z,h2h,2026-07-06T14:34:40Z,Draw,4.33,
190922affd0be754bfefd71548dbf90d,2026-07-07T16:00:00Z,Argentina,Egypt,elimination,williamhill,William Hill,2026-07-06T14:35:17Z,h2h,2026-07-06T14:35:17Z,Argentina,1.36,
190922affd0be754bfefd71548dbf90d,2026-07-07T16:00:00Z,Argentina,Egypt,elimination,williamhill,William Hill,2026-07-06T14:35:17Z,h2h,2026-07-06T14:35:17Z,Egypt,8.5,
190922affd0be754bfefd71548dbf90d,2026-07-07T16:00:00Z,Argentina,Egypt,elimination,williamhill,William Hill,2026-07-06T14:35:17Z,h2h,2026-07-06T14:35:17Z,Draw,4.4,
190922affd0be754bfefd71548dbf90d,2026-07-07T16:00:00Z,Argentina,Egypt,elimination,williamhill,William Hill,2026-07-06T14:35:17Z,totals,2026-07-06T14:35:17Z,Over,1.95,2.5
190922affd0be754bfefd71548dbf90d,2026-07-07T16:00:00Z,Argentina,Egypt,elimination,williamhill,William Hill,2026-07-06T14:35:17Z,totals,2026-07-06T14:35:17Z,Under,1.8,2.5
190922affd0be754bfefd71548dbf90d,2026-07-07T16:00:00Z,Argentina,Egypt,elimination,betfair_ex_eu,Betfair,2026-07-06T14:35:27Z,h2h,2026-07-06T14:35:27Z,Argentina,1.4,
190922affd0be754bfefd71548dbf90d,2026-07-07T16:00:00Z,Argentina,Egypt,elimination,betfair_ex_eu,Betfair,2026-07-06T14:35:27Z,h2h,2026-07-06T14:35:27Z,Egypt,11.0,
190922affd0be754bfefd71548dbf90d,2026-07-07T16:00:00Z,Argentina,Egypt,elimination,betfair_ex_eu,Betfair,2026-07-06T14:35:27Z,h2h,2026-07-06T14:35:27Z,Draw,5.0,
190922affd0be754bfefd71548dbf90d,2026-07-07T16:00:00Z,Argentina,Egypt,elimination,coolbet,Coolbet,2026-07-06T14:26:28Z,h2h,2026-07-06T14:26:28Z,Argentina,1.38,
190922affd0be754bfefd71548dbf90d,2026-07-07T16:00:00Z,Argentina,Egypt,elimination,coolbet,Coolbet,2026-07-06T14:26:28Z,h2h,2026-07-06T14:26:28Z,Egypt,10.5,
190922affd0be754bfefd71548dbf90d,2026-07-07T16:00:00Z,Argentina,Egypt,elimination,coolbet,Coolbet,2026-07-06T14:26:28Z,h2h,2026-07-06T14:26:28Z,Draw,4.9,
190922affd0be754bfefd71548dbf90d,2026-07-07T16:00:00Z,Argentina,Egypt,elimination,coolbet,Coolbet,2026-07-06T14:26:28Z,totals,2026-07-06T14:26:28Z,Over,2.07,2.5
190922affd0be754bfefd71548dbf90d,2026-07-07T16:00:00Z,Argentina,Egypt,elimination,coolbet,Coolbet,2026-07-06T14:26:28Z,totals,2026-07-06T14:26:28Z,Under,1.81,2.5
190922affd0be754bfefd71548dbf90d,2026-07-07T16:00:00Z,Argentina,Egypt,elimination,betonlineag,BetOnline.ag,2026-07-06T14:34:41Z,h2h,2026-07-06T14:34:41Z,Argentina,1.38,
190922affd0be754bfefd71548dbf90d,2026-07-07T16:00:00Z,Argentina,Egypt,elimination,betonlineag,BetOnline.ag,2026-07-06T14:34:41Z,h2h,2026-07-06T14:34:41Z,Egypt,9.5,
190922affd0be754bfefd71548dbf90d,2026-07-07T16:00:00Z,Argentina,Egypt,elimination,betonlineag,BetOnline.ag,2026-07-06T14:34:41Z,h2h,2026-07-06T14:34:41Z,Draw,4.8,
190922affd0be754bfefd71548dbf90d,2026-07-07T16:00:00Z,Argentina,Egypt,elimination,betonlineag,BetOnline.ag,2026-07-06T14:34:41Z,spreads,2026-07-06T14:34:41Z,Argentina,2.23,-1.5
190922affd0be754bfefd71548dbf90d,2026-07-07T16:00:00Z,Argentina,Egypt,elimination,betonlineag,BetOnline.ag,2026-07-06T14:34:41Z,spreads,2026-07-06T14:34:41Z,Egypt,1.71,1.5
190922affd0be754bfefd71548dbf90d,2026-07-07T16:00:00Z,Argentina,Egypt,elimination,betonlineag,BetOnline.ag,2026-07-06T14:34:41Z,totals,2026-07-06T14:34:41Z,Over,1.99,2.5
190922affd0be754bfefd71548dbf90d,2026-07-07T16:00:00Z,Argentina,Egypt,elimination,betonlineag,BetOnline.ag,2026-07-06T14:34:41Z,totals,2026-07-06T14:34:41Z,Under,1.87,2.5
190922affd0be754bfefd71548dbf90d,2026-07-07T16:00:00Z,Argentina,Egypt,elimination,betsson,Betsson,2026-07-06T14:34:41Z,h2h,2026-07-06T14:34:41Z,Argentina,1.39,
190922affd0be754bfefd71548dbf90d,2026-07-07T16:00:00Z,Argentina,Egypt,elimination,betsson,Betsson,2026-07-06T14:34:41Z,h2h,2026-07-06T14:34:41Z,Egypt,10.0,
190922affd0be754bfefd71548dbf90d,2026-07-07T16:00:00Z,Argentina,Egypt,elimination,betsson,Betsson,2026-07-06T14:34:41Z,h2h,2026-07-06T14:34:41Z,Draw,4.75,
190922affd0be754bfefd71548dbf90d,2026-07-07T16:00:00Z,Argentina,Egypt,elimination,betsson,Betsson,2026-07-06T14:34:41Z,totals,2026-07-06T14:34:41Z,Over,2.05,2.5
190922affd0be754bfefd71548dbf90d,2026-07-07T16:00:00Z,Argentina,Egypt,elimination,betsson,Betsson,2026-07-06T14:34:41Z,totals,2026-07-06T14:34:41Z,Under,1.8,2.5
190922affd0be754bfefd71548dbf90d,2026-07-07T16:00:00Z,Argentina,Egypt,elimination,nordicbet,Nordic Bet,2026-07-06T14:35:04Z,h2h,2026-07-06T14:35:04Z,Argentina,1.39,
190922affd0be754bfefd71548dbf90d,2026-07-07T16:00:00Z,Argentina,Egypt,elimination,nordicbet,Nordic Bet,2026-07-06T14:35:04Z,h2h,2026-07-06T14:35:04Z,Egypt,10.0,
190922affd0be754bfefd71548dbf90d,2026-07-07T16:00:00Z,Argentina,Egypt,elimination,nordicbet,Nordic Bet,2026-07-06T14:35:04Z,h2h,2026-07-06T14:35:04Z,Draw,4.75,
190922affd0be754bfefd71548dbf90d,2026-07-07T16:00:00Z,Argentina,Egypt,elimination,nordicbet,Nordic Bet,2026-07-06T14:35:04Z,totals,2026-07-06T14:35:04Z,Over,2.05,2.5
190922affd0be754bfefd71548dbf90d,2026-07-07T16:00:00Z,Argentina,Egypt,elimination,nordicbet,Nordic Bet,2026-07-06T14:35:04Z,totals,2026-07-06T14:35:04Z,Under,1.8,2.5
190922affd0be754bfefd71548dbf90d,2026-07-07T16:00:00Z,Argentina,Egypt,elimination,everygame,Everygame,2026-07-06T14:34:29Z,h2h,2026-07-06T14:34:29Z,Argentina,1.35,
190922affd0be754bfefd71548dbf90d,2026-07-07T16:00:00Z,Argentina,Egypt,elimination,everygame,Everygame,2026-07-06T14:34:29Z,h2h,2026-07-06T14:34:29Z,Egypt,9.5,
190922affd0be754bfefd71548dbf90d,2026-07-07T16:00:00Z,Argentina,Egypt,elimination,everygame,Everygame,2026-07-06T14:34:29Z,h2h,2026-07-06T14:34:29Z,Draw,4.75,
190922affd0be754bfefd71548dbf90d,2026-07-07T16:00:00Z,Argentina,Egypt,elimination,codere_it,Codere (IT),2026-07-06T14:34:40Z,h2h,2026-07-06T14:34:40Z,Argentina,1.38,
190922affd0be754bfefd71548dbf90d,2026-07-07T16:00:00Z,Argentina,Egypt,elimination,codere_it,Codere (IT),2026-07-06T14:34:40Z,h2h,2026-07-06T14:34:40Z,Egypt,8.8,
190922affd0be754bfefd71548dbf90d,2026-07-07T16:00:00Z,Argentina,Egypt,elimination,codere_it,Codere (IT),2026-07-06T14:34:40Z,h2h,2026-07-06T14:34:40Z,Draw,4.7,
190922affd0be754bfefd71548dbf90d,2026-07-07T16:00:00Z,Argentina,Egypt,elimination,codere_it,Codere (IT),2026-07-06T14:34:40Z,totals,2026-07-06T14:34:40Z,Over,1.93,2.5
190922affd0be754bfefd71548dbf90d,2026-07-07T16:00:00Z,Argentina,Egypt,elimination,codere_it,Codere (IT),2026-07-06T14:34:40Z,totals,2026-07-06T14:34:40Z,Under,1.75,2.5
190922affd0be754bfefd71548dbf90d,2026-07-07T16:00:00Z,Argentina,Egypt,elimination,betanysports,BetAnything,2026-07-06T14:35:30Z,h2h,2026-07-06T14:35:29Z,Argentina,1.38,
190922affd0be754bfefd71548dbf90d,2026-07-07T16:00:00Z,Argentina,Egypt,elimination,betanysports,BetAnything,2026-07-06T14:35:30Z,h2h,2026-07-06T14:35:29Z,Egypt,8.75,
190922affd0be754bfefd71548dbf90d,2026-07-07T16:00:00Z,Argentina,Egypt,elimination,betanysports,BetAnything,2026-07-06T14:35:30Z,h2h,2026-07-06T14:35:29Z,Draw,4.8,
190922affd0be754bfefd71548dbf90d,2026-07-07T16:00:00Z,Argentina,Egypt,elimination,betanysports,BetAnything,2026-07-06T14:35:30Z,spreads,2026-07-06T14:35:29Z,Argentina,2.2,-1.5
190922affd0be754bfefd71548dbf90d,2026-07-07T16:00:00Z,Argentina,Egypt,elimination,betanysports,BetAnything,2026-07-06T14:35:30Z,spreads,2026-07-06T14:35:29Z,Egypt,1.71,1.5
190922affd0be754bfefd71548dbf90d,2026-07-07T16:00:00Z,Argentina,Egypt,elimination,betanysports,BetAnything,2026-07-06T14:35:30Z,totals,2026-07-06T14:35:29Z,Over,2.9,3.0
190922affd0be754bfefd71548dbf90d,2026-07-07T16:00:00Z,Argentina,Egypt,elimination,betanysports,BetAnything,2026-07-06T14:35:30Z,totals,2026-07-06T14:35:29Z,Under,1.42,3.0
a6da973c5749ce60adab77d64b3664f4,2026-07-07T20:00:00Z,Switzerland,Colombia,elimination,leovegas_se,LeoVegas (SE),2026-07-06T14:35:28Z,h2h,2026-07-06T14:35:28Z,Colombia,2.3,
a6da973c5749ce60adab77d64b3664f4,2026-07-07T20:00:00Z,Switzerland,Colombia,elimination,leovegas_se,LeoVegas (SE),2026-07-06T14:35:28Z,h2h,2026-07-06T14:35:28Z,Switzerland,3.55,
a6da973c5749ce60adab77d64b3664f4,2026-07-07T20:00:00Z,Switzerland,Colombia,elimination,leovegas_se,LeoVegas (SE),2026-07-06T14:35:28Z,h2h,2026-07-06T14:35:28Z,Draw,3.0,
a6da973c5749ce60adab77d64b3664f4,2026-07-07T20:00:00Z,Switzerland,Colombia,elimination,tipico_de,Tipico,2026-07-06T14:35:06Z,h2h,2026-07-06T14:35:06Z,Colombia,2.25,
a6da973c5749ce60adab77d64b3664f4,2026-07-07T20:00:00Z,Switzerland,Colombia,elimination,tipico_de,Tipico,2026-07-06T14:35:06Z,h2h,2026-07-06T14:35:06Z,Switzerland,3.5,
a6da973c5749ce60adab77d64b3664f4,2026-07-07T20:00:00Z,Switzerland,Colombia,elimination,tipico_de,Tipico,2026-07-06T14:35:06Z,h2h,2026-07-06T14:35:06Z,Draw,3.1,
a6da973c5749ce60adab77d64b3664f4,2026-07-07T20:00:00Z,Switzerland,Colombia,elimination,pmu_fr,PMU (FR),2026-07-06T14:35:07Z,h2h,2026-07-06T14:35:07Z,Colombia,2.25,
a6da973c5749ce60adab77d64b3664f4,2026-07-07T20:00:00Z,Switzerland,Colombia,elimination,pmu_fr,PMU (FR),2026-07-06T14:35:07Z,h2h,2026-07-06T14:35:07Z,Switzerland,3.45,
a6da973c5749ce60adab77d64b3664f4,2026-07-07T20:00:00Z,Switzerland,Colombia,elimination,pmu_fr,PMU (FR),2026-07-06T14:35:07Z,h2h,2026-07-06T14:35:07Z,Draw,2.95,
a6da973c5749ce60adab77d64b3664f4,2026-07-07T20:00:00Z,Switzerland,Colombia,elimination,pmu_fr,PMU (FR),2026-07-06T14:35:07Z,totals,2026-07-06T14:35:07Z,Over,2.33,2.5
a6da973c5749ce60adab77d64b3664f4,2026-07-07T20:00:00Z,Switzerland,Colombia,elimination,pmu_fr,PMU (FR),2026-07-06T14:35:07Z,totals,2026-07-06T14:35:07Z,Under,1.51,2.5
a6da973c5749ce60adab77d64b3664f4,2026-07-07T20:00:00Z,Switzerland,Colombia,elimination,unibet_se,Unibet (SE),2026-07-06T14:35:05Z,h2h,2026-07-06T14:35:05Z,Colombia,2.35,
a6da973c5749ce60adab77d64b3664f4,2026-07-07T20:00:00Z,Switzerland,Colombia,elimination,unibet_se,Unibet (SE),2026-07-06T14:35:05Z,h2h,2026-07-06T14:35:05Z,Switzerland,3.65,
a6da973c5749ce60adab77d64b3664f4,2026-07-07T20:00:00Z,Switzerland,Colombia,elimination,unibet_se,Unibet (SE),2026-07-06T14:35:05Z,h2h,2026-07-06T14:35:05Z,Draw,3.1,
a6da973c5749ce60adab77d64b3664f4,2026-07-07T20:00:00Z,Switzerland,Colombia,elimination,unibet_se,Unibet (SE),2026-07-06T14:35:05Z,totals,2026-07-06T14:35:05Z,Over,2.43,2.5
a6da973c5749ce60adab77d64b3664f4,2026-07-07T20:00:00Z,Switzerland,Colombia,elimination,unibet_se,Unibet (SE),2026-07-06T14:35:05Z,totals,2026-07-06T14:35:05Z,Under,1.57,2.5
a6da973c5749ce60adab77d64b3664f4,2026-07-07T20:00:00Z,Switzerland,Colombia,elimination,unibet_nl,Unibet (NL),2026-07-06T14:35:28Z,h2h,2026-07-06T14:35:28Z,Colombia,2.35,
a6da973c5749ce60adab77d64b3664f4,2026-07-07T20:00:00Z,Switzerland,Colombia,elimination,unibet_nl,Unibet (NL),2026-07-06T14:35:28Z,h2h,2026-07-06T14:35:28Z,Switzerland,3.65,
a6da973c5749ce60adab77d64b3664f4,2026-07-07T20:00:00Z,Switzerland,Colombia,elimination,unibet_nl,Unibet (NL),2026-07-06T14:35:28Z,h2h,2026-07-06T14:35:28Z,Draw,3.1,
a6da973c5749ce60adab77d64b3664f4,2026-07-07T20:00:00Z,Switzerland,Colombia,elimination,unibet_nl,Unibet (NL),2026-07-06T14:35:28Z,totals,2026-07-06T14:35:28Z,Over,2.38,2.5
a6da973c5749ce60adab77d64b3664f4,2026-07-07T20:00:00Z,Switzerland,Colombia,elimination,unibet_nl,Unibet (NL),2026-07-06T14:35:28Z,totals,2026-07-06T14:35:28Z,Under,1.55,2.5
a6da973c5749ce60adab77d64b3664f4,2026-07-07T20:00:00Z,Switzerland,Colombia,elimination,marathonbet,Marathon Bet,2026-07-06T14:34:41Z,h2h,2026-07-06T14:34:41Z,Colombia,2.26,
a6da973c5749ce60adab77d64b3664f4,2026-07-07T20:00:00Z,Switzerland,Colombia,elimination,marathonbet,Marathon Bet,2026-07-06T14:34:41Z,h2h,2026-07-06T14:34:41Z,Switzerland,3.56,
a6da973c5749ce60adab77d64b3664f4,2026-07-07T20:00:00Z,Switzerland,Colombia,elimination,marathonbet,Marathon Bet,2026-07-06T14:34:41Z,h2h,2026-07-06T14:34:41Z,Draw,3.08,
a6da973c5749ce60adab77d64b3664f4,2026-07-07T20:00:00Z,Switzerland,Colombia,elimination,codere_it,Codere (IT),2026-07-06T14:34:40Z,h2h,2026-07-06T14:34:40Z,Colombia,2.31,
a6da973c5749ce60adab77d64b3664f4,2026-07-07T20:00:00Z,Switzerland,Colombia,elimination,codere_it,Codere (IT),2026-07-06T14:34:40Z,h2h,2026-07-06T14:34:40Z,Switzerland,3.45,
a6da973c5749ce60adab77d64b3664f4,2026-07-07T20:00:00Z,Switzerland,Colombia,elimination,codere_it,Codere (IT),2026-07-06T14:34:40Z,h2h,2026-07-06T14:34:40Z,Draw,3.1,
a6da973c5749ce60adab77d64b3664f4,2026-07-07T20:00:00Z,Switzerland,Colombia,elimination,codere_it,Codere (IT),2026-07-06T14:34:40Z,totals,2026-07-06T14:34:40Z,Over,2.25,2.5
a6da973c5749ce60adab77d64b3664f4,2026-07-07T20:00:00Z,Switzerland,Colombia,elimination,codere_it,Codere (IT),2026-07-06T14:34:40Z,totals,2026-07-06T14:34:40Z,Under,1.55,2.5
a6da973c5749ce60adab77d64b3664f4,2026-07-07T20:00:00Z,Switzerland,Colombia,elimination,unibet_fr,Unibet (FR),2026-07-06T14:34:28Z,h2h,2026-07-06T14:34:28Z,Colombia,2.2,
a6da973c5749ce60adab77d64b3664f4,2026-07-07T20:00:00Z,Switzerland,Colombia,elimination,unibet_fr,Unibet (FR),2026-07-06T14:34:28Z,h2h,2026-07-06T14:34:28Z,Switzerland,3.7,
a6da973c5749ce60adab77d64b3664f4,2026-07-07T20:00:00Z,Switzerland,Colombia,elimination,unibet_fr,Unibet (FR),2026-07-06T14:34:28Z,h2h,2026-07-06T14:34:28Z,Draw,3.1,
a6da973c5749ce60adab77d64b3664f4,2026-07-07T20:00:00Z,Switzerland,Colombia,elimination,mybookieag,MyBookie.ag,2026-07-06T14:34:05Z,h2h,2026-07-06T14:34:05Z,Colombia,2.29,
a6da973c5749ce60adab77d64b3664f4,2026-07-07T20:00:00Z,Switzerland,Colombia,elimination,mybookieag,MyBookie.ag,2026-07-06T14:34:05Z,h2h,2026-07-06T14:34:05Z,Switzerland,3.4,
a6da973c5749ce60adab77d64b3664f4,2026-07-07T20:00:00Z,Switzerland,Colombia,elimination,mybookieag,MyBookie.ag,2026-07-06T14:34:05Z,h2h,2026-07-06T14:34:05Z,Draw,3.06,
a6da973c5749ce60adab77d64b3664f4,2026-07-07T20:00:00Z,Switzerland,Colombia,elimination,mybookieag,MyBookie.ag,2026-07-06T14:34:05Z,spreads,2026-07-06T14:34:05Z,Colombia,2.2,-0.5
a6da973c5749ce60adab77d64b3664f4,2026-07-07T20:00:00Z,Switzerland,Colombia,elimination,mybookieag,MyBookie.ag,2026-07-06T14:34:05Z,spreads,2026-07-06T14:34:05Z,Switzerland,1.6,0.5
a6da973c5749ce60adab77d64b3664f4,2026-07-07T20:00:00Z,Switzerland,Colombia,elimination,mybookieag,MyBookie.ag,2026-07-06T14:34:05Z,totals,2026-07-06T14:34:05Z,Over,1.7,2.0
a6da973c5749ce60adab77d64b3664f4,2026-07-07T20:00:00Z,Switzerland,Colombia,elimination,mybookieag,MyBookie.ag,2026-07-06T14:34:05Z,totals,2026-07-06T14:34:05Z,Under,2.03,2.0
a6da973c5749ce60adab77d64b3664f4,2026-07-07T20:00:00Z,Switzerland,Colombia,elimination,gtbets,GTbets,2026-07-06T14:35:16Z,h2h,2026-07-06T14:35:16Z,Colombia,2.31,
a6da973c5749ce60adab77d64b3664f4,2026-07-07T20:00:00Z,Switzerland,Colombia,elimination,gtbets,GTbets,2026-07-06T14:35:16Z,h2h,2026-07-06T14:35:16Z,Switzerland,3.58,
a6da973c5749ce60adab77d64b3664f4,2026-07-07T20:00:00Z,Switzerland,Colombia,elimination,gtbets,GTbets,2026-07-06T14:35:16Z,h2h,2026-07-06T14:35:16Z,Draw,3.13,
a6da973c5749ce60adab77d64b3664f4,2026-07-07T20:00:00Z,Switzerland,Colombia,elimination,gtbets,GTbets,2026-07-06T14:35:16Z,spreads,2026-07-06T14:35:16Z,Colombia,2.27,-0.5
a6da973c5749ce60adab77d64b3664f4,2026-07-07T20:00:00Z,Switzerland,Colombia,elimination,gtbets,GTbets,2026-07-06T14:35:16Z,spreads,2026-07-06T14:35:16Z,Switzerland,1.64,0.5
a6da973c5749ce60adab77d64b3664f4,2026-07-07T20:00:00Z,Switzerland,Colombia,elimination,gtbets,GTbets,2026-07-06T14:35:16Z,totals,2026-07-06T14:35:16Z,Over,2.37,2.5
a6da973c5749ce60adab77d64b3664f4,2026-07-07T20:00:00Z,Switzerland,Colombia,elimination,gtbets,GTbets,2026-07-06T14:35:16Z,totals,2026-07-06T14:35:16Z,Under,1.62,2.5
a6da973c5749ce60adab77d64b3664f4,2026-07-07T20:00:00Z,Switzerland,Colombia,elimination,winamax_de,Winamax (DE),2026-07-06T14:35:31Z,h2h,2026-07-06T14:35:31Z,Colombia,2.25,
a6da973c5749ce60adab77d64b3664f4,2026-07-07T20:00:00Z,Switzerland,Colombia,elimination,winamax_de,Winamax (DE),2026-07-06T14:35:31Z,h2h,2026-07-06T14:35:31Z,Switzerland,3.35,
a6da973c5749ce60adab77d64b3664f4,2026-07-07T20:00:00Z,Switzerland,Colombia,elimination,winamax_de,Winamax (DE),2026-07-06T14:35:31Z,h2h,2026-07-06T14:35:31Z,Draw,3.15,
a6da973c5749ce60adab77d64b3664f4,2026-07-07T20:00:00Z,Switzerland,Colombia,elimination,winamax_fr,Winamax (FR),2026-07-06T14:35:06Z,h2h,2026-07-06T14:35:06Z,Colombia,2.25,
a6da973c5749ce60adab77d64b3664f4,2026-07-07T20:00:00Z,Switzerland,Colombia,elimination,winamax_fr,Winamax (FR),2026-07-06T14:35:06Z,h2h,2026-07-06T14:35:06Z,Switzerland,3.35,
a6da973c5749ce60adab77d64b3664f4,2026-07-07T20:00:00Z,Switzerland,Colombia,elimination,winamax_fr,Winamax (FR),2026-07-06T14:35:06Z,h2h,2026-07-06T14:35:06Z,Draw,3.1,
a6da973c5749ce60adab77d64b3664f4,2026-07-07T20:00:00Z,Switzerland,Colombia,elimination,onexbet,1xBet,2026-07-06T14:34:40Z,h2h,2026-07-06T14:34:40Z,Colombia,2.34,
a6da973c5749ce60adab77d64b3664f4,2026-07-07T20:00:00Z,Switzerland,Colombia,elimination,onexbet,1xBet,2026-07-06T14:34:40Z,h2h,2026-07-06T14:34:40Z,Switzerland,3.65,
a6da973c5749ce60adab77d64b3664f4,2026-07-07T20:00:00Z,Switzerland,Colombia,elimination,onexbet,1xBet,2026-07-06T14:34:40Z,h2h,2026-07-06T14:34:40Z,Draw,3.17,
a6da973c5749ce60adab77d64b3664f4,2026-07-07T20:00:00Z,Switzerland,Colombia,elimination,onexbet,1xBet,2026-07-06T14:34:40Z,spreads,2026-07-06T14:34:40Z,Colombia,1.58,0.0
a6da973c5749ce60adab77d64b3664f4,2026-07-07T20:00:00Z,Switzerland,Colombia,elimination,onexbet,1xBet,2026-07-06T14:34:40Z,spreads,2026-07-06T14:34:40Z,Switzerland,2.47,0.0
a6da973c5749ce60adab77d64b3664f4,2026-07-07T20:00:00Z,Switzerland,Colombia,elimination,onexbet,1xBet,2026-07-06T14:34:40Z,totals,2026-07-06T14:34:40Z,Over,2.42,2.5
a6da973c5749ce60adab77d64b3664f4,2026-07-07T20:00:00Z,Switzerland,Colombia,elimination,onexbet,1xBet,2026-07-06T14:34:40Z,totals,2026-07-06T14:34:40Z,Under,1.61,2.5
a6da973c5749ce60adab77d64b3664f4,2026-07-07T20:00:00Z,Switzerland,Colombia,elimination,matchbook,Matchbook,2026-07-06T14:35:28Z,h2h,2026-07-06T14:35:28Z,Colombia,2.34,
a6da973c5749ce60adab77d64b3664f4,2026-07-07T20:00:00Z,Switzerland,Colombia,elimination,matchbook,Matchbook,2026-07-06T14:35:28Z,h2h,2026-07-06T14:35:28Z,Switzerland,3.75,
a6da973c5749ce60adab77d64b3664f4,2026-07-07T20:00:00Z,Switzerland,Colombia,elimination,matchbook,Matchbook,2026-07-06T14:35:28Z,h2h,2026-07-06T14:35:28Z,Draw,3.15,
a6da973c5749ce60adab77d64b3664f4,2026-07-07T20:00:00Z,Switzerland,Colombia,elimination,matchbook,Matchbook,2026-07-06T14:35:28Z,spreads,2026-07-06T14:35:28Z,Colombia,1.99,-0.25
a6da973c5749ce60adab77d64b3664f4,2026-07-07T20:00:00Z,Switzerland,Colombia,elimination,matchbook,Matchbook,2026-07-06T14:35:28Z,spreads,2026-07-06T14:35:28Z,Switzerland,1.99,0.25
a6da973c5749ce60adab77d64b3664f4,2026-07-07T20:00:00Z,Switzerland,Colombia,elimination,matchbook,Matchbook,2026-07-06T14:35:28Z,totals,2026-07-06T14:35:28Z,Over,2.48,2.5
a6da973c5749ce60adab77d64b3664f4,2026-07-07T20:00:00Z,Switzerland,Colombia,elimination,matchbook,Matchbook,2026-07-06T14:35:28Z,totals,2026-07-06T14:35:28Z,Under,1.65,2.5
a6da973c5749ce60adab77d64b3664f4,2026-07-07T20:00:00Z,Switzerland,Colombia,elimination,pinnacle,Pinnacle,2026-07-06T14:35:15Z,h2h,2026-07-06T14:35:15Z,Colombia,2.29,
a6da973c5749ce60adab77d64b3664f4,2026-07-07T20:00:00Z,Switzerland,Colombia,elimination,pinnacle,Pinnacle,2026-07-06T14:35:15Z,h2h,2026-07-06T14:35:15Z,Switzerland,3.65,
a6da973c5749ce60adab77d64b3664f4,2026-07-07T20:00:00Z,Switzerland,Colombia,elimination,pinnacle,Pinnacle,2026-07-06T14:35:15Z,h2h,2026-07-06T14:35:15Z,Draw,3.11,
a6da973c5749ce60adab77d64b3664f4,2026-07-07T20:00:00Z,Switzerland,Colombia,elimination,pinnacle,Pinnacle,2026-07-06T14:35:15Z,spreads,2026-07-06T14:35:15Z,Colombia,1.94,-0.25
a6da973c5749ce60adab77d64b3664f4,2026-07-07T20:00:00Z,Switzerland,Colombia,elimination,pinnacle,Pinnacle,2026-07-06T14:35:15Z,spreads,2026-07-06T14:35:15Z,Switzerland,1.96,0.25
a6da973c5749ce60adab77d64b3664f4,2026-07-07T20:00:00Z,Switzerland,Colombia,elimination,pinnacle,Pinnacle,2026-07-06T14:35:15Z,totals,2026-07-06T14:35:15Z,Over,2.13,2.25
a6da973c5749ce60adab77d64b3664f4,2026-07-07T20:00:00Z,Switzerland,Colombia,elimination,pinnacle,Pinnacle,2026-07-06T14:35:15Z,totals,2026-07-06T14:35:15Z,Under,1.79,2.25
a6da973c5749ce60adab77d64b3664f4,2026-07-07T20:00:00Z,Switzerland,Colombia,elimination,coolbet,Coolbet,2026-07-06T14:26:28Z,h2h,2026-07-06T14:26:28Z,Colombia,2.33,
a6da973c5749ce60adab77d64b3664f4,2026-07-07T20:00:00Z,Switzerland,Colombia,elimination,coolbet,Coolbet,2026-07-06T14:26:28Z,h2h,2026-07-06T14:26:28Z,Switzerland,3.65,
a6da973c5749ce60adab77d64b3664f4,2026-07-07T20:00:00Z,Switzerland,Colombia,elimination,coolbet,Coolbet,2026-07-06T14:26:28Z,h2h,2026-07-06T14:26:28Z,Draw,3.12,
a6da973c5749ce60adab77d64b3664f4,2026-07-07T20:00:00Z,Switzerland,Colombia,elimination,coolbet,Coolbet,2026-07-06T14:26:28Z,totals,2026-07-06T14:26:28Z,Over,1.77,2.0
a6da973c5749ce60adab77d64b3664f4,2026-07-07T20:00:00Z,Switzerland,Colombia,elimination,coolbet,Coolbet,2026-07-06T14:26:28Z,totals,2026-07-06T14:26:28Z,Under,2.12,2.0
a6da973c5749ce60adab77d64b3664f4,2026-07-07T20:00:00Z,Switzerland,Colombia,elimination,betonlineag,BetOnline.ag,2026-07-06T14:34:41Z,h2h,2026-07-06T14:34:41Z,Colombia,2.3,
a6da973c5749ce60adab77d64b3664f4,2026-07-07T20:00:00Z,Switzerland,Colombia,elimination,betonlineag,BetOnline.ag,2026-07-06T14:34:41Z,h2h,2026-07-06T14:34:41Z,Switzerland,3.58,
a6da973c5749ce60adab77d64b3664f4,2026-07-07T20:00:00Z,Switzerland,Colombia,elimination,betonlineag,BetOnline.ag,2026-07-06T14:34:41Z,h2h,2026-07-06T14:34:41Z,Draw,3.12,
a6da973c5749ce60adab77d64b3664f4,2026-07-07T20:00:00Z,Switzerland,Colombia,elimination,betonlineag,BetOnline.ag,2026-07-06T14:34:41Z,spreads,2026-07-06T14:34:41Z,Colombia,2.3,-0.5
a6da973c5749ce60adab77d64b3664f4,2026-07-07T20:00:00Z,Switzerland,Colombia,elimination,betonlineag,BetOnline.ag,2026-07-06T14:34:41Z,spreads,2026-07-06T14:34:41Z,Switzerland,1.68,0.5
a6da973c5749ce60adab77d64b3664f4,2026-07-07T20:00:00Z,Switzerland,Colombia,elimination,betonlineag,BetOnline.ag,2026-07-06T14:34:41Z,totals,2026-07-06T14:34:41Z,Over,1.78,2.0
a6da973c5749ce60adab77d64b3664f4,2026-07-07T20:00:00Z,Switzerland,Colombia,elimination,betonlineag,BetOnline.ag,2026-07-06T14:34:41Z,totals,2026-07-06T14:34:41Z,Under,2.12,2.0
a6da973c5749ce60adab77d64b3664f4,2026-07-07T20:00:00Z,Switzerland,Colombia,elimination,nordicbet,Nordic Bet,2026-07-06T14:35:04Z,h2h,2026-07-06T14:35:04Z,Colombia,2.35,
a6da973c5749ce60adab77d64b3664f4,2026-07-07T20:00:00Z,Switzerland,Colombia,elimination,nordicbet,Nordic Bet,2026-07-06T14:35:04Z,h2h,2026-07-06T14:35:04Z,Switzerland,3.5,
a6da973c5749ce60adab77d64b3664f4,2026-07-07T20:00:00Z,Switzerland,Colombia,elimination,nordicbet,Nordic Bet,2026-07-06T14:35:04Z,h2h,2026-07-06T14:35:04Z,Draw,3.15,
a6da973c5749ce60adab77d64b3664f4,2026-07-07T20:00:00Z,Switzerland,Colombia,elimination,nordicbet,Nordic Bet,2026-07-06T14:35:04Z,totals,2026-07-06T14:35:04Z,Over,2.4,2.5
a6da973c5749ce60adab77d64b3664f4,2026-07-07T20:00:00Z,Switzerland,Colombia,elimination,nordicbet,Nordic Bet,2026-07-06T14:35:04Z,totals,2026-07-06T14:35:04Z,Under,1.6,2.5
a6da973c5749ce60adab77d64b3664f4,2026-07-07T20:00:00Z,Switzerland,Colombia,elimination,betsson,Betsson,2026-07-06T14:34:41Z,h2h,2026-07-06T14:34:41Z,Colombia,2.35,
a6da973c5749ce60adab77d64b3664f4,2026-07-07T20:00:00Z,Switzerland,Colombia,elimination,betsson,Betsson,2026-07-06T14:34:41Z,h2h,2026-07-06T14:34:41Z,Switzerland,3.5,
a6da973c5749ce60adab77d64b3664f4,2026-07-07T20:00:00Z,Switzerland,Colombia,elimination,betsson,Betsson,2026-07-06T14:34:41Z,h2h,2026-07-06T14:34:41Z,Draw,3.15,
a6da973c5749ce60adab77d64b3664f4,2026-07-07T20:00:00Z,Switzerland,Colombia,elimination,betsson,Betsson,2026-07-06T14:34:41Z,totals,2026-07-06T14:34:41Z,Over,2.4,2.5
a6da973c5749ce60adab77d64b3664f4,2026-07-07T20:00:00Z,Switzerland,Colombia,elimination,betsson,Betsson,2026-07-06T14:34:41Z,totals,2026-07-06T14:34:41Z,Under,1.6,2.5
a6da973c5749ce60adab77d64b3664f4,2026-07-07T20:00:00Z,Switzerland,Colombia,elimination,betfair_ex_eu,Betfair,2026-07-06T14:35:27Z,h2h,2026-07-06T14:35:27Z,Colombia,2.36,
a6da973c5749ce60adab77d64b3664f4,2026-07-07T20:00:00Z,Switzerland,Colombia,elimination,betfair_ex_eu,Betfair,2026-07-06T14:35:27Z,h2h,2026-07-06T14:35:27Z,Switzerland,3.75,
a6da973c5749ce60adab77d64b3664f4,2026-07-07T20:00:00Z,Switzerland,Colombia,elimination,betfair_ex_eu,Betfair,2026-07-06T14:35:27Z,h2h,2026-07-06T14:35:27Z,Draw,3.15,
a6da973c5749ce60adab77d64b3664f4,2026-07-07T20:00:00Z,Switzerland,Colombia,elimination,sport888,888sport,2026-07-06T14:34:40Z,h2h,2026-07-06T14:34:40Z,Colombia,2.25,
a6da973c5749ce60adab77d64b3664f4,2026-07-07T20:00:00Z,Switzerland,Colombia,elimination,sport888,888sport,2026-07-06T14:34:40Z,h2h,2026-07-06T14:34:40Z,Switzerland,3.3,
a6da973c5749ce60adab77d64b3664f4,2026-07-07T20:00:00Z,Switzerland,Colombia,elimination,sport888,888sport,2026-07-06T14:34:40Z,h2h,2026-07-06T14:34:40Z,Draw,2.9,
a6da973c5749ce60adab77d64b3664f4,2026-07-07T20:00:00Z,Switzerland,Colombia,elimination,williamhill,William Hill,2026-07-06T14:35:17Z,h2h,2026-07-06T14:35:17Z,Colombia,2.3,
a6da973c5749ce60adab77d64b3664f4,2026-07-07T20:00:00Z,Switzerland,Colombia,elimination,williamhill,William Hill,2026-07-06T14:35:17Z,h2h,2026-07-06T14:35:17Z,Switzerland,3.3,
a6da973c5749ce60adab77d64b3664f4,2026-07-07T20:00:00Z,Switzerland,Colombia,elimination,williamhill,William Hill,2026-07-06T14:35:17Z,h2h,2026-07-06T14:35:17Z,Draw,2.9,
a6da973c5749ce60adab77d64b3664f4,2026-07-07T20:00:00Z,Switzerland,Colombia,elimination,williamhill,William Hill,2026-07-06T14:35:17Z,totals,2026-07-06T14:35:17Z,Over,2.3,2.5
a6da973c5749ce60adab77d64b3664f4,2026-07-07T20:00:00Z,Switzerland,Colombia,elimination,williamhill,William Hill,2026-07-06T14:35:17Z,totals,2026-07-06T14:35:17Z,Under,1.57,2.5
a6da973c5749ce60adab77d64b3664f4,2026-07-07T20:00:00Z,Switzerland,Colombia,elimination,everygame,Everygame,2026-07-06T14:34:29Z,h2h,2026-07-06T14:34:29Z,Colombia,2.25,
a6da973c5749ce60adab77d64b3664f4,2026-07-07T20:00:00Z,Switzerland,Colombia,elimination,everygame,Everygame,2026-07-06T14:34:29Z,h2h,2026-07-06T14:34:29Z,Switzerland,3.5,
a6da973c5749ce60adab77d64b3664f4,2026-07-07T20:00:00Z,Switzerland,Colombia,elimination,everygame,Everygame,2026-07-06T14:34:29Z,h2h,2026-07-06T14:34:29Z,Draw,3.1,
a6da973c5749ce60adab77d64b3664f4,2026-07-07T20:00:00Z,Switzerland,Colombia,elimination,betanysports,BetAnything,2026-07-06T14:35:30Z,h2h,2026-07-06T14:35:29Z,Colombia,2.3,
a6da973c5749ce60adab77d64b3664f4,2026-07-07T20:00:00Z,Switzerland,Colombia,elimination,betanysports,BetAnything,2026-07-06T14:35:30Z,h2h,2026-07-06T14:35:29Z,Switzerland,3.58,
a6da973c5749ce60adab77d64b3664f4,2026-07-07T20:00:00Z,Switzerland,Colombia,elimination,betanysports,BetAnything,2026-07-06T14:35:30Z,h2h,2026-07-06T14:35:29Z,Draw,3.12,
a6da973c5749ce60adab77d64b3664f4,2026-07-07T20:00:00Z,Switzerland,Colombia,elimination,betanysports,BetAnything,2026-07-06T14:35:30Z,spreads,2026-07-06T14:35:29Z,Colombia,2.27,-0.5
a6da973c5749ce60adab77d64b3664f4,2026-07-07T20:00:00Z,Switzerland,Colombia,elimination,betanysports,BetAnything,2026-07-06T14:35:30Z,spreads,2026-07-06T14:35:29Z,Switzerland,1.68,0.5
a6da973c5749ce60adab77d64b3664f4,2026-07-07T20:00:00Z,Switzerland,Colombia,elimination,betanysports,BetAnything,2026-07-06T14:35:30Z,totals,2026-07-06T14:35:29Z,Over,2.45,2.5
a6da973c5749ce60adab77d64b3664f4,2026-07-07T20:00:00Z,Switzerland,Colombia,elimination,betanysports,BetAnything,2026-07-06T14:35:30Z,totals,2026-07-06T14:35:29Z,Under,1.57,2.5
