match,outcome,displayed_probability_pct,occurred
Mexico vs South Africa,home,82.0,1
Mexico vs South Africa,draw,10.0,0
Mexico vs South Africa,away,8.0,0
South Korea vs Czech Republic,home,33.0,1
South Korea vs Czech Republic,draw,47.0,0
South Korea vs Czech Republic,away,20.0,0
Canada vs Bosnia & Herzegovina,home,59.0,0
Canada vs Bosnia & Herzegovina,draw,22.0,1
Canada vs Bosnia & Herzegovina,away,18.0,0
USA vs Paraguay,home,63.0,1
USA vs Paraguay,draw,22.0,0
USA vs Paraguay,away,16.0,0
Qatar vs Switzerland,home,5.0,0
Qatar vs Switzerland,draw,7.0,1
Qatar vs Switzerland,away,88.0,0
Brazil vs Morocco,home,49.0,0
Brazil vs Morocco,draw,30.0,1
Brazil vs Morocco,away,21.0,0
Haiti vs Scotland,home,4.0,0
Haiti vs Scotland,draw,8.0,0
Haiti vs Scotland,away,89.0,1
Australia vs Turkey,home,9.0,1
Australia vs Turkey,draw,21.0,0
Australia vs Turkey,away,70.0,0
Germany vs Curaçao,home,97.0,1
Germany vs Curaçao,draw,2.0,0
Germany vs Curaçao,away,1.0,0
Netherlands vs Japan,home,63.0,0
Netherlands vs Japan,draw,24.0,1
Netherlands vs Japan,away,13.0,0
Ivory Coast vs Ecuador,home,35.0,1
Ivory Coast vs Ecuador,draw,44.0,0
Ivory Coast vs Ecuador,away,21.0,0
Sweden vs Tunisia,home,64.0,1
Sweden vs Tunisia,draw,25.0,0
Sweden vs Tunisia,away,11.0,0
Spain vs Cape Verde,home,97.0,0
Spain vs Cape Verde,draw,2.0,1
Spain vs Cape Verde,away,1.0,0
Belgium vs Egypt,home,75.0,0
Belgium vs Egypt,draw,17.0,1
Belgium vs Egypt,away,7.0,0
Saudi Arabia vs Uruguay,home,7.0,0
Saudi Arabia vs Uruguay,draw,13.0,1
Saudi Arabia vs Uruguay,away,80.0,0
Iran vs New Zealand,home,37.0,0
Iran vs New Zealand,draw,42.0,1
Iran vs New Zealand,away,21.0,0
France vs Senegal,home,91.0,1
France vs Senegal,draw,7.0,0
France vs Senegal,away,2.0,0
Iraq vs Norway,home,2.0,0
Iraq vs Norway,draw,5.0,0
Iraq vs Norway,away,93.0,1
Argentina vs Algeria,home,82.0,1
Argentina vs Algeria,draw,13.0,0
Argentina vs Algeria,away,6.0,0
Austria vs Jordan,home,86.0,1
Austria vs Jordan,draw,11.0,0
Austria vs Jordan,away,3.0,0
Portugal vs DR Congo,home,95.0,0
Portugal vs DR Congo,draw,4.0,1
Portugal vs DR Congo,away,1.0,0
England vs Croatia,home,58.0,1
England vs Croatia,draw,33.0,0
England vs Croatia,away,9.0,0
Ghana vs Panama,home,63.0,1
Ghana vs Panama,draw,31.0,0
Ghana vs Panama,away,6.0,0
Uzbekistan vs Colombia,home,3.0,0
Uzbekistan vs Colombia,draw,7.0,0
Uzbekistan vs Colombia,away,90.0,1
Czech Republic vs South Africa,home,55.0,0
Czech Republic vs South Africa,draw,30.0,1
Czech Republic vs South Africa,away,15.0,0
Switzerland vs Bosnia & Herzegovina,home,70.0,1
Switzerland vs Bosnia & Herzegovina,draw,23.0,0
Switzerland vs Bosnia & Herzegovina,away,7.0,0
Canada vs Qatar,home,73.0,1
Canada vs Qatar,draw,19.0,0
Canada vs Qatar,away,7.0,0
Mexico vs South Korea,home,54.0,1
Mexico vs South Korea,draw,32.0,0
Mexico vs South Korea,away,14.0,0
USA vs Australia,home,70.0,1
USA vs Australia,draw,22.0,0
USA vs Australia,away,9.0,0
Scotland vs Morocco,home,5.0,0
Scotland vs Morocco,draw,18.0,0
Scotland vs Morocco,away,77.0,1
Brazil vs Haiti,home,96.0,1
Brazil vs Haiti,draw,3.0,0
Brazil vs Haiti,away,1.0,0
Turkey vs Paraguay,home,57.0,0
Turkey vs Paraguay,draw,31.0,0
Turkey vs Paraguay,away,11.0,1
Netherlands vs Sweden,home,60.0,1
Netherlands vs Sweden,draw,30.0,0
Netherlands vs Sweden,away,10.0,0
Germany vs Ivory Coast,home,81.0,1
Germany vs Ivory Coast,draw,14.0,0
Germany vs Ivory Coast,away,5.0,0
Ecuador vs Curaçao,home,82.0,0
Ecuador vs Curaçao,draw,14.0,1
Ecuador vs Curaçao,away,4.0,0
Tunisia vs Japan,home,12.0,0
Tunisia vs Japan,draw,23.0,0
Tunisia vs Japan,away,65.0,1
Spain vs Saudi Arabia,home,95.0,1
Spain vs Saudi Arabia,draw,3.0,0
Spain vs Saudi Arabia,away,1.0,0
Belgium vs Iran,home,91.0,0
Belgium vs Iran,draw,7.0,1
Belgium vs Iran,away,2.0,0
Uruguay vs Cape Verde,home,81.0,0
Uruguay vs Cape Verde,draw,14.0,1
Uruguay vs Cape Verde,away,5.0,0
New Zealand vs Egypt,home,10.0,0
New Zealand vs Egypt,draw,20.0,0
New Zealand vs Egypt,away,70.0,1
Argentina vs Austria,home,86.0,1
Argentina vs Austria,draw,11.0,0
Argentina vs Austria,away,3.0,0
France vs Iraq,home,98.0,1
France vs Iraq,draw,2.0,0
France vs Iraq,away,1.0,0
Norway vs Senegal,home,31.0,1
Norway vs Senegal,draw,42.0,0
Norway vs Senegal,away,27.0,0
Jordan vs Algeria,home,4.0,0
Jordan vs Algeria,draw,13.0,0
Jordan vs Algeria,away,82.0,1
Portugal vs Uzbekistan,home,97.0,1
Portugal vs Uzbekistan,draw,2.0,0
Portugal vs Uzbekistan,away,1.0,0
England vs Ghana,home,89.0,0
England vs Ghana,draw,9.0,1
England vs Ghana,away,3.0,0
Panama vs Croatia,home,3.0,0
Panama vs Croatia,draw,8.0,0
Panama vs Croatia,away,89.0,1
Colombia vs DR Congo,home,69.0,1
Colombia vs DR Congo,draw,25.0,0
Colombia vs DR Congo,away,6.0,0
Bosnia & Herzegovina vs Qatar,home,58.0,1
Bosnia & Herzegovina vs Qatar,draw,31.0,0
Bosnia & Herzegovina vs Qatar,away,11.0,0
Switzerland vs Canada,home,42.0,1
Switzerland vs Canada,draw,44.0,0
Switzerland vs Canada,away,14.0,0
Morocco vs Haiti,home,95.0,1
Morocco vs Haiti,draw,4.0,0
Morocco vs Haiti,away,1.0,0
Scotland vs Brazil,home,3.0,0
Scotland vs Brazil,draw,9.0,0
Scotland vs Brazil,away,88.0,1
Czech Republic vs Mexico,home,7.0,0
Czech Republic vs Mexico,draw,33.0,0
Czech Republic vs Mexico,away,60.0,1
South Africa vs South Korea,home,11.0,1
South Africa vs South Korea,draw,27.0,0
South Africa vs South Korea,away,62.0,0
Curaçao vs Ivory Coast,home,3.0,0
Curaçao vs Ivory Coast,draw,8.0,0
Curaçao vs Ivory Coast,away,89.0,1
Ecuador vs Germany,home,3.0,1
Ecuador vs Germany,draw,10.0,0
Ecuador vs Germany,away,87.0,0
Japan vs Sweden,home,36.0,0
Japan vs Sweden,draw,46.0,1
Japan vs Sweden,away,18.0,0
Tunisia vs Netherlands,home,4.0,0
Tunisia vs Netherlands,draw,11.0,0
Tunisia vs Netherlands,away,85.0,1
Paraguay vs Australia,home,42.0,0
Paraguay vs Australia,draw,36.0,1
Paraguay vs Australia,away,22.0,0
Turkey vs USA,home,21.0,1
Turkey vs USA,draw,34.0,0
Turkey vs USA,away,45.0,0
Norway vs France,home,4.0,0
Norway vs France,draw,17.0,0
Norway vs France,away,80.0,1
Senegal vs Iraq,home,91.0,1
Senegal vs Iraq,draw,7.0,0
Senegal vs Iraq,away,2.0,0
Cape Verde vs Saudi Arabia,home,18.0,0
Cape Verde vs Saudi Arabia,draw,55.0,1
Cape Verde vs Saudi Arabia,away,27.0,0
Uruguay vs Spain,home,3.0,0
Uruguay vs Spain,draw,14.0,0
Uruguay vs Spain,away,82.0,1
Egypt vs Iran,home,67.0,0
Egypt vs Iran,draw,28.0,1
Egypt vs Iran,away,6.0,0
New Zealand vs Belgium,home,3.0,0
New Zealand vs Belgium,draw,7.0,0
New Zealand vs Belgium,away,89.0,1
Croatia vs Ghana,home,73.0,1
Croatia vs Ghana,draw,20.0,0
Croatia vs Ghana,away,6.0,0
Panama vs England,home,2.0,0
Panama vs England,draw,4.0,0
Panama vs England,away,94.0,1
Colombia vs Portugal,home,6.0,0
Colombia vs Portugal,draw,20.0,1
Colombia vs Portugal,away,74.0,0
DR Congo vs Uzbekistan,home,66.0,1
DR Congo vs Uzbekistan,draw,28.0,0
DR Congo vs Uzbekistan,away,6.0,0
Algeria vs Austria,home,35.0,0
Algeria vs Austria,draw,43.0,1
Algeria vs Austria,away,22.0,0
Jordan vs Argentina,home,2.0,0
Jordan vs Argentina,draw,3.0,0
Jordan vs Argentina,away,95.0,1
South Africa vs Canada,home,10.0,0
South Africa vs Canada,draw,13.0,0
South Africa vs Canada,away,73.0,1
Brazil vs Japan,home,77.0,1
Brazil vs Japan,draw,12.0,0
Brazil vs Japan,away,11.0,0
Germany vs Paraguay,home,92.0,0
Germany vs Paraguay,draw,4.0,1
Germany vs Paraguay,away,2.0,0
Netherlands vs Morocco,home,39.0,0
Netherlands vs Morocco,draw,30.0,1
Netherlands vs Morocco,away,31.0,0
Ivory Coast vs Norway,home,22.0,0
Ivory Coast vs Norway,draw,19.0,0
Ivory Coast vs Norway,away,59.0,1
France vs Sweden,home,99.0,1
France vs Sweden,draw,1.0,0
France vs Sweden,away,0.0,0
Mexico vs Ecuador,home,0.0,1
Mexico vs Ecuador,draw,0.0,0
Mexico vs Ecuador,away,0.0,0
England vs DR Congo,home,0.0,1
England vs DR Congo,draw,0.0,0
England vs DR Congo,away,0.0,0
Belgium vs Senegal,home,0.0,1
Belgium vs Senegal,draw,0.0,0
Belgium vs Senegal,away,0.0,0
USA vs Bosnia & Herzegovina,home,85.0,1
USA vs Bosnia & Herzegovina,draw,9.0,0
USA vs Bosnia & Herzegovina,away,6.0,0
